-- phpMyAdmin SQL Dump
-- version 5.0.4
-- https://www.phpmyadmin.net/
--
-- Host: 127.0.0.1
-- Generation Time: Apr 12, 2022 at 10:58 AM
-- Server version: 10.4.16-MariaDB
-- PHP Version: 7.4.12

SET SQL_MODE = "NO_AUTO_VALUE_ON_ZERO";
START TRANSACTION;
SET time_zone = "+00:00";


/*!40101 SET @OLD_CHARACTER_SET_CLIENT=@@CHARACTER_SET_CLIENT */;
/*!40101 SET @OLD_CHARACTER_SET_RESULTS=@@CHARACTER_SET_RESULTS */;
/*!40101 SET @OLD_COLLATION_CONNECTION=@@COLLATION_CONNECTION */;
/*!40101 SET NAMES utf8mb4 */;

--
-- Database: `latesthopdb`
--

-- --------------------------------------------------------

--
-- Table structure for table `afghans`
--

CREATE TABLE `afghans` (
  `id` int(10) UNSIGNED NOT NULL,
  `afghan_boys` int(11) DEFAULT NULL,
  `afghan_girls` int(11) DEFAULT NULL,
  `afghan_total` int(11) DEFAULT NULL,
  `disable_boys` int(11) DEFAULT NULL,
  `disable_girls` int(11) DEFAULT NULL,
  `disable_total` int(11) DEFAULT NULL,
  `school_id` int(10) UNSIGNED DEFAULT NULL,
  `enrollment_id` int(10) UNSIGNED DEFAULT NULL,
  `class_id` int(10) UNSIGNED DEFAULT NULL,
  `created_at` timestamp NULL DEFAULT NULL,
  `updated_at` timestamp NULL DEFAULT NULL
) ENGINE=InnoDB DEFAULT CHARSET=utf8mb4 COLLATE=utf8mb4_unicode_ci;

--
-- Dumping data for table `afghans`
--

INSERT INTO `afghans` (`id`, `afghan_boys`, `afghan_girls`, `afghan_total`, `disable_boys`, `disable_girls`, `disable_total`, `school_id`, `enrollment_id`, `class_id`, `created_at`, `updated_at`) VALUES
(2, 56, 5, 6, 23, 67, 65, 29, NULL, NULL, '2022-03-21 01:57:20', '2022-03-22 00:58:37');

-- --------------------------------------------------------

--
-- Table structure for table `assesments`
--

CREATE TABLE `assesments` (
  `id` int(10) UNSIGNED NOT NULL,
  `assesment_title` varchar(255) COLLATE utf8mb4_unicode_ci DEFAULT NULL,
  `assesment_date` datetime DEFAULT NULL,
  `due_date` datetime DEFAULT NULL,
  `organization` varchar(255) COLLATE utf8mb4_unicode_ci DEFAULT NULL,
  `from` varchar(255) COLLATE utf8mb4_unicode_ci DEFAULT NULL,
  `for` varchar(255) COLLATE utf8mb4_unicode_ci DEFAULT NULL,
  `status` varchar(255) COLLATE utf8mb4_unicode_ci NOT NULL DEFAULT '0',
  `created_at` timestamp NULL DEFAULT NULL,
  `updated_at` timestamp NULL DEFAULT NULL
) ENGINE=InnoDB DEFAULT CHARSET=utf8mb4 COLLATE=utf8mb4_unicode_ci;

-- --------------------------------------------------------

--
-- Table structure for table `blood_groups`
--

CREATE TABLE `blood_groups` (
  `id` int(10) UNSIGNED NOT NULL,
  `name` varchar(255) COLLATE utf8mb4_unicode_ci NOT NULL,
  `created_at` timestamp NULL DEFAULT NULL,
  `updated_at` timestamp NULL DEFAULT NULL
) ENGINE=InnoDB DEFAULT CHARSET=utf8mb4 COLLATE=utf8mb4_unicode_ci;

--
-- Dumping data for table `blood_groups`
--

INSERT INTO `blood_groups` (`id`, `name`, `created_at`, `updated_at`) VALUES
(1, 'A-positve', '2022-03-25 01:41:32', '2022-03-25 01:41:32');

-- --------------------------------------------------------

--
-- Table structure for table `class_subjects`
--

CREATE TABLE `class_subjects` (
  `id` bigint(20) UNSIGNED NOT NULL,
  `created_at` timestamp NULL DEFAULT NULL,
  `updated_at` timestamp NULL DEFAULT NULL
) ENGINE=InnoDB DEFAULT CHARSET=utf8mb4 COLLATE=utf8mb4_unicode_ci;

-- --------------------------------------------------------

--
-- Table structure for table `contact_forms`
--

CREATE TABLE `contact_forms` (
  `id` int(10) UNSIGNED NOT NULL,
  `from` varchar(255) COLLATE utf8mb4_unicode_ci DEFAULT NULL,
  `to` varchar(255) COLLATE utf8mb4_unicode_ci DEFAULT NULL,
  `subject` varchar(255) COLLATE utf8mb4_unicode_ci DEFAULT NULL,
  `description` varchar(255) COLLATE utf8mb4_unicode_ci DEFAULT NULL,
  `contact` varchar(255) COLLATE utf8mb4_unicode_ci DEFAULT NULL,
  `image` varchar(255) COLLATE utf8mb4_unicode_ci DEFAULT NULL,
  `created_at` timestamp NULL DEFAULT NULL,
  `updated_at` timestamp NULL DEFAULT NULL
) ENGINE=InnoDB DEFAULT CHARSET=utf8mb4 COLLATE=utf8mb4_unicode_ci;

--
-- Dumping data for table `contact_forms`
--

INSERT INTO `contact_forms` (`id`, `from`, `to`, `subject`, `description`, `contact`, `image`, `created_at`, `updated_at`) VALUES
(3, 'peshaware HQ', 'DMO Kohat', 'this is follow ok', 'cgfg', '2222', 'baby.webp', '2022-03-22 05:15:24', '2022-03-22 05:36:05'),
(4, 'peshaware HQ', 'DMO Kohat', 'this is follow', 'vbvb', '2222', '2020-07-20-05-59-26-20180823_175904-1-1.jpg', '2022-03-22 05:17:13', '2022-03-22 05:26:35');

-- --------------------------------------------------------

--
-- Table structure for table `countries`
--

CREATE TABLE `countries` (
  `id` int(10) UNSIGNED NOT NULL,
  `name` varchar(255) COLLATE utf8mb4_unicode_ci NOT NULL,
  `created_at` timestamp NULL DEFAULT NULL,
  `updated_at` timestamp NULL DEFAULT NULL
) ENGINE=InnoDB DEFAULT CHARSET=utf8mb4 COLLATE=utf8mb4_unicode_ci;

--
-- Dumping data for table `countries`
--

INSERT INTO `countries` (`id`, `name`, `created_at`, `updated_at`) VALUES
(1, 'Pakistan', '2022-03-25 01:39:08', '2022-03-25 01:39:08'),
(2, 'Afghanistan', '2022-03-25 01:39:33', '2022-03-25 01:39:33');

-- --------------------------------------------------------

--
-- Table structure for table `designations`
--

CREATE TABLE `designations` (
  `id` int(10) UNSIGNED NOT NULL,
  `name` varchar(255) COLLATE utf8mb4_unicode_ci NOT NULL,
  `created_at` timestamp NULL DEFAULT NULL,
  `updated_at` timestamp NULL DEFAULT NULL
) ENGINE=InnoDB DEFAULT CHARSET=utf8mb4 COLLATE=utf8mb4_unicode_ci;

-- --------------------------------------------------------

--
-- Table structure for table `districts`
--

CREATE TABLE `districts` (
  `district_name` varchar(23) DEFAULT NULL,
  `id` int(2) NOT NULL,
  `ProvinceCode` int(11) NOT NULL
) ENGINE=InnoDB DEFAULT CHARSET=utf8;

--
-- Dumping data for table `districts`
--

INSERT INTO `districts` (`district_name`, `id`, `ProvinceCode`) VALUES
('ABBOTTABAD', 1, 1),
('BAJAUR', 2, 1),
('BANNU', 3, 1),
('BATTAGRAM', 4, 1),
('BUNER', 5, 1),
('CHARSADDA', 6, 1),
('D.I.KHAN', 7, 1),
('DIR BALA', 8, 1),
('DIR PAYAN', 9, 1),
('HANGU', 10, 1),
('HARIPUR', 11, 1),
('KARAK', 12, 1),
('KHYBER', 13, 1),
('KOHAT', 14, 1),
('KOLAI PALLAS', 15, 1),
('KURRAM', 16, 1),
('LAKKI', 17, 1),
('LOWER CHITRAL', 18, 1),
('LOWER KOHISTAN', 19, 1),
('MALAKAND', 20, 1),
('MANSEHRA', 21, 1),
('MARDAN', 22, 1),
('MOHMAND', 23, 1),
('NORTH WAZIRISTAN', 24, 1),
('NOWSHERA', 25, 1),
('ORAKZAI', 26, 1),
('PESHAWAR', 27, 1),
('SHANGLA', 28, 1),
('SOUTH WAZIRISTAN', 29, 1),
('SUB DIV BETTANI', 30, 1),
('SUB DIV DARRA ADAM KHEL', 31, 1),
('SUB DIV DRAZANDA', 32, 1),
('SUB DIV HASSAN KHEL', 33, 1),
('SUB DIV JANDOLA', 34, 1),
('SUB DIV WAZIR', 35, 1),
('SWABI', 36, 1),
('SWAT', 37, 1),
('TANK', 38, 1),
('TORGHAR', 39, 1),
('UPPER CHITRAL', 40, 1),
('UPPER KOHISTAN', 41, 1);

-- --------------------------------------------------------

--
-- Table structure for table `dmo_models`
--

CREATE TABLE `dmo_models` (
  `id` int(10) UNSIGNED NOT NULL,
  `name` varchar(255) COLLATE utf8mb4_unicode_ci NOT NULL,
  `email` varchar(255) COLLATE utf8mb4_unicode_ci NOT NULL,
  `contact_number` varchar(255) COLLATE utf8mb4_unicode_ci DEFAULT NULL,
  `email_verified_at` timestamp NULL DEFAULT NULL,
  `password` varchar(255) COLLATE utf8mb4_unicode_ci NOT NULL,
  `district_id` tinyint(4) DEFAULT NULL,
  `school_id` tinyint(4) DEFAULT NULL,
  `role_id` tinyint(4) NOT NULL DEFAULT 1,
  `remember_token` varchar(100) COLLATE utf8mb4_unicode_ci DEFAULT NULL,
  `created_at` timestamp NULL DEFAULT NULL,
  `updated_at` timestamp NULL DEFAULT NULL
) ENGINE=InnoDB DEFAULT CHARSET=utf8mb4 COLLATE=utf8mb4_unicode_ci;

-- --------------------------------------------------------

--
-- Table structure for table `enrollments`
--

CREATE TABLE `enrollments` (
  `id` int(10) UNSIGNED NOT NULL,
  `boy` int(11) DEFAULT NULL,
  `girl` int(11) DEFAULT NULL,
  `total` int(11) DEFAULT NULL,
  `school_id` int(10) UNSIGNED DEFAULT NULL,
  `class_id` int(10) UNSIGNED DEFAULT NULL,
  `created_at` timestamp NULL DEFAULT NULL,
  `updated_at` timestamp NULL DEFAULT NULL
) ENGINE=InnoDB DEFAULT CHARSET=utf8mb4 COLLATE=utf8mb4_unicode_ci;

--
-- Dumping data for table `enrollments`
--

INSERT INTO `enrollments` (`id`, `boy`, `girl`, `total`, `school_id`, `class_id`, `created_at`, `updated_at`) VALUES
(1, 30, 10, 40, 3, 1, '2022-04-10 00:43:52', '2022-04-10 00:43:52'),
(2, 12, 30, 42, 3, 2, '2022-04-10 00:43:52', '2022-04-10 00:43:52'),
(3, 52, 8, 60, 3, 3, '2022-04-10 00:43:52', '2022-04-10 00:43:52'),
(4, 30, 20, 50, 3, 4, '2022-04-10 00:43:52', '2022-04-10 00:43:52');

-- --------------------------------------------------------

--
-- Table structure for table `enrollment_summary_metas`
--

CREATE TABLE `enrollment_summary_metas` (
  `id` int(10) UNSIGNED NOT NULL,
  `afghan_boys` int(11) DEFAULT NULL,
  `afghan_girls` int(11) DEFAULT NULL,
  `afghan_total` int(11) DEFAULT NULL,
  `disable_boys` int(11) DEFAULT NULL,
  `disable_girls` int(11) DEFAULT NULL,
  `disable_total` int(11) DEFAULT NULL,
  `total_girls` int(11) NOT NULL,
  `total_boys` int(11) NOT NULL,
  `grand_total` int(11) NOT NULL,
  `school_id` int(10) UNSIGNED DEFAULT NULL,
  `created_at` timestamp NULL DEFAULT NULL,
  `updated_at` timestamp NULL DEFAULT NULL
) ENGINE=InnoDB DEFAULT CHARSET=utf8mb4 COLLATE=utf8mb4_unicode_ci;

--
-- Dumping data for table `enrollment_summary_metas`
--

INSERT INTO `enrollment_summary_metas` (`id`, `afghan_boys`, `afghan_girls`, `afghan_total`, `disable_boys`, `disable_girls`, `disable_total`, `total_girls`, `total_boys`, `grand_total`, `school_id`, `created_at`, `updated_at`) VALUES
(1, 50, 20, 70, 10, 15, 25, 103, 184, 287, 3, '2022-04-10 00:43:52', '2022-04-10 00:44:57');

-- --------------------------------------------------------

--
-- Table structure for table `esef_contactus`
--

CREATE TABLE `esef_contactus` (
  `AutoId` int(11) NOT NULL,
  `SchoolCode` varchar(100) NOT NULL,
  `from_user` varchar(225) DEFAULT NULL,
  `subject` mediumtext DEFAULT NULL,
  `msg` longtext DEFAULT NULL,
  `contact` varchar(50) DEFAULT NULL,
  `role` enum('0','1') NOT NULL,
  `attachment` varchar(225) DEFAULT NULL,
  `created_on` date NOT NULL DEFAULT current_timestamp()
) ENGINE=InnoDB DEFAULT CHARSET=utf8mb4;

--
-- Dumping data for table `esef_contactus`
--

INSERT INTO `esef_contactus` (`AutoId`, `SchoolCode`, `from_user`, `subject`, `msg`, `contact`, `role`, `attachment`, `created_on`) VALUES
(9, '104111', 'Aneela saif', 'Correction of students name and class and new entries of students', 'Respected Sir\r\n\r\nIt is stated that I am Head teacher of GCS Umara kaly.\r\nThere are alot of students names are missing in the software and i have round about  70 students  and in software have only 42 students and head office also merged all the stunds from one class to other.\r\n\r\nRegards', '03038239024', '0', NULL, '2021-10-25'),
(10, '111032', 'GCS Shaheed Abad Bakhshali', 'Students Profile/Enrolled data issue', 'We are unable to record our student leaving data which effects our daily students attendance %. Kindly also find that the enrollment update option is not working properly. We tried to update our enrollment data and lost it to zero after hitting the said button...', '', '0', NULL, '2021-10-25'),
(11, '900045', 'Teacher Taj mahal 800gcs GCS Nar Abdul Karim disst Bannu', 'Student detail are absent in My USER ID3321947384', 'I m Taj mahal and Student record are not found in my profile why?', '03321947384', '1', NULL, '2021-10-26'),
(12, '900045', 'Taj mahal 800 GCS Distt Bannu', 'About record', 'Students record are not found in my profile and also i m alone teacher and software shows two teachers why?', '03321947384', '0', NULL, '2021-10-26'),
(17, '900281', '9', '', '', '', '', NULL, '2021-11-01'),
(24, '110078', 'Saba gul', '', 'Sir 1st class k lye add attendance ka option ni ata kia krny isy add krny k lye', '03151594316', '0', NULL, '2021-11-03'),
(25, '900260', 'Ù¾ØªØ§Ø¤Úº Ø¨Ø§Ù†ÚˆÛ', 'Ø§Ø³Ù„Ø§Ù…ÛŒØ§Øª', '', '', '1', NULL, '2021-11-04'),
(26, '124002', 'Gcs dehrai', 'Non availability of students', 'Respected sir\r\nKindly add attendance of students it is not showing only showing students profile data.', '03402301120', '0', NULL, '2021-11-08'),
(27, '124002', 'Gcs dehrai', 'Non availability of student\'s  data', 'Sir \r\nOur school dashboard is empty and is unable so that we could upload students data.kindly support us', '03402301120', '0', NULL, '2021-11-08'),
(28, '900643', 'sammar baghe', '', '', '', '', NULL, '2021-11-09'),
(29, '101072', 'Kattha Razzar khail', 'Humanities', 'Community School teacher', '03135853681', '', NULL, '2021-11-09'),
(30, '101072', 'Kattha Razzar khail', 'Humanities', 'Community school teacher', '03135853681', '1', NULL, '2021-11-09'),
(31, '120009', 'GCS Kot Allah Dad', 'Leave Application', '!Ø§Ø³Ù„Ø§Ù… Ø¹Ù„ÛŒÚ©Ù…Û”Û”Û”\r\nØ¢Ø¬ Ø³Ú©ÙˆÙ„ Ù…ÛŒÚº Ø¨Ú†ÙˆÚº Ú©ÛŒ ØªØ¹Ø¯Ø§Ø¯ Ú©Ù… ØªÚ¾ÛŒ Ø¬Ø³ Ú©ÛŒÙˆØ¬Û Ù…ÙˆØ³Ù…ÛŒ Ø¨Ø®Ø§Ø± ÛÛ’Û” Ø²ÛŒØ§Ø¯Û ØªØ± Ø¨Ú†ÙˆÚº Ù†Û’ Ú†Ú¾Ù¹ÛŒ Ù…Ø§Ù†Ú¯ÛŒ ØªÚ¾ÛŒ Ø§ÙˆØ± Ú©Ú†Ú¾ Ù†Û’ Ú†Ú¾Ù¹ÛŒ Ù†ÛÛŒÚº Ù…Ø§Ù†Ú¯ÛŒ ØªÚ¾ÛŒÛ”\r\n\r\nGCS Kot Allah Dad\r\nCode : 120009', '03420987667', '1', NULL, '2021-11-09'),
(32, '103151', 'Bibihoor', 'Leave', 'To,\r\n    The  DPO ESEF \r\n   District lower chitral kpk \r\n\r\n\r\nIt is stated that I ,Bibihoor teacher at GCS Pardosh Mori .Recently got admission in M.A at chitral University from 10 November onward till 19 ,I have exam to give so I am unable to come school .I need leave for 6 days .\r\nI have also arrange a teacher on my behalf who would full in my position in my absence for 6 days.\r\nKindly consider my request.\r\nThanking you in anticipation. \r\n\r\n\r\nYour sincerely\r\nSenior teacher\r\nGCS Pardosh Mori \r\nDated. 10/11/2021', '03463321131', '0', NULL, '2021-11-09'),
(33, '120096', 'Arfa irem', '', '', '03486269565', '', NULL, '2021-11-09'),
(34, '900187', 'Samara Bibi GCS kareen Distt Buner', 'Data of student is not present in the software', 'Dear Sir my school data is present in the software from today I have started online attendance of students and teacher dear sir today our local office shared a list in which mine school is also included he says that the data of ur school is not present in the software sir I have a humble request to you that my data is already present in the software please review it again and inform them', '03412424392', '1', NULL, '2021-11-13'),
(35, '115100', '13', '', '', '', '', NULL, '2021-11-14'),
(36, '900072', 'Head Teacher.', 'Non Increase in Salary', 'R/Sir,\r\n\r\nIt is submitted withdue respect that I am a regular teacher of this foundation w.e.f 2013. As per the information that all the employee of ESEF took the increase salary in septermber with arears while i am drawing the old salary still. \r\n\r\nbeing a regular employee of the ESEF it is requested that the salary increased from July 2021 may be granted us with all arears. \r\n\r\n\r\nYOURS OBEDIENT. \r\nASMA BEGUM\r\nGCS TEACHER KACH KOT ASAD KHAN', '', '1', NULL, '2021-11-17'),
(38, '118054', 'Samina Bb Gcs Dalri', 'Changing of uc and Pk', 'Basic profile main mera uc ka option fill ni horaha uc wala box empty ata hy our hamara pk 40 hy jb k user id main 42 our  ye change b ni horaha mery school ki date of stablishment b update ni hoarahi', '03459632893', '0', NULL, '2021-11-19'),
(39, '120081', 'Sahttps://faq.whatsapp.com/general/26000015?lg=en&amp;lc=US&amp;eea=0ad gul', '', '', '', '', NULL, '2021-11-19'),
(40, '900218', 'Farasat Begum', 'Arts', '', '03029536758', '1', NULL, '2021-11-21'),
(41, '103030', 'Mulkhow', 'I', '', '', '1', NULL, '2021-11-22'),
(42, '110138', 'abida noreen', 'attandanc', '', '', '0', NULL, '2021-11-22'),
(43, '110138', 'abida noreen', '', '', '03124096616', '0', NULL, '2021-11-22'),
(44, '900256', 'GCS Kassono Dir Bala', 'GCS kassono students data', 'Dear sir,if there is any deficiency or any other problem please,guide me.\r\nThanks', '03469218485', '1', NULL, '2021-11-23'),
(45, '900209', 'Gcs gogyal kasky cod=122003', 'Carrection UC name', 'Our UC name Sundal\r\nPlease carract', '03022668800', '1', NULL, '2021-11-24'),
(46, '103135', 'GCS BirirNisar', 'Emergency leave', 'Respected sir.\r\n      Most humbly I beg to say that My dear father has passed away today. I can\'t attend school for some days. I want to gave my responsibilities to other teacher namely shagufta bibi for some days.\r\n Please gave me 7 days leave.\r\n        Yours humbly\r\n         Teacher Bibi Faiza\r\n          GCS BIRIRNISAR', '03402312531', '0', NULL, '2021-11-24'),
(47, '115032', 'GCS: SHAHID BABA SWAT', 'Provisions of new teacher', 'Respected sir,\r\n         With great respect it is brought into your consideration that there is dire need of a new teacher in our school,as the number of students is large.we have hired a teacher sharing our own salary with her,for the time being, however it is not possible to continue this way.the issue has already been highlighted to monitors and preceding DPO swat sir Jamshid Khan .\r\nIt is requested to you to kindly provide us a new teacher.the one currently teacher is recommended.\r\n  \r\nDate...29 11 2021', '03439384400', '1', NULL, '2021-11-29'),
(48, '900462', 'Gcs jalo', 'Entry data gcs jalo', 'Gcs jalo', '03443549065', '1', NULL, '2021-11-29'),
(49, '120009', 'GCS Kot Allah Dad', 'Teachers Name Issue', 'AOA...! \r\nDear Sir hum school k 2 teachers hen, abi tk hamari attendance theek lag rhi thi lkn aj jb attendance lagai to teacher attendance mn ak he teacher ka name 2 baar aa rha tha dosry teacher ka nam nhi aa rha tha. Kindly zara is issue ko check kar den.\r\n\r\nRegards :\r\nAamir Numan\r\nAdditional Teacher\r\nGCS Kot Allah Dad-120009\r\nDistrict Tank.', '03420987667', '0', '460081151.jpg', '2021-12-01'),
(51, '900064', 'Basic Profile', 'Basic Profile not updated', 'Tehsil and Union Council not updated. please solve the problem.\r\n\r\nthanks,\r\n\r\nZamrada\r\nGCS Gulzar Akhundan', '', '1', NULL, '2021-12-08'),
(52, '900064', 'Basic Profile', 'Basic Profile not updated', 'Tehsil &amp; Union Council Not updated, please solve the problem.\r\n\r\n\r\nThanks\r\n\r\nZamrada\r\nGCS Gulzar Akhundan', '', '0', NULL, '2021-12-08'),
(53, '110039', 'Head Teacher GCS Sakhool Balali', 'Student', 'How to struck off a student from enrolment of school. If we delete their data will deleted please explain us????', '03219982408', '1', NULL, '2021-12-08'),
(54, '110059', 'GCS belatoheed', 'softwear data', 'GCS belatoheed', '03305893376', '0', NULL, '2021-12-09'),
(55, '110059', 'GCS belatoheed', 'softwear data', 'GCS belatoheed', '03305893376', '0', NULL, '2021-12-09'),
(56, '110059', 'GCS belatoheed', 'softwear data', 'Gcd belatoheed abad', '03305893376', '0', NULL, '2021-12-09'),
(57, '900355', 'New Abadi Latamber', 'GCS New Abadi Latamber', 'GCS New Abadi Latamber', '03445594402', '0', NULL, '2021-12-14'),
(58, '115032', 'GCS: SHAHID BABA SWAT', 'Urgent provision of new teacher', 'Respected sir\'\r\n                    With all due veneration it is put forward in to your notice that students strength in our school is overwhelming and demands a new teacher. To minimize any academic loss,we have been running our school with a privately haired Teacher whom we are paying from our own salaries now from almost five months.we have already sent application and recommendations swat office to provide us a new teacher recommending the already hired one and they have paid us multiple visit to agreed to our demand.\r\nDespite all these visits in our application and even recommendations our requests remainds unanswered .\r\nI request you to kindly take action as soon as possible in provide us a new teacher,so the academic affairs could be run smoothly,we have already forwarded our requests and all due documentation with a recommendation ,to the swat office,thanks.\r\nHeadmistress &amp; staff\r\nCommunity school shaheed baba.\r\n\r\nDated:   15th Dec,2021.', '03439384400', '1', NULL, '2021-12-15'),
(59, '104105', 'GCS Mustafa Abad Umarzai', 'Enrolment problem', 'Es software ma enrolment add nahi hote', '03339239497', '0', '1080265171.jpg', '2021-12-17'),
(60, '110068', 'Nazia miskin', 'Islamiat', 'Head teacher nazia miskin has sent data  to head office', '03422189217', '1', NULL, '2021-12-17'),
(61, '110075', 'Mera amjed ali', '', '', '03239587315', '0', NULL, '2021-12-18'),
(63, '110017', 'Kausar Akhtar', 'Data information about teacher', 'Gcs Sarai Danda kholian is situated near karori which is very far away from Mansehra.it provide quality education to the poor students of locality.', '03489203748', '0', NULL, '2021-12-29'),
(64, '110017', 'Gcs Sarai Dandakholian', 'Data of Sarai Dandakholian', '', '', '0', NULL, '2021-12-29'),
(65, '110017', 'Gcs Sarai Dandakholian', 'Information data of students and teachers', 'Gcs Sarai danda kholian is providing quality education to the poor students of the community.', '03489203748', '0', NULL, '2021-12-30'),
(66, '900010', 'Bannu GCS Boza khel', 'Black day ( shuhdaye army  publick school)', '', '', '1', '2126339644.jpg', '2021-12-31'),
(67, '104110', 'Saira wakeel', 'Arrers Not received', 'Ø¯Ø±Ø®ÙˆØ§Ø³Øª Ø¨Ø±Ø§Ø¦Û’ ØªÙ†Ø®ÙˆØ§Û Ú©ÛŒ Ø¹Ø¯Ù… Ø§Ø¯Ø§Ø¦ÛŒÚ¯ÛŒ \r\nØ§ÛŒÙ„ÛŒÙ…Ù†Ù¹Ø±ÛŒ Ø§ÛŒØ¬ÙˆÚ©ÛŒØ´Ù† ÙØ§ÙˆÙ†ÚˆÛŒØ´Ù† Ø³Û’ Ú¯Ø²Ø§Ø±Ø´ ÛÛ’ Ú©Û Ù…ÛŒÚº 800Ú©ÙˆÚˆ ÙˆØ§Ù„Û’ Ú¯ÙˆØ±Ù†Ù…Ù†Ù¹ Ú©Ù…ÛŒÙˆÙ†Ù¹ÛŒ Ø³Ú©ÙˆÙ„ Ø¬ÛŒ Ø³ÛŒ Ø§ÛŒØ³ ÛÙ¹ Ú©Ù„Û’ Ø´Ú©ÙˆØ± ØªØ­ØµÛŒÙ„ ØªÙ†Ú¯ÛŒ Ø¶Ù„Ø¹ Ú†Ø§Ø±Ø³Ø¯Û Ù…ÛŒÚº 2019Û”11Û”15Ù…ÛŒÚº Ø¨Ú¾Ø±ØªÛŒ ÛÙˆ Ú¯Ø¦ÛŒÛ” 2020Û”06Û”03 Ù…ÛŒÚº Ø§Ø³ Ù¾ÙˆØ³Ù¹ Ø³Û’ Ù…ÛŒÚº Ù†Û’ Ø±ÛŒØ²Ø§Ø¦Ù† Ú©ÛŒØ§Û”Ø§Ø³Â  Ú©Ù…Ù¾Ù„ÛŒÙ†Ù¹ Ú©Û’Ø³Ø§ØªÚ¾ Ù…ÛŒÚº Ù†Û’ Ø§Ù¾ÙˆØ§Ø¦Ù†Ù¹Ù…Ù†Ù¹ Ø¢Ø±ÚˆØ± ØŒØ§ÛŒÚ¯Ø±ÛŒÙ…Ù†Ù¹ Ø§ÙˆØ± Ø±ÛŒØ²Ø§Ø¦Ù† Ù„ÛŒÙ¹Ø± Ø¨Ú¾ÛŒ Ù…Ù†Ø³Ù„Ú© Ú©ÛŒØ§ ÛÛ’Û”Ø¬ÛŒ Ø³ÛŒ Ø§ÛŒØ³ ÚˆÛŒÙ¹Ø§ Ø¨ÛŒØ³ Ù…ÛŒÚº Ø§Ù¾Ù†Ø§ ÚˆÛŒÙ¹Ø§ Ø¨Ú¾ÛŒ ÙÛŒÛŒÚˆ Ú©ÛŒØ§ ÛÛ’ Ø§ÙˆØ± Ø§Ø³Ú©Ø§ Ø³Ú©Ø±ÛŒÙ† Ø´Ø§Ù¹ Ø¨Ú¾ÛŒ Ù…Ù†Ø³Ù„Ú© Ú©ÛŒØ§ ÛÛ’Û”ØªÙ‚Ø±ÛŒØ¨Ø§ Ø¯Ùˆ Ø³Ø§Ù„ Ú¯Ø²Ø±Ù†Û’ Ú©Û’ Ø¨Ø¹Ø¯ Ù…Ø¬Ú¾Û’ Ø§ÛŒÚ© Ø±ÙˆÙ¾ÛŒÛ Ø¨Ú¾ÛŒ Ù†ÛÛŒÚº Ù…Ù„Ø§Û”Ø§Ø³ Ø¨Ø§Ø±Û’ ÛŒÛ Ù…ÛŒØ±Ø§ 8ÙˆØ§Úº Ú©Ù…Ù¾Ù„ÛŒÙ†Ù¹ ÛÛ’ Ù„ÛŒÚ©Ù† Ø¢Ø¬ ØªÚ© Ù…Ø¬Ú¾Û’ Ú©ÙˆØ¦ÛŒ ØªØ³Ù„ÛŒ Ø¨Ø®Ø´ Ø¬ÙˆØ§Ø¨ Ù†ÛÛŒÚº Ù…Ù„Ø§ ÛÛ’Û” Ø§Ø³ Ø³Û’ Ù¾ÛÙ„Û’ Ù…Ø¬Ú¾Û’ ÛŒÛ Ø¬ÙˆØ§Ø¨ Ù…Ù„Ø§ ØªÚ¾Ø§ Ú©Û ÛÙ… Ø±Ù‚Ù… Ø¨ÛØª Ø¬Ù„Ø¯ Ø§Ø¯Ø§ Ú©Ø±ÛŒÚº Ú¯Û’Û” Ø§Ø³ Ø§Ø¯Ø§ Ú©Ø±Ù†Û’ Ù…ÛŒÚºÂ  1Ø³Ø§Ù„Â  Ú¯Ø²Ø± Ú¯Ø¦Û’ Ù„ÛŒÚ©Ù† Ù¾Ú¾Ø± Ø¨Ú¾ÛŒ Ø¢Ø¬ ØªÚ© ÛÙ…ÛŒÚºÂ  Ú©Ú†Ú¾ Ù†ÛÛŒÚº Ù…Ù„Ø§Û” \r\nName: saira wakeel d/o wakeel Shah \r\nDate of appointment:15/11/2019\r\nDate of Resignation:03/06/2020\r\nA/c Number: 16546\r\nA/Title: Saira wakeel \r\nIBAN: PK57 KHYB 0111 0000 1654 6001\r\nBranch code: 0111\r\nBranch Name: Bank of Khyber charsadda bazar charsadda \r\nSchool: Gcs khat kally Shakoor tehsil tangi district charsadda.', '03012987733', '1', NULL, '2022-01-10'),
(68, '104110', 'Saira wakeel', 'Arrers Not received', 'Ø¨Ù‚Ø§ÛŒØ§Ø¬Ø§Øª Ú©ÛŒ Ø¹Ø¯Ù… Ø§Ø¯Ø§Ø¦ÛŒÚ¯ÛŒ \r\nØ§ÛŒÙ„ÛŒÙ…Ù†Ù¹Ø±ÛŒ Ø§ÛŒÙ†Úˆ Ø³ÛŒÚ©Ù†ÚˆØ±ÛŒ Ø§ÛŒØ¬ÙˆÚ©ÛŒØ´Ù† ÙØ§ÙˆÙ†ÚˆÛŒØ´Ù† Ø³Û’ Ú¯Ø²Ø§Ø±Ø´ ÛÛ’ Ú©Û ÛÙ…ÛŒÚº Ø¨Ù‚Ø§ÛŒØ§Ø¬Ø§Øª Ù†ÛÛŒÚº Ù…Ù„Ø§ ÛÛ’Û” Ø¢Ø¬ Ù…ÛŒÚº ÚˆÛŒ Ù¾ÛŒ Ø§Ùˆ Ú†Ø§Ø±Ø³Ø¯Û Ø¢ÙØ³ ÙˆØ§Ù„ÙˆÚº Ø³Û’ Ù…Ù„Ø§ Ø§ÙˆØ± Ø¨Ù‚Ø§ÛŒØ§Ø¬Ø§Øª Ú©ÛŒ Ù„Ø³Ù¹ Ú†ÛŒÚ© Ú©Ø±Ù„ÛŒÛ” Ú†Ø§Ø±Ø³Ø¯Û Ø¢ÙØ³ ÙˆØ§Ù„ÙˆÚº Ù†Û’ Ú©ÛØ§ Ú©Û ÛÙ… Ù†Û’ ÚˆÛŒÙ…Ø§Ù†Úˆ 61Ù„Ø§Ú©Ú¾ Ø±ÙˆÙ¾Û’ Ú©ÛŒ Ø§ÙˆØ± ÛÙ…ÛŒÚº ØµØ±Ù 36 Ù„Ø§Ú©Ú¾ Ø±ÙˆÙ¾Û’ Ù…Ù„Û’ ÛÛŒÚºÛ” Ø§ÛŒÚ© Ø³Ø§Ù„ Ø§Ù†ØªØ¸Ø§Ø± Ú©Ø± Ù†Û’ Ú©Ø§ ÛŒÛ ØµÙ„Û Ù…Ù„Ø§ ÛÛ’ Ú©Û ÛÙ…ÛŒÚº Ø¨Ù‚Ø§ÛŒØ§Ø¬Ø§Øª Ù†ÛÛŒÚº Ù…Ù„Ø§Û” Ø§ÙˆØ± ÛØ± Ø¯ÙØ¹Û Ø¢Ù¾ Ú©Û’ Ø¯ÙØªØ± Ø³Û’ Ù…Ø¬Ú¾Û’ ÛŒÛÛŒ Ø¬ÙˆØ§Ø¨ Ù…Ù„Ø§ Ú©Û Ø¢Ù¾ Ú©Ùˆ Ø¨Ù‚Ø§ÛŒØ§Ø¬Ø§Øª Ø¬Ù„Ø¯ Ø¯ÛŒ Ø¬Ø§Ø¦Û’ Ú¯ÛŒÛ” Ø§Ù„Ù„Û ØªØ¹Ø§Ù„ÛŒ Ø¢Ù¾ Ú©Ùˆ ÛØ¯Ø§ÛŒØª Ú©Ø±ÛŒÚº ØªØ§Ú©Û Ù„ÙˆÚ¯ÙˆÚº Ú©Ø§ Ø­Ù‚ Ø¨Ú¾ÛŒ Ø¬Ø§Ù† Ø³Ú©Û’Û” Ø¢Ù¾ Ú©Ùˆ Ø¨ØªØ§ØªØ§ Ú†Ù„ÙˆÚº Ú©Û Ø¬ÛŒ Ø³ÛŒ Ø§ÛŒØ³ Ú©Û’ Ù„Ø¦Û’ Ø¬Ùˆ Ø³Ø§ÙÙ¹ ÙˆØ¦ÛŒØ± Ø¢Ù¾ Ù†Û’ Ù„Ø§Ù†Ú† Ú©ÛŒØ§ ÛÛ’ ØªÙˆ Ù…Ø³Ø§Ø¦Ù„ Ø³Û’ Ø¨Ú¾Ø±Ø§ ÛÙˆØ§ ÛÛ’Û” Ø§Ø³ Ù…ÛŒÚº Ø§Ù† Ù¹ÛŒÚ†Ø±Ø² Ú©Û’ Ù„Ø¦Û’ Ú©ÙˆØ¦ÛŒ Ø§ÙØ´Ù† Ù…ÙˆØ¬ÙˆØ¯ Ù†ÛÛŒÚº ÛÛ’ Ø¬Ùˆ Ø±ÛŒØ²Ø§Ø¦Ù† Ú©Ø± Ú†Ú©Û’ ÛÛŒÚº ÛŒØ§ Ø¬Ùˆ Ø±ÛŒØ²Ø§Ø¦Ù† Ú©Ø±Ù†Ø§ Ú†Ø§ÛØªÛ’ ÛÛŒÚºÛ” Ø¯ÙˆØ³Ø±ÛŒ Ø¨Ø§Øª ÛŒÛ ÛÛ’ Ú©Û Ø§Ú¯Ø± Ú©ÙˆØ¦ÛŒ Ù†ÛŒØ§ Ù¹ÛŒÚ†Ø± Ø§ÛŒÚˆ Ú©Ø±ØªÛ’ ÛÛŒÚº ØªÙˆ Ù¾ÙˆØ±ÛŒ Ø³Ú©ÙˆÙ„ Ú©Ø§ ÚˆÛŒÙ¹Ø§ Ø¨ÛŒØ³ Ø§Ù† Ú©Û’ Ù†Ø§Ù… ÛÙˆ Ø¬Ø§ØªØ§ ÛÛ’Û”\r\nName: saira wakeel \r\nF/Name: wakeel Shah \r\nDate of appointment:15/11/2019\r\nDate of Resignation:03/06/2020\r\nLength of service: 6 months and 18 days\r\nSalary per Month: 15 thousand \r\nSalary received: Nil\r\nA/c Number: 16546\r\nA/Title: Saira wakeel \r\nIBAN: PK57 KHYB 0111 0000 1654 6001\r\nBranch code: 0111\r\nBranch Name: Bank of Khyber charsadda bazar charsadda \r\nSchool: Gcs khat kally Shakoor tehsil tangi district charsadda.', '03012987733', '1', NULL, '2022-01-11'),
(69, '104110', 'Saira wakeel', 'Arrers Not received', 'ÚˆØ§Ø±ÛŒÚ©Ù¹Ø± Ø§ÛŒÙ„ÛŒÙ…Ù†Ù¹Ø±ÛŒ Ø§ÛŒØ¬ÙˆÚ©ÛŒØ´Ù† ÙØ§ÙˆÙ†ÚˆÛŒØ´Ù† Ø³Û’ Ú¯Ø²Ø§Ø±Ø´ ÛÛ’ Ú©Û ÛÙ…ÛŒÚº Ø§Ø¨Ú¾ÛŒ ØªÚ© Ø§ÛŒÚ© Ø±ÙˆÙ¾ÛŒÛ Ø¨Ú¾ÛŒ Ù†ÛÛŒÚº Ù…Ù„Ø§ ÛÛ’Û” Ø­Ø§Ù„ ÛŒÛ ÛÛ’ Ú©Û Ù…ÛŒÚº 3 Ø¬ÙˆÙ† 2020 Ù…ÛŒÚº Ø±ÛŒØ²Ø§Ø¦Ù† Ú©Ø±Ú†Ú©ÛŒ ÛÙˆÛ” Ù…ÛŒØ±Û’ 96500 Ø±ÙˆÙ¾Û’ Ø¨Ù‚Ø§ÛŒØ§Ø¬Ø§Øª ÛÛ’Û” Ø§Ø³ Ø¨Ø§Ø±Û’ ÛŒÛ Ù…ÛŒØ±Ø§ 10 ÙˆØ§Úº Ú©Ù…Ù¾Ù„ÛŒÙ†Ù¹ ÛÛ’ \r\nÙ„ÛŒÚ©Ù† Ø¢Ø¬ ØªÚ© Ù…Ø¬Ú¾Û’ Ú©ÙˆØ¦ÛŒ ØªØ³Ù„ÛŒ Ø¨Ø®Ø´ Ø¬ÙˆØ§Ø¨ Ù†ÛÛŒÚº Ù…Ù„Ø§ ÛÛ’Û”\r\nÛØ± Ø¯ÙØ¹Û Ø¢Ù¾ Ù†Û’ ÛŒÛÛŒ Ø¬ÙˆØ§Ø¨ Ø¯ÛŒØ§ Ú©Û Ø­Ú©ÙˆÙ…Øª Ú©ÛŒ Ø·Ø±Ù Ø³Û’ ÙÙ†ÚˆØ² Ù…Ù„Ø§ ÛÛ’ Ø§ÙˆØ± Ø¨Ù‚Ø§ÛŒØ§Ø¬Ø§Øª Ø¬Ù„Ø¯ Ù…Ù„ Ø¬Ø§Ø¦Û’ Ú¯ÛŒÛ”Ø§Ø³ Ø¯ÙØ¹Û Ø¢Ù¾ Ù†Û’ Ø¬ÙˆØ§Ø¨ Ø¯ÛŒØ§ Ú©Û ÛÙ… Ø¨Ù‚Ø§ÛŒØ§Ø¬Ø§Øª ÚˆÛŒ Ù¾ÛŒ Ø§Ùˆ Ø¢ÙØ³ Ú©Ùˆ Ø¨Ú¾ÛŒØ¬Û’ ÛÛŒÚºÛ” Ø¢Ø¬ Ù…ÛŒÚº ÚˆÛŒ Ù¾ÛŒ Ø§Ùˆ Ú†Ø§Ø±Ø³Ø¯Û Ø¢ÙØ³ Ú¯ÛŒØ§ ØªÙˆ Ø§Ø³ Ù†Û’ Ø¬ÙˆØ§Ø¨ Ø¯ÛŒØ§ Ú©Û ÛÙ… Ø¨Ù‚Ø§ÛŒØ§Ø¬Ø§Øª Ú©ÛŒ ÚˆÛŒÙ…Ø§Ù†Úˆ 61 Ù„Ø§Ú©Ú¾ Ú©ÛŒ ØªÚ¾ÛŒ Ø§ÙˆØ± ÛÙ…ÛŒÚº 36 Ù„Ø§Ú©Ú¾ Ù…Ù„Ø§ ÛÛ’Û” Ø§Ø¨ ÛÙ… Ø¨Ú¾ÛŒ Ú©Ù†ÙÛŒÙˆØ² ÛÛ’ Ú©Û Ú©ÛŒØ§ Ú©Ø±Û’Û” ÛÙ… Ø§Ø³ Ù†Ø§Ø§Ù†ØµØ§ÙÛŒ Ø³Û’ Ø¨ÛØª ØªÙ†Ú¯ ÛÙˆ Ú†Ú©Û’ ÛÛŒÚº Ø§ÙˆØ± Ø§Ù„Ù„Û Ù¾Ø§Ú© Ø¢Ù¾ Ø³Ø¨ Ú©Ùˆ Ø§Ù†ØµØ§Ù Ú©Ø±Ù†Û’ Ú©ÛŒ ÛØ¯Ø§ÛŒØª Ú©Ø±Ø¯Û’Û”', '03012987733', '1', NULL, '2022-01-11'),
(70, '104110', 'Saira wakeel', 'Arrers Not received', 'ÚˆØ§Ø±ÛŒÚ©Ù¹Ø± Ø§ÛŒÙ„ÛŒÙ…Ù†Ù¹Ø±ÛŒ Ø§ÛŒØ¬ÙˆÚ©ÛŒØ´Ù† ÙØ§ÙˆÙ†ÚˆÛŒØ´Ù† Ø³Û’ Ú¯Ø²Ø§Ø±Ø´ ÛÛ’ Ú©Û Ø¬ÛŒ Ø³ÛŒ Ø§ÛŒØ³ ÚˆÛŒÙ¹Ø§ Ø¨ÛŒØ³ Ù…ÛŒÚº ØµØ±Ù Ø§Ù† Ø§Ø³Ø§ØªØ°Û Ú©ÛŒ Ø§Ù†Ù¹Ø±ÛŒ ÛÙˆ Ø³Ú©ØªÛŒ ÛÛ’ Ø¬Ùˆ Ø­Ø§Ø¶Ø± Ø³Ø±ÙˆØ³ ÛÛ’Û”Ø§Ù† Ø§Ø³Ø§ØªØ°Û Ú©ÛŒ Ø§Ù†Ù¹Ø±ÛŒ Ù†ÛÛŒÚº ÛÙˆ Ø³Ú©ØªÛŒ ÛÛ’ Ø¬Ùˆ Ø§Ø³ Ø³Ø§ÙÙ¹ ÙˆØ¦ÛŒØ± Ú©ÛŒ Ù„Ø§Ù†Ú† Ú©Ø± Ù†Û’ Ø³Û’ Ù¾ÛÙ„Û’ Ø±ÛŒØ²Ø§Ø¦Ù† Ú©Ø±Ú†Ú©Û’ ÛÛŒÚºÛ”Ø§Ø¨ Ø¬Ùˆ Ø¨Ù‚Ø§ÛŒØ§Ø¬Ø§Øª Ø¢Ù¾ Ù†Û’ ÚˆÛŒ Ù¾ÛŒ Ø§Ùˆ Ø¢ÙØ³ Ú©Ùˆ Ø¨Ú¾ÛŒØ¬Û’ ÛÛŒÚº ØªÙˆ Ø§Ø³ Ù…ÛŒÚº ÚˆÛŒÙ¹Ø§ Ø¨ÛŒØ³ Ù…ÛŒÚº Ø§Ø³Ø§ØªØ°Û Ú©ÛŒ Ø§Ù†Ù¹Ø±ÛŒ Ú©Ùˆ Ù„Ø§Ø²Ù…ÛŒ Ù‚Ø±Ø§Ø± Ø¯ÛŒØ§ ÛÛ’ Ø¬Ùˆ Ú©Û Ø³Ø±Ø§Ø³Ø± Ù†Ø§Ø§Ù†ØµØ§ÙÛŒ Ú¾Û’Û”Ù„ÛØ°Ø§ Ø¬ÛŒ Ø³ÛŒ Ø§ÛŒØ³ 800 Ú©ÙˆÚˆ ÙˆØ§Ù„Û’ Ø¨Ù‚Ø§ÛŒØ§Ø¬Ø§Øª Ù¾ÛÙ„Û’ Ø§Ù† Ø§Ø³Ø§ØªØ°Û Ú©Ø§ Ø­Ù‚ Ø¨Ù†ØªØ§ ÛÛ’ Ø¬Ùˆ Ø³Ø¨ Ø³Û’ Ù¾ÛÙ„Û’ ÚˆÛŒÙˆÙ¹ÛŒ Ø³Ø± Ø§Ù†Ø¬Ø§Ù… Ø¯Û’ Ú†Ú©Û’ ÛÛŒÚº Ù†Ø§ Ú©Û Ø§Ø¨Ú¾ÛŒ Ø¨Ú¾Ø±ØªÛŒ ÛÙˆ Ú†Ú©Û’ ÛÛŒÚºÛ” Ù¾ÛÙ„Û’ Ø§Ù¾Ù†Û’ Ø³Ø§ÙÙ¹ ÙˆØ¦ÛŒØ± Ú©Ùˆ Ø§Ù¾ÚˆÛŒÙ¹ Ú©Ø± Ú©Û’ Ø§Ù† Ø§Ø³Ø§ØªØ°Û Ú©Û’ Ù„Ø¦Û’ Ø¨Ú¾ÛŒ Ø§ÙØ´Ù† ÚˆØ§Ù„Ø§ Ø¬Ø§Ø¦Û’ Ø¬Ùˆ Ø§Ø³ Ø³Ø§ÙÙ¹ ÙˆØ¦ÛŒØ± Ø³Û’ Ù¾ÛÙ„Û’ Ø±ÛŒØ²Ø§Ø¦Ù† Ú©Ø±Ú†Ú©Û’ ÛÛŒÚº Ø§ÙˆØ± Ø¬Ùˆ Ø±ÛŒØ²Ø§Ø¦Ù† ÛŒØ§ \r\nÙ¾Ø±ÙˆÙ…ÙˆÙ¹ ÛÙˆ Ø¬Ø§ØªÛ’ÛÛŒÚºÛ”\r\nName: saira wakeel \r\nF/Name: wakeel Shah \r\nDate of appointment:15/11/2019\r\nDate of Resignation:03/06/2020\r\nLength of service: 6 months and 18 days\r\nSalary per Month: 15 thousand \r\nSalary received: Nil\r\nDistrict:Charsadda \r\nTehsil: Tangi\r\nA/c Number: 16546\r\nA/Title: Saira wakeel \r\nIBAN: PK57 KHYB 0111 0000 1654 6001\r\nBranch code: 0111\r\nBranch Name: Bank of Khyber charsadda bazar charsadda \r\n\r\nÂ ', '03012987733', '1', NULL, '2022-01-11'),
(71, '120009', 'GCS Kot Allah Dad', 'Absent Students Due to Rani.', 'Ø¢Ø¬ Ø¨Ø§Ø±Ø´ Ú©ÛŒ ÙˆØ¬Û Ø³Û’ Ø§ÙˆØ± Ú¯Ø§Ø¤Úº Ù…ÛŒÚº Ø§ÛŒÚ© ÙÙˆØªÚ¯ÛŒ Ú©Ùˆ ÙˆØ¬Û Ø³Û’ Ø³Ú©ÙˆÙ„  Ú©Û’ Ø¨Ú†ÙˆÚº Ú©ÛŒ ØªØ¹Ø¯Ø§Ø¯ Ø¨ÛØª Ú©Ù… ØªÚ¾ÛŒÛ”', '03438965467', '1', NULL, '2022-01-17'),
(72, '124079', 'Gcs marreer', 'Ù¾Ø±Ùˆ ÙØ§ÛŒÙ„ Ù…ÛŒÚº Ú©ÛŒØ§ Ú©Ù…ÛŒ', 'Ø³Ù„Ù…ÛŒ Ø¬ÛŒ Ø³ÛŒ Ø§Ø³ Ù…Ø±ÛŒØ± Ø¬Ù†Ø§Ø¨ ÙˆØ§Ù„Ø§\r\nÙ…ÛŒÚº Ù†Û’ Ø§Ù¾Ù†Ø§ Ù¾Ø±ÙˆÙØ§ÛŒÙ„ Ø¨Ù†Ø§ÛŒØ§ ÛÛ’ Ø¢Ù¾ Ú†ÛŒÚ© Ú©ÛŒØ¬Û’ Ú©Û Ø§Ø³ Ù…ÛŒÚº Ú©ÛŒØ§ ØºÙ„Ø·ÛŒ ÛÛ’ Ø§ÙˆØ± Ù…ÛŒØ±Ø§ Ø¨Ù‚Ø§ÛŒØ§Ø¬Ø§Øª Ù†ÛÛŒ Ø³ÛŒ ÛÛ’', '03419430609', '0', NULL, '2022-01-21'),
(73, '124075', 'Sajjad begum', 'Student attendance', 'Sir we are filling this process', '03409799223', '0', NULL, '2022-01-23'),
(74, '104105', 'GCS Mustafa Abad Umarzai', 'Enrolment problem', 'Asalamalikum sir hamare School ma new students agae ha os ka to ham ne software ma entery kia ha leken jis students ne school ko chora ha os ko software se kese hatam kare plz rehnumai farmae.\r\nThanks .', '03339239497', '1', NULL, '2022-01-24'),
(75, '901239', 'gcs akbar abad', '', '', '', '1', NULL, '2022-01-26'),
(76, '901244', 'Sajida bibi gcs khamian', 'Gcs school data', 'Something is under process', '03419525487', '1', NULL, '2022-01-26'),
(77, '901239', 'gcs akbar abad', '', '', '', '1', NULL, '2022-01-26'),
(78, '901239', 'gcs akbar abad', '', '', '', '0', NULL, '2022-01-26'),
(79, '900167', 'mehnat bibi', 'Correction in UC', 'Dear sir i have entered right UC name but now it show incorrect. My uc name is Soray but software show it as bizen khel. Please correct this issue.', '03449200035', '1', NULL, '2022-01-29'),
(80, '900278', 'GCS Sra ghundi karbogha Sharif(Hangu)', 'To day both vteacher on vecation', 'Ø¨Ø®Ø¯Ù…Øª Ø¬Ù†Ø§Ø¨ ÚˆØ³Ù¹Ø±Ú©Ù¹ Ù¾Ø±ÙˆÚ¯Ø±Ø§Ù… Ø¢ÙÛŒØ³Ø± ØµØ§Ø­Ø¨ ÛÙ†Ú¯Ùˆ\r\nØ¬Ù†Ø§Ø¨ Ø¹Ø§Ù„ÛŒ\r\nÙ…Ø¤Ø¯Ø¨Ø§Ù†Û Ú¯Ø²Ø§Ø±Ø´ Ú©ÛŒØ¬Ø§ØªÛŒ ÛÛ’ Ú©Û Ù¾Ø±Ø³ÙˆÚº ÙØ¯ÙˆÛŒ Ú©ÛŒ Ú¯Ú¾Ø± Ù…ÛŒÚº ÙÙˆØªÚ¯ÛŒ ÛÙˆ Ú†Ú©ÛŒ ØªÚ¾ÛŒ Û”ÙØ¯ÙˆÛŒ Ù†Û’ ÚˆÛŒ Ù¾ÛŒ Ø§Ùˆ ØµØ§Ø­Ø¨ Ø³Û’ Ú†Ú¾Ù¹ÛŒ Ø¨Ú¾ÛŒ Ù„ÛŒ ÛÛ’Û”Ø¬Ø³Ú©ÛŒ ÙˆØ¬Û Ø³Û’ ÙØ¯ÙˆÛŒ Ø³Ú©ÙˆÙ„ Ù…ÛŒÚº Ø®Ø§Ø¶Ø±ÛŒ Ø¯ÛŒÙ†Û’ Ø³Û’ Ù‚Ø§ØµØ± ÛÛ’ Û”Ù„ÛØ°Ø§ Ú¯Ø²Ø§Ø±Ø´ Ú©ÛŒØ¬Ø§ØªÛŒ ÛÛ’ Ú©Û ÙØ¯ÙˆÛŒ Ú©Ùˆ Ø¢Ø¬ ÛŒÙˆÙ… Ú©ÛŒ Ø±Ø®ØµØª Ø¯ÛŒÚ©Ø± Ù…Ø´Ú©ÙˆØ±Û ÙØ±Ù…Ø§Ø¦ÛŒÚº\r\nØ¹ÛŒÙ† Ù†ÙˆØ§Ø²Ø´ ÛÙˆÚ¯ÛŒ               \r\nÙÙ‚Ø· Ø¢Ø¯Ø§Ø¨ \r\n31/01/2022Ù…ÙˆØ±Ø®Û', '03049071852', '1', NULL, '2022-01-31'),
(81, '118096', 'Kupla  amazi', 'Urdu', '', '03425664963', '0', NULL, '2022-02-01'),
(82, '118096', 'Kapla amazi haripur', 'Urdu', 'School  kapla 118096', '03425664963', '0', NULL, '2022-02-01'),
(83, '900215', 'Halima', 'Islamyat', '', '03085541933', '0', NULL, '2022-02-01'),
(84, '104028', 'District charsdda', 'January salry as well as AREARS', 'Dear sir.\r\n           Pleas release gcs non regular teachrs salry of January as well as release 200 project non regular teachers AREARS which is pinding since 2020.\r\nI shall be very thankful.', '03005023040', '1', NULL, '2022-02-03'),
(85, '104097', 'Tajryan. Head teacher', 'Class wise Correction of students doubling', 'Sir,\r\nThere is doubling of student names in different classes. Although there is delete option but thats  in total students list but not in class wise lists. So please help me out to delete the doubling student names from their respective classes lists.\r\nRegards.', '03476451289', '0', NULL, '2022-02-15'),
(86, '901027', 'Toshiba Afandi', 'Enrollment Proforma', 'Dear Sir/ Madam,\r\n\r\nPlease find the attached proforma of enrollment till 4th March 2022. \r\n\r\n\r\nThanks', '', '0', NULL, '2022-03-04'),
(87, '110069', 'Head Teacher Sanam Gul', 'Facilities data form not update', 'Hello sir i am sanam gul head teacher of GCS Sarwarabad.Sir several time update data of GCS portal but data can not save on it. i visited in you office and you also update ourschool data but after some time data remove on facilities  form. sir please do something to solve our problem.', '03018125373', '0', NULL, '2022-03-04'),
(88, '110069', 'Head Teacher Sanam Gul', 'Facilities data form not update', 'Hello sir i am sanam gul head teacher of GCS Sarwarabad.Sir several time update data of GCS portal but data can not save on it. i visited in you Distt office and DPO sir also update our school data but after some time data remove on facilities  form. sir please do something to solve our problem. sir our pay is bound that first to update data form then our pay is release. sir please update our data record and release our payment.\r\ni am very thankful to you.', '03018125373', '1', NULL, '2022-03-04'),
(89, '901245', 'Neelam bibi', '', '', '03223153065', '0', NULL, '2022-03-08'),
(90, '110046', 'Pakistan', 'Ma Islamiyat', '', '03473587330', '1', NULL, '2022-03-12'),
(91, '900172', 'Mis Azmat', 'Request for additional teacher', 'Respected Sir,\r\n  With due to Respect. I would like to inform you that the number of students in our school is increased and now I have 57 students , so I can\'t handle all the students . Therefore, I request you to kindly recruit an additional teacher for maths, English and science subject . This will be highly helpful and will definitely provide the faculties with good support.\r\nSince to year I submitted 3 time documents for additional teacher but still now no response are come from office.\r\n\r\nI hope you will make a decision on the welfare of the school and students. I look forward to getting a positive reply from you. \r\n\r\nRegards\r\n\r\nMis Azmat\r\nGcs badi darra', '03445159325', '0', NULL, '2022-03-12'),
(92, '104065', 'Children attendance', 'Difficulties in daily attendance', 'Respected Sir,\r\nAll GCS schools are facing a major issue regarding attendance since three or four days.\r\nafter completion of teachers and students attendance submission, the details which were showing before in Dashboard, have been hidden in software. \r\nFor this purpose your kind honor is requested to set it on its old format. because teachers have confusion about their schools attendance; submitted or not.\r\nWe shall be thankful for this kindness\r\n\r\nRegards', '03459703376', '1', NULL, '2022-03-15');

-- --------------------------------------------------------

--
-- Table structure for table `esef_lookup_school_class`
--

CREATE TABLE `esef_lookup_school_class` (
  `ClassID` int(11) NOT NULL,
  `ClassName` varchar(10) NOT NULL,
  `OrderID` int(11) NOT NULL
) ENGINE=InnoDB DEFAULT CHARSET=utf8mb4;

--
-- Dumping data for table `esef_lookup_school_class`
--

INSERT INTO `esef_lookup_school_class` (`ClassID`, `ClassName`, `OrderID`) VALUES
(1, 'PlayGroup', 1),
(2, 'Nursery', 2),
(3, 'Prep', 3),
(4, 'One', 4),
(5, 'Two', 5),
(6, 'Three', 6),
(7, 'Four', 7),
(8, 'Five', 8),
(9, 'Six', 9),
(10, 'Seven', 10),
(11, 'Eight', 11),
(12, 'Nine', 12),
(13, 'Ten', 13),
(14, 'Eleven', 14),
(15, 'Twelve', 15);

-- --------------------------------------------------------

--
-- Table structure for table `examinations`
--

CREATE TABLE `examinations` (
  `id` int(10) UNSIGNED NOT NULL,
  `account_name` varchar(255) COLLATE utf8mb4_unicode_ci NOT NULL,
  `account_no` varchar(255) COLLATE utf8mb4_unicode_ci DEFAULT NULL,
  `exam_type_id` int(10) UNSIGNED DEFAULT NULL,
  `from_date` datetime DEFAULT NULL,
  `to_date` datetime DEFAULT NULL,
  `result_date` datetime DEFAULT NULL,
  `grade_id` int(10) UNSIGNED DEFAULT NULL,
  `created_at` timestamp NULL DEFAULT NULL,
  `updated_at` timestamp NULL DEFAULT NULL
) ENGINE=InnoDB DEFAULT CHARSET=utf8mb4 COLLATE=utf8mb4_unicode_ci;

-- --------------------------------------------------------

--
-- Table structure for table `exam_types`
--

CREATE TABLE `exam_types` (
  `id` int(10) UNSIGNED NOT NULL,
  `exam_type` varchar(255) COLLATE utf8mb4_unicode_ci NOT NULL,
  `created_at` timestamp NULL DEFAULT NULL,
  `updated_at` timestamp NULL DEFAULT NULL
) ENGINE=InnoDB DEFAULT CHARSET=utf8mb4 COLLATE=utf8mb4_unicode_ci;

-- --------------------------------------------------------

--
-- Table structure for table `expenses`
--

CREATE TABLE `expenses` (
  `id` int(10) UNSIGNED NOT NULL,
  `name` varchar(255) COLLATE utf8mb4_unicode_ci NOT NULL,
  `remark` text COLLATE utf8mb4_unicode_ci NOT NULL,
  `category_id` int(10) UNSIGNED DEFAULT NULL,
  `created_at` timestamp NULL DEFAULT NULL,
  `updated_at` timestamp NULL DEFAULT NULL
) ENGINE=InnoDB DEFAULT CHARSET=utf8mb4 COLLATE=utf8mb4_unicode_ci;

-- --------------------------------------------------------

--
-- Table structure for table `expense_categories`
--

CREATE TABLE `expense_categories` (
  `id` int(10) UNSIGNED NOT NULL,
  `name` varchar(255) COLLATE utf8mb4_unicode_ci NOT NULL,
  `created_at` timestamp NULL DEFAULT NULL,
  `updated_at` timestamp NULL DEFAULT NULL
) ENGINE=InnoDB DEFAULT CHARSET=utf8mb4 COLLATE=utf8mb4_unicode_ci;

-- --------------------------------------------------------

--
-- Table structure for table `facilities`
--

CREATE TABLE `facilities` (
  `id` int(10) UNSIGNED NOT NULL,
  `no_of_room` int(11) DEFAULT NULL,
  `date_of_establishment` datetime DEFAULT NULL,
  `physical_status` varchar(255) COLLATE utf8mb4_unicode_ci DEFAULT NULL,
  `room_other_use` varchar(255) COLLATE utf8mb4_unicode_ci DEFAULT NULL,
  `boundary_wall` varchar(255) COLLATE utf8mb4_unicode_ci DEFAULT NULL,
  `extra_space` varchar(255) COLLATE utf8mb4_unicode_ci DEFAULT NULL,
  `ventilation` varchar(255) COLLATE utf8mb4_unicode_ci DEFAULT NULL,
  `electricity` varchar(255) COLLATE utf8mb4_unicode_ci DEFAULT NULL,
  `solar` varchar(255) COLLATE utf8mb4_unicode_ci DEFAULT NULL,
  `light` varchar(255) COLLATE utf8mb4_unicode_ci DEFAULT NULL,
  `toilet` varchar(255) COLLATE utf8mb4_unicode_ci DEFAULT NULL,
  `fan` varchar(255) COLLATE utf8mb4_unicode_ci DEFAULT NULL,
  `water_supply` varchar(255) COLLATE utf8mb4_unicode_ci DEFAULT NULL,
  `veranda` varchar(255) COLLATE utf8mb4_unicode_ci DEFAULT NULL,
  `play_ground` varchar(255) COLLATE utf8mb4_unicode_ci DEFAULT NULL,
  `teacher_chair` int(11) DEFAULT NULL,
  `teacher_table` int(11) DEFAULT NULL,
  `cupboard` int(11) DEFAULT NULL,
  `black_board` int(11) DEFAULT NULL,
  `student_chair` int(11) DEFAULT NULL,
  `water_cooler` int(11) DEFAULT NULL,
  `mat` int(11) DEFAULT NULL,
  `school_bell` int(11) DEFAULT NULL,
  `tlm_chart` int(11) DEFAULT NULL,
  `created_at` timestamp NULL DEFAULT NULL,
  `updated_at` timestamp NULL DEFAULT NULL
) ENGINE=InnoDB DEFAULT CHARSET=utf8mb4 COLLATE=utf8mb4_unicode_ci;

--
-- Dumping data for table `facilities`
--

INSERT INTO `facilities` (`id`, `no_of_room`, `date_of_establishment`, `physical_status`, `room_other_use`, `boundary_wall`, `extra_space`, `ventilation`, `electricity`, `solar`, `light`, `toilet`, `fan`, `water_supply`, `veranda`, `play_ground`, `teacher_chair`, `teacher_table`, `cupboard`, `black_board`, `student_chair`, `water_cooler`, `mat`, `school_bell`, `tlm_chart`, `created_at`, `updated_at`) VALUES
(6, 10, NULL, 'seperate', 'yes', 'yes', 'yes', 'yes', 'yes', 'yes', 'yes', 'yes', 'no', 'dug_well', 'yes', 'yes', 4554, 354, 5, 543, 435, 100, 43, 45, 43, '2022-03-22 01:33:24', '2022-04-01 00:55:15');

-- --------------------------------------------------------

--
-- Table structure for table `failed_jobs`
--

CREATE TABLE `failed_jobs` (
  `id` bigint(20) UNSIGNED NOT NULL,
  `uuid` varchar(255) COLLATE utf8mb4_unicode_ci NOT NULL,
  `connection` text COLLATE utf8mb4_unicode_ci NOT NULL,
  `queue` text COLLATE utf8mb4_unicode_ci NOT NULL,
  `payload` longtext COLLATE utf8mb4_unicode_ci NOT NULL,
  `exception` longtext COLLATE utf8mb4_unicode_ci NOT NULL,
  `failed_at` timestamp NOT NULL DEFAULT current_timestamp()
) ENGINE=InnoDB DEFAULT CHARSET=utf8mb4 COLLATE=utf8mb4_unicode_ci;

-- --------------------------------------------------------

--
-- Table structure for table `fees`
--

CREATE TABLE `fees` (
  `id` int(10) UNSIGNED NOT NULL,
  `name` varchar(255) COLLATE utf8mb4_unicode_ci NOT NULL,
  `fee_category_id` int(10) UNSIGNED DEFAULT NULL,
  `created_at` timestamp NULL DEFAULT NULL,
  `updated_at` timestamp NULL DEFAULT NULL
) ENGINE=InnoDB DEFAULT CHARSET=utf8mb4 COLLATE=utf8mb4_unicode_ci;

--
-- Dumping data for table `fees`
--

INSERT INTO `fees` (`id`, `name`, `fee_category_id`, `created_at`, `updated_at`) VALUES
(1, 'tuition fee', 1, '2022-03-25 01:59:13', '2022-03-25 01:59:13');

-- --------------------------------------------------------

--
-- Table structure for table `fee_categories`
--

CREATE TABLE `fee_categories` (
  `id` int(10) UNSIGNED NOT NULL,
  `name` varchar(255) COLLATE utf8mb4_unicode_ci NOT NULL,
  `created_at` timestamp NULL DEFAULT NULL,
  `updated_at` timestamp NULL DEFAULT NULL
) ENGINE=InnoDB DEFAULT CHARSET=utf8mb4 COLLATE=utf8mb4_unicode_ci;

--
-- Dumping data for table `fee_categories`
--

INSERT INTO `fee_categories` (`id`, `name`, `created_at`, `updated_at`) VALUES
(1, 'monthly', '2022-03-25 01:58:01', '2022-03-25 01:58:57');

-- --------------------------------------------------------

--
-- Table structure for table `fee_collects`
--

CREATE TABLE `fee_collects` (
  `id` int(10) UNSIGNED NOT NULL,
  `student_id` int(10) UNSIGNED DEFAULT NULL,
  `class_section_session_id` int(10) UNSIGNED DEFAULT NULL,
  `fee_id` int(10) UNSIGNED DEFAULT NULL,
  `received_amount` decimal(10,2) DEFAULT NULL,
  `discount` decimal(10,2) DEFAULT NULL,
  `balance` decimal(10,2) DEFAULT NULL,
  `advance_payment` decimal(10,2) DEFAULT NULL,
  `total` decimal(10,2) DEFAULT NULL,
  `status` tinyint(4) NOT NULL DEFAULT 0,
  `received_date` datetime DEFAULT NULL,
  `created_at` timestamp NULL DEFAULT NULL,
  `updated_at` timestamp NULL DEFAULT NULL
) ENGINE=InnoDB DEFAULT CHARSET=utf8mb4 COLLATE=utf8mb4_unicode_ci;

-- --------------------------------------------------------

--
-- Table structure for table `fee_histories`
--

CREATE TABLE `fee_histories` (
  `id` int(10) UNSIGNED NOT NULL,
  `student_id` int(10) UNSIGNED DEFAULT NULL,
  `class_section_session_id` int(10) UNSIGNED DEFAULT NULL,
  `fee_id` int(10) UNSIGNED DEFAULT NULL,
  `received_amount` decimal(10,2) DEFAULT NULL,
  `discount` decimal(10,2) DEFAULT NULL,
  `balance` decimal(10,2) DEFAULT NULL,
  `advance_payment` decimal(10,2) DEFAULT NULL,
  `total` decimal(10,2) DEFAULT NULL,
  `status` tinyint(4) NOT NULL DEFAULT 0,
  `received_date` datetime DEFAULT NULL,
  `fee_collect_id` int(10) UNSIGNED NOT NULL,
  `created_at` timestamp NULL DEFAULT NULL,
  `updated_at` timestamp NULL DEFAULT NULL
) ENGINE=InnoDB DEFAULT CHARSET=utf8mb4 COLLATE=utf8mb4_unicode_ci;

-- --------------------------------------------------------

--
-- Table structure for table `fee_installments`
--

CREATE TABLE `fee_installments` (
  `id` int(10) UNSIGNED NOT NULL,
  `student_fee_id` int(10) UNSIGNED DEFAULT NULL,
  `session_id` int(10) UNSIGNED DEFAULT NULL,
  `class_id` int(10) UNSIGNED DEFAULT NULL,
  `month` date DEFAULT NULL,
  `student_id` int(10) UNSIGNED DEFAULT NULL,
  `amount` decimal(10,2) DEFAULT NULL,
  `received_amount` decimal(10,2) DEFAULT NULL,
  `school_id` int(10) UNSIGNED DEFAULT NULL,
  `created_at` timestamp NULL DEFAULT NULL,
  `updated_at` timestamp NULL DEFAULT NULL
) ENGINE=InnoDB DEFAULT CHARSET=utf8mb4 COLLATE=utf8mb4_unicode_ci;

--
-- Dumping data for table `fee_installments`
--

INSERT INTO `fee_installments` (`id`, `student_fee_id`, `session_id`, `class_id`, `month`, `student_id`, `amount`, `received_amount`, `school_id`, `created_at`, `updated_at`) VALUES
(1, 23, 1, 5, '2023-01-24', 14, '100.00', '0.00', 3, '2022-04-09 04:15:07', '2022-04-09 04:15:07');

-- --------------------------------------------------------

--
-- Table structure for table `fee_structures`
--

CREATE TABLE `fee_structures` (
  `id` int(10) UNSIGNED NOT NULL,
  `school_id` int(10) UNSIGNED DEFAULT NULL,
  `session_id` int(10) UNSIGNED NOT NULL,
  `class_id` int(10) UNSIGNED NOT NULL,
  `fee_type_id` int(10) UNSIGNED DEFAULT NULL,
  `amount` decimal(10,2) NOT NULL,
  `created_at` timestamp NULL DEFAULT NULL,
  `updated_at` timestamp NULL DEFAULT NULL
) ENGINE=InnoDB DEFAULT CHARSET=utf8mb4 COLLATE=utf8mb4_unicode_ci;

--
-- Dumping data for table `fee_structures`
--

INSERT INTO `fee_structures` (`id`, `school_id`, `session_id`, `class_id`, `fee_type_id`, `amount`, `created_at`, `updated_at`) VALUES
(1, 3, 1, 5, 1, '100.00', '2022-04-09 01:11:08', '2022-04-09 01:11:08'),
(2, 3, 1, 6, 1, '200.00', '2022-04-09 01:25:43', '2022-04-09 01:25:43'),
(3, 3, 1, 7, 1, '200.00', '2022-04-09 04:29:04', '2022-04-09 04:29:04'),
(4, 3, 1, 1, 1, '40.00', '2022-04-11 02:23:07', '2022-04-11 02:23:07'),
(5, 3, 1, 2, 1, '80.00', '2022-04-11 02:23:30', '2022-04-11 02:23:30'),
(6, 3, 1, 3, 1, '120.00', '2022-04-11 02:23:51', '2022-04-11 02:23:51');

-- --------------------------------------------------------

--
-- Table structure for table `fee_tarrifs`
--

CREATE TABLE `fee_tarrifs` (
  `id` int(10) UNSIGNED NOT NULL,
  `amount` decimal(10,2) NOT NULL,
  `class_section_session_id` int(10) UNSIGNED NOT NULL,
  `fee_id` int(10) UNSIGNED DEFAULT NULL,
  `created_at` timestamp NULL DEFAULT NULL,
  `updated_at` timestamp NULL DEFAULT NULL
) ENGINE=InnoDB DEFAULT CHARSET=utf8mb4 COLLATE=utf8mb4_unicode_ci;

-- --------------------------------------------------------

--
-- Table structure for table `free_classes`
--

CREATE TABLE `free_classes` (
  `id` int(11) NOT NULL,
  `name` varchar(255) COLLATE utf8mb4_unicode_ci NOT NULL,
  `branch_id` int(10) UNSIGNED DEFAULT NULL,
  `created_at` timestamp NULL DEFAULT NULL,
  `updated_at` timestamp NULL DEFAULT NULL
) ENGINE=InnoDB DEFAULT CHARSET=utf8mb4 COLLATE=utf8mb4_unicode_ci;

--
-- Dumping data for table `free_classes`
--

INSERT INTO `free_classes` (`id`, `name`, `branch_id`, `created_at`, `updated_at`) VALUES
(1, 'PlayGroup', NULL, '2022-04-05 02:20:40', '2022-04-05 02:20:40'),
(2, 'Nursery', NULL, '2022-04-05 02:20:54', '2022-04-05 02:20:54'),
(3, 'Prep', NULL, '2022-04-05 02:21:03', '2022-04-05 02:21:03'),
(4, 'One', NULL, '2022-04-05 02:21:13', '2022-04-05 02:21:13'),
(5, 'Two', NULL, '2022-04-05 02:21:24', '2022-04-05 02:21:24'),
(6, 'Three', NULL, '2022-04-05 02:21:33', '2022-04-05 02:21:33'),
(7, 'Four', NULL, '2022-04-05 02:21:43', '2022-04-05 02:21:43'),
(8, 'Five', NULL, '2022-04-05 02:21:54', '2022-04-05 02:21:54'),
(9, 'Six', NULL, '2022-04-05 02:22:04', '2022-04-05 02:22:04'),
(10, 'Seven', NULL, '2022-04-05 02:22:13', '2022-04-05 02:22:13'),
(11, 'Eight', NULL, '2022-04-05 02:22:23', '2022-04-05 02:22:23'),
(12, 'Nine', NULL, '2022-04-05 02:22:35', '2022-04-05 02:22:35'),
(13, 'Ten', NULL, '2022-04-05 02:22:45', '2022-04-05 02:22:45'),
(14, 'Eleven', NULL, '2022-04-05 02:22:56', '2022-04-05 02:22:56'),
(15, 'Twelve', NULL, '2022-04-05 02:23:07', '2022-04-05 02:23:07');

-- --------------------------------------------------------

--
-- Table structure for table `grades`
--

CREATE TABLE `grades` (
  `id` int(10) UNSIGNED NOT NULL,
  `name` varchar(255) COLLATE utf8mb4_unicode_ci NOT NULL,
  `created_at` timestamp NULL DEFAULT NULL,
  `updated_at` timestamp NULL DEFAULT NULL
) ENGINE=InnoDB DEFAULT CHARSET=utf8mb4 COLLATE=utf8mb4_unicode_ci;

-- --------------------------------------------------------

--
-- Table structure for table `healths`
--

CREATE TABLE `healths` (
  `id` int(10) UNSIGNED NOT NULL,
  `name` varchar(255) COLLATE utf8mb4_unicode_ci NOT NULL,
  `created_at` timestamp NULL DEFAULT NULL,
  `updated_at` timestamp NULL DEFAULT NULL
) ENGINE=InnoDB DEFAULT CHARSET=utf8mb4 COLLATE=utf8mb4_unicode_ci;

--
-- Dumping data for table `healths`
--

INSERT INTO `healths` (`id`, `name`, `created_at`, `updated_at`) VALUES
(1, 'No', '2022-03-25 01:41:59', '2022-03-25 01:42:56'),
(2, 'Yes', '2022-03-25 01:42:39', '2022-03-25 01:43:08');

-- --------------------------------------------------------

--
-- Table structure for table `levels`
--

CREATE TABLE `levels` (
  `id` int(10) UNSIGNED NOT NULL,
  `name` varchar(255) COLLATE utf8mb4_unicode_ci NOT NULL,
  `created_at` timestamp NULL DEFAULT NULL,
  `updated_at` timestamp NULL DEFAULT NULL
) ENGINE=InnoDB DEFAULT CHARSET=utf8mb4 COLLATE=utf8mb4_unicode_ci;

-- --------------------------------------------------------

--
-- Table structure for table `migrations`
--

CREATE TABLE `migrations` (
  `id` int(10) UNSIGNED NOT NULL,
  `migration` varchar(255) COLLATE utf8mb4_unicode_ci NOT NULL,
  `batch` int(11) NOT NULL
) ENGINE=InnoDB DEFAULT CHARSET=utf8mb4 COLLATE=utf8mb4_unicode_ci;

--
-- Dumping data for table `migrations`
--

INSERT INTO `migrations` (`id`, `migration`, `batch`) VALUES
(1, '2014_10_11_091700_create_roles_table', 1),
(2, '2014_10_12_000000_create_users_table', 1),
(3, '2014_10_12_100000_create_password_resets_table', 1),
(4, '2019_08_19_000000_create_failed_jobs_table', 1),
(5, '2019_12_14_000001_create_personal_access_tokens_table', 1),
(6, '2021_05_25_061200_create_sessions_table', 1),
(7, '2021_05_25_062002_create_free_classes_table', 1),
(8, '2021_05_26_061200_create_sections_table', 1),
(9, '2021_11_19_080030_create_modules_table', 1),
(10, '2021_11_19_092151_create_permissions_table', 1),
(11, '2021_12_21_051413_create_fee_categories_table', 1),
(12, '2021_12_22_041953_create_fees_table', 1),
(14, '2021_12_22_101203_create_countries_table', 1),
(15, '2021_12_22_101444_create_religions_table', 1),
(16, '2021_12_22_101849_create_provinces_table', 1),
(17, '2021_12_22_101936_create_blood_groups_table', 1),
(18, '2021_12_22_102044_create_levels_table', 1),
(22, '2021_12_28_042223_create_expense_categories_table', 1),
(23, '2021_12_28_045305_create_grades_table', 1),
(24, '2021_12_28_064417_create_fee_tarrifs_table', 1),
(25, '2021_12_28_071728_create_banks_table', 1),
(26, '2021_12_28_072247_create_branches_table', 1),
(27, '2021_12_28_074042_create_exam_types_table', 1),
(28, '2021_12_29_041739_create_student_classes_table', 1),
(29, '2021_12_29_041850_create_designations_table', 1),
(30, '2021_12_29_041917_create_occupations_table', 1),
(31, '2021_12_29_041935_create_healths_table', 1),
(32, '2021_12_29_042148_create_expenses_table', 1),
(33, '2021_12_29_042537_create_bank_accounts_table', 1),
(34, '2021_12_29_042605_create_cash_accounts_table', 1),
(35, '2021_12_29_042718_create_examinations_table', 1),
(36, '2021_12_29_042742_create_class_subjects_table', 1),
(38, '2022_01_11_081157_create_staff_details_table', 1),
(39, '2022_01_12_074242_create_professional_infos_table', 1),
(40, '2022_01_31_060153_create_fee_collects_table', 1),
(42, '2022_02_04_102910_create_fee_histories_table', 1),
(46, '2022_02_18_053528_create_staff_attendances_table', 1),
(47, '2022_02_23_112650_create_dmo_models_table', 1),
(48, '2022_02_23_114214_create_districts_table', 1),
(49, '2022_02_25_101305_create_vec_models_table', 1),
(50, '2022_03_08_042415_create_salaries_table', 1),
(51, '2022_03_14_101943_create_visitors_table', 1),
(52, '2022_03_14_102624_create_assesments_table', 1),
(54, '2022_03_17_075748_create_afghans_table', 1),
(55, '2022_03_16_110109_create_enrollments_table', 2),
(56, '2022_03_21_093221_create_facilities_table', 3),
(57, '2022_03_22_065013_create_contact_forms_table', 4),
(58, '2022_03_22_104133_create_nearest_institutions_table', 5),
(59, '2022_01_11_073524_create_staff_table', 6),
(63, '2022_04_01_120225_create_transports_table', 9),
(64, '2022_04_01_120504_create_s_levels_table', 9),
(66, '2021_12_22_102243_create_schools_table', 10),
(69, '2022_02_07_053047_create_fee_structures_table', 12),
(70, '2022_02_07_053138_create_student_fees_table', 13),
(71, '2021_12_22_045301_create_students_table', 14),
(72, '2021_12_23_073658_create_student_details_table', 14),
(73, '2022_02_03_060604_create_student_attendances_table', 15),
(74, '2022_02_07_053233_create_fee_installments_table', 16);

-- --------------------------------------------------------

--
-- Table structure for table `modules`
--

CREATE TABLE `modules` (
  `id` int(10) UNSIGNED NOT NULL,
  `name` varchar(255) COLLATE utf8mb4_unicode_ci NOT NULL,
  `visibility` int(11) NOT NULL,
  `route_name` varchar(255) COLLATE utf8mb4_unicode_ci NOT NULL,
  `route_url` varchar(255) COLLATE utf8mb4_unicode_ci NOT NULL,
  `parent_id` int(11) NOT NULL DEFAULT 0,
  `created_at` timestamp NULL DEFAULT NULL,
  `updated_at` timestamp NULL DEFAULT NULL
) ENGINE=InnoDB DEFAULT CHARSET=utf8mb4 COLLATE=utf8mb4_unicode_ci;

-- --------------------------------------------------------

--
-- Table structure for table `nas`
--

CREATE TABLE `nas` (
  `id` int(11) NOT NULL,
  `district_id` int(11) DEFAULT NULL,
  `na_name` varchar(5) DEFAULT NULL
) ENGINE=InnoDB DEFAULT CHARSET=utf8;

--
-- Dumping data for table `nas`
--

INSERT INTO `nas` (`id`, `district_id`, `na_name`) VALUES
(1, 1, 'NA-15'),
(2, 1, 'NA-16'),
(3, 2, 'NA-40'),
(4, 2, 'NA-41'),
(5, 3, 'NA-35'),
(6, 4, 'NA-12'),
(7, 5, 'NA-9'),
(8, 6, 'NA-23'),
(9, 6, 'NA-24'),
(10, 7, 'NA-38'),
(11, 7, 'NA-39'),
(12, 8, 'NA-5'),
(13, 9, 'NA-6'),
(14, 9, 'NA-7'),
(15, 10, 'NA-33'),
(16, 11, 'NA-17'),
(17, 12, 'NA-34'),
(18, 13, 'NA-43'),
(19, 13, 'NA-44'),
(20, 14, 'NA-32'),
(21, 15, 'NA-11'),
(22, 16, 'NA-45'),
(23, 16, 'NA-46'),
(24, 18, 'NA-1'),
(25, 17, 'NA-36'),
(26, 19, 'NA-11'),
(27, 20, 'NA-8'),
(28, 21, 'NA-13'),
(29, 22, 'NA-20'),
(30, 22, 'NA-21'),
(31, 22, 'NA-22'),
(32, 23, 'NA-42'),
(33, 24, 'NA-48'),
(34, 25, 'NA-25'),
(35, 25, 'NA-26'),
(36, 26, 'NA-47'),
(37, 27, 'NA-27'),
(38, 27, 'NA-28'),
(39, 27, 'NA-29'),
(40, 27, 'NA-30'),
(41, 27, 'NA-31'),
(42, 28, 'NA-10'),
(43, 29, 'NA-49'),
(44, 29, 'NA-50'),
(45, 36, 'NA-18'),
(46, 36, 'NA-19'),
(47, 37, 'NA-2'),
(48, 37, 'NA-3'),
(49, 37, 'NA-4'),
(50, 38, 'NA-37'),
(51, 39, 'NA-14'),
(52, 30, 'NA-51'),
(53, 31, 'NA-51'),
(54, 32, 'NA-51'),
(55, 33, 'NA-51'),
(56, 34, 'NA-51'),
(57, 35, 'NA-51'),
(58, 41, 'NA-11'),
(59, 40, 'NA-1');

-- --------------------------------------------------------

--
-- Table structure for table `nearest_institutions`
--

CREATE TABLE `nearest_institutions` (
  `id` int(10) UNSIGNED NOT NULL,
  `name` varchar(255) COLLATE utf8mb4_unicode_ci NOT NULL,
  `level` varchar(255) COLLATE utf8mb4_unicode_ci NOT NULL,
  `gender` varchar(255) COLLATE utf8mb4_unicode_ci NOT NULL,
  `emis_code` varchar(255) COLLATE utf8mb4_unicode_ci NOT NULL,
  `distance` int(11) DEFAULT NULL,
  `created_at` timestamp NULL DEFAULT NULL,
  `updated_at` timestamp NULL DEFAULT NULL
) ENGINE=InnoDB DEFAULT CHARSET=utf8mb4 COLLATE=utf8mb4_unicode_ci;

--
-- Dumping data for table `nearest_institutions`
--

INSERT INTO `nearest_institutions` (`id`, `name`, `level`, `gender`, `emis_code`, `distance`, `created_at`, `updated_at`) VALUES
(1, 'lead school', 'middle', 'boy', '2343', 33, '2022-03-22 06:39:00', '2022-04-05 05:21:02'),
(2, 'lead school', 'middle', 'boy', '2343', 9, '2022-03-22 06:39:32', '2022-04-05 05:22:23'),
(3, 'lead school', 'primary', 'boy', '2343', 4, '2022-03-22 06:40:04', '2022-03-22 06:40:04'),
(4, 'Pakistan school', 'high', 'co_education', '3434', 2, '2022-04-01 01:10:15', '2022-04-01 01:10:15'),
(5, 'lead school hh', 'higher_secondary', 'boy', '2343', 1, '2022-04-05 04:58:15', '2022-04-05 05:17:53');

-- --------------------------------------------------------

--
-- Table structure for table `occupations`
--

CREATE TABLE `occupations` (
  `id` int(10) UNSIGNED NOT NULL,
  `name` varchar(255) COLLATE utf8mb4_unicode_ci NOT NULL,
  `created_at` timestamp NULL DEFAULT NULL,
  `updated_at` timestamp NULL DEFAULT NULL
) ENGINE=InnoDB DEFAULT CHARSET=utf8mb4 COLLATE=utf8mb4_unicode_ci;

--
-- Dumping data for table `occupations`
--

INSERT INTO `occupations` (`id`, `name`, `created_at`, `updated_at`) VALUES
(1, 'Army Officer', '2022-03-25 01:40:19', '2022-03-25 01:40:19'),
(2, 'Farmer', '2022-03-25 01:40:37', '2022-03-25 01:40:37'),
(4, 'Other', '2022-04-05 04:20:10', '2022-04-05 04:20:10');

-- --------------------------------------------------------

--
-- Table structure for table `password_resets`
--

CREATE TABLE `password_resets` (
  `email` varchar(255) COLLATE utf8mb4_unicode_ci NOT NULL,
  `token` varchar(255) COLLATE utf8mb4_unicode_ci NOT NULL,
  `created_at` timestamp NULL DEFAULT NULL
) ENGINE=InnoDB DEFAULT CHARSET=utf8mb4 COLLATE=utf8mb4_unicode_ci;

-- --------------------------------------------------------

--
-- Table structure for table `permissions`
--

CREATE TABLE `permissions` (
  `id` int(10) UNSIGNED NOT NULL,
  `role_id` int(10) UNSIGNED DEFAULT NULL,
  `module_id` int(10) UNSIGNED DEFAULT NULL
) ENGINE=InnoDB DEFAULT CHARSET=utf8mb4 COLLATE=utf8mb4_unicode_ci;

-- --------------------------------------------------------

--
-- Table structure for table `personal_access_tokens`
--

CREATE TABLE `personal_access_tokens` (
  `id` bigint(20) UNSIGNED NOT NULL,
  `tokenable_type` varchar(255) COLLATE utf8mb4_unicode_ci NOT NULL,
  `tokenable_id` bigint(20) UNSIGNED NOT NULL,
  `name` varchar(255) COLLATE utf8mb4_unicode_ci NOT NULL,
  `token` varchar(64) COLLATE utf8mb4_unicode_ci NOT NULL,
  `abilities` text COLLATE utf8mb4_unicode_ci DEFAULT NULL,
  `last_used_at` timestamp NULL DEFAULT NULL,
  `created_at` timestamp NULL DEFAULT NULL,
  `updated_at` timestamp NULL DEFAULT NULL
) ENGINE=InnoDB DEFAULT CHARSET=utf8mb4 COLLATE=utf8mb4_unicode_ci;

-- --------------------------------------------------------

--
-- Table structure for table `pks`
--

CREATE TABLE `pks` (
  `id` int(11) NOT NULL,
  `district_id` int(11) DEFAULT NULL,
  `pk_name` varchar(6) DEFAULT NULL
) ENGINE=InnoDB DEFAULT CHARSET=utf8;

--
-- Dumping data for table `pks`
--

INSERT INTO `pks` (`id`, `district_id`, `pk_name`) VALUES
(1, 1, 'PK-36'),
(2, 1, 'PK-37'),
(3, 1, 'PK-38'),
(4, 1, 'PK-39'),
(5, 2, 'PK-100'),
(6, 2, 'PK-101'),
(7, 2, 'PK-102'),
(8, 3, 'PK-87'),
(9, 3, 'PK-88'),
(10, 3, 'PK-89'),
(11, 3, 'PK-90'),
(12, 4, 'PK-28'),
(13, 4, 'PK-29'),
(14, 5, 'PK-20'),
(15, 5, 'PK-21'),
(16, 5, 'PK-22'),
(17, 6, 'PK-56'),
(18, 6, 'PK-57'),
(19, 6, 'PK-58'),
(20, 6, 'PK-59'),
(21, 6, 'PK-60'),
(22, 7, 'PK-95'),
(23, 7, 'PK-96'),
(24, 7, 'PK-97'),
(25, 7, 'PK-98'),
(26, 7, 'PK-99'),
(27, 8, 'PK-10'),
(28, 8, 'PK-11'),
(29, 8, 'PK-12'),
(30, 9, 'PK-13'),
(31, 9, 'PK-14'),
(32, 9, 'PK-15'),
(33, 9, 'PK-16'),
(34, 9, 'PK-17'),
(35, 10, 'PK-83'),
(36, 10, 'PK-84'),
(37, 11, 'PK-40'),
(38, 11, 'PK-41'),
(39, 11, 'PK-42'),
(40, 12, 'PK-85'),
(41, 12, 'PK-86'),
(42, 13, 'PK-105'),
(43, 13, 'PK-106'),
(44, 13, 'PK-107'),
(45, 14, 'PK-80'),
(46, 14, 'PK-81'),
(47, 14, 'PK-82'),
(48, 15, 'PK-27'),
(49, 16, 'PK-108'),
(50, 16, 'PK-109'),
(51, 17, 'PK-91'),
(52, 17, 'PK-92'),
(53, 17, 'PK-93'),
(54, 18, 'PK-1'),
(55, 19, 'PK-26'),
(56, 20, 'PK-18'),
(57, 20, 'PK-19'),
(58, 21, 'PK-30'),
(59, 21, 'PK-31'),
(60, 21, 'PK-32'),
(61, 21, 'PK-33'),
(62, 21, 'PK-34'),
(63, 22, 'PK-48'),
(64, 22, 'PK-49'),
(65, 22, 'PK-50'),
(66, 22, 'PK-51'),
(67, 22, 'PK-52'),
(68, 22, 'PK-53'),
(69, 22, 'PK-54'),
(70, 22, 'PK-55'),
(71, 23, 'PK-103'),
(72, 23, 'PK-104'),
(73, 24, 'PK-111'),
(74, 24, 'PK-112'),
(75, 25, 'PK-61'),
(76, 25, 'PK-62'),
(77, 25, 'PK-63'),
(78, 25, 'PK-64'),
(79, 25, 'PK-65'),
(80, 26, 'PK-110'),
(81, 27, 'PK-66'),
(82, 27, 'PK-67'),
(83, 27, 'PK-68'),
(84, 27, 'PK-69'),
(85, 27, 'PK-70'),
(86, 27, 'PK-71'),
(87, 27, 'PK-72'),
(88, 27, 'PK-73'),
(89, 27, 'PK-74'),
(90, 27, 'PK-75'),
(91, 27, 'PK-76'),
(92, 27, 'PK-77'),
(93, 27, 'PK-78'),
(94, 27, 'PK-79'),
(95, 28, 'PK-23'),
(96, 28, 'PK-24'),
(97, 29, 'PK-113'),
(98, 29, 'PK-114'),
(99, 30, 'PK-115'),
(100, 31, 'PK-115'),
(101, 32, 'PK-115'),
(102, 33, 'PK-115'),
(103, 34, 'PK-115'),
(104, 35, 'PK-115'),
(105, 36, 'PK-43'),
(106, 36, 'PK-44'),
(107, 36, 'PK-45'),
(108, 36, 'PK-46'),
(109, 36, 'PK-47'),
(110, 37, 'PK-2'),
(111, 37, 'PK-3'),
(112, 37, 'PK-4'),
(113, 37, 'PK-5'),
(114, 37, 'PK-6'),
(115, 37, 'PK-7'),
(116, 37, 'PK-8'),
(117, 37, 'PK-9'),
(118, 38, 'PK-94'),
(119, 39, 'PK-35'),
(120, 40, 'PK-1'),
(121, 41, 'PK-25');

-- --------------------------------------------------------

--
-- Table structure for table `professional_infos`
--

CREATE TABLE `professional_infos` (
  `id` int(10) UNSIGNED NOT NULL,
  `staff_id` int(10) UNSIGNED DEFAULT NULL,
  `prof_description` text COLLATE utf8mb4_unicode_ci DEFAULT NULL,
  `prof_roll_no` varchar(255) COLLATE utf8mb4_unicode_ci DEFAULT NULL,
  `prof_year` varchar(255) COLLATE utf8mb4_unicode_ci DEFAULT NULL,
  `prof_total_mark` int(11) DEFAULT NULL,
  `prof_obtain_mark` int(11) DEFAULT NULL,
  `prof_percentage` varchar(255) COLLATE utf8mb4_unicode_ci DEFAULT NULL,
  `prof_board` varchar(255) COLLATE utf8mb4_unicode_ci DEFAULT NULL,
  `created_at` timestamp NULL DEFAULT NULL,
  `updated_at` timestamp NULL DEFAULT NULL
) ENGINE=InnoDB DEFAULT CHARSET=utf8mb4 COLLATE=utf8mb4_unicode_ci;

--
-- Dumping data for table `professional_infos`
--

INSERT INTO `professional_infos` (`id`, `staff_id`, `prof_description`, `prof_roll_no`, `prof_year`, `prof_total_mark`, `prof_obtain_mark`, `prof_percentage`, `prof_board`, `created_at`, `updated_at`) VALUES
(1, 2, 'okk', '2345', '2023', 40011, 3222, '94', 'pesh', '2022-03-30 04:51:38', '2022-03-30 04:51:38'),
(2, 3, NULL, NULL, NULL, NULL, NULL, NULL, NULL, '2022-03-30 05:30:26', '2022-03-30 05:30:26'),
(3, 4, NULL, NULL, NULL, NULL, NULL, NULL, NULL, '2022-03-30 05:31:02', '2022-03-30 05:31:02'),
(5, 8, NULL, NULL, NULL, NULL, NULL, NULL, NULL, '2022-04-05 04:51:15', '2022-04-05 04:51:15');

-- --------------------------------------------------------

--
-- Table structure for table `provinces`
--

CREATE TABLE `provinces` (
  `id` int(10) UNSIGNED NOT NULL,
  `name` varchar(255) COLLATE utf8mb4_unicode_ci NOT NULL,
  `country_id` int(10) UNSIGNED DEFAULT NULL,
  `created_at` timestamp NULL DEFAULT NULL,
  `updated_at` timestamp NULL DEFAULT NULL
) ENGINE=InnoDB DEFAULT CHARSET=utf8mb4 COLLATE=utf8mb4_unicode_ci;

-- --------------------------------------------------------

--
-- Table structure for table `religions`
--

CREATE TABLE `religions` (
  `id` int(10) UNSIGNED NOT NULL,
  `title` varchar(255) COLLATE utf8mb4_unicode_ci NOT NULL,
  `created_at` timestamp NULL DEFAULT NULL,
  `updated_at` timestamp NULL DEFAULT NULL
) ENGINE=InnoDB DEFAULT CHARSET=utf8mb4 COLLATE=utf8mb4_unicode_ci;

-- --------------------------------------------------------

--
-- Table structure for table `roles`
--

CREATE TABLE `roles` (
  `id` int(10) UNSIGNED NOT NULL,
  `name` varchar(255) COLLATE utf8mb4_unicode_ci NOT NULL,
  `created_at` timestamp NULL DEFAULT NULL,
  `updated_at` timestamp NULL DEFAULT NULL
) ENGINE=InnoDB DEFAULT CHARSET=utf8mb4 COLLATE=utf8mb4_unicode_ci;

-- --------------------------------------------------------

--
-- Table structure for table `salaries`
--

CREATE TABLE `salaries` (
  `id` int(10) UNSIGNED NOT NULL,
  `amount` decimal(10,2) DEFAULT NULL,
  `received_amount` decimal(10,2) DEFAULT NULL,
  `remaining_amount` decimal(10,2) DEFAULT NULL,
  `att_date` date DEFAULT NULL,
  `school_id` int(10) UNSIGNED DEFAULT NULL,
  `user_id` int(10) UNSIGNED DEFAULT NULL,
  `staff_id` int(10) UNSIGNED NOT NULL,
  `status` int(11) NOT NULL DEFAULT 0,
  `created_at` timestamp NULL DEFAULT NULL,
  `updated_at` timestamp NULL DEFAULT NULL
) ENGINE=InnoDB DEFAULT CHARSET=utf8mb4 COLLATE=utf8mb4_unicode_ci;

-- --------------------------------------------------------

--
-- Table structure for table `schools`
--

CREATE TABLE `schools` (
  `id` int(10) UNSIGNED NOT NULL,
  `name` varchar(255) COLLATE utf8mb4_unicode_ci NOT NULL,
  `lat` varchar(255) COLLATE utf8mb4_unicode_ci NOT NULL,
  `lng` varchar(255) COLLATE utf8mb4_unicode_ci NOT NULL,
  `address` varchar(255) COLLATE utf8mb4_unicode_ci NOT NULL,
  `land_mark` varchar(255) COLLATE utf8mb4_unicode_ci NOT NULL,
  `school_type` varchar(255) COLLATE utf8mb4_unicode_ci NOT NULL,
  `status` varchar(255) COLLATE utf8mb4_unicode_ci NOT NULL,
  `building_ownership` varchar(255) COLLATE utf8mb4_unicode_ci NOT NULL,
  `gender` varchar(255) COLLATE utf8mb4_unicode_ci NOT NULL,
  `building_structure` varchar(255) COLLATE utf8mb4_unicode_ci NOT NULL,
  `vc_id` int(255) DEFAULT NULL,
  `village` varchar(255) COLLATE utf8mb4_unicode_ci NOT NULL,
  `mohallah` varchar(255) COLLATE utf8mb4_unicode_ci NOT NULL,
  `school_code` varchar(255) COLLATE utf8mb4_unicode_ci NOT NULL,
  `area` varchar(255) COLLATE utf8mb4_unicode_ci NOT NULL,
  `level_id` int(10) UNSIGNED DEFAULT NULL,
  `transport_id` int(10) UNSIGNED DEFAULT NULL,
  `district_id` int(10) UNSIGNED DEFAULT NULL,
  `tehsil_id` int(10) UNSIGNED DEFAULT NULL,
  `na_id` int(10) UNSIGNED DEFAULT NULL,
  `pk_id` int(10) UNSIGNED DEFAULT NULL,
  `uc_id` int(10) UNSIGNED DEFAULT NULL,
  `user_id` int(10) UNSIGNED DEFAULT NULL,
  `created_at` timestamp NULL DEFAULT NULL,
  `updated_at` timestamp NULL DEFAULT NULL
) ENGINE=InnoDB DEFAULT CHARSET=utf8mb4 COLLATE=utf8mb4_unicode_ci;

--
-- Dumping data for table `schools`
--

INSERT INTO `schools` (`id`, `name`, `lat`, `lng`, `address`, `land_mark`, `school_type`, `status`, `building_ownership`, `gender`, `building_structure`, `vc_id`, `village`, `mohallah`, `school_code`, `area`, `level_id`, `transport_id`, `district_id`, `tehsil_id`, `na_id`, `pk_id`, `uc_id`, `user_id`, `created_at`, `updated_at`) VALUES
(3, 'madina model school', '433244', '34234', 'dhery banda 2', 'land mark2', 'GCS', 'non-functional', 'Personal', 'Girls', 'Open-air-partial', 3606, 'dhery banda', 'streete 6', 'mies-0223', 'semi_urban', 2, 3, 2, 7, 35, 89, 501, 42, '2022-04-02 02:57:30', '2022-04-09 04:50:24'),
(4, 'bajawar lead school', '433244', '34234', 'dhery banda', 'land mark', 'GCS', 'functional', 'Govt', 'Boys', 'Pakka', 1699, 'dhery banda', 'streete 6', '213', 'urban', 2, 2, 2, 8, 3, 6, 590, 44, '2022-04-08 12:51:52', '2022-04-08 13:06:11'),
(5, 'banu model school', '433244', '34234', 'dhery banda', 'land mark2', 'CFS', 'functional', 'Communal', 'Boys', 'Pakka', 229, 'dhery banda', 'streete 6', 'se-213', 'urban', 2, 2, 3, 14, 5, 9, 104, 27, '2022-04-12 01:54:42', '2022-04-12 01:54:42');

-- --------------------------------------------------------

--
-- Table structure for table `sections`
--

CREATE TABLE `sections` (
  `id` int(10) UNSIGNED NOT NULL,
  `name` varchar(255) COLLATE utf8mb4_unicode_ci NOT NULL,
  `status` tinyint(4) DEFAULT 1,
  `created_at` timestamp NULL DEFAULT NULL,
  `updated_at` timestamp NULL DEFAULT NULL
) ENGINE=InnoDB DEFAULT CHARSET=utf8mb4 COLLATE=utf8mb4_unicode_ci;

--
-- Dumping data for table `sections`
--

INSERT INTO `sections` (`id`, `name`, `status`, `created_at`, `updated_at`) VALUES
(1, 'A', 1, '2022-03-25 01:53:48', '2022-03-25 01:53:48'),
(2, 'B', 1, '2022-03-25 01:54:04', '2022-03-25 01:54:04');

-- --------------------------------------------------------

--
-- Table structure for table `sessions`
--

CREATE TABLE `sessions` (
  `id` int(10) UNSIGNED NOT NULL,
  `name` varchar(255) COLLATE utf8mb4_unicode_ci NOT NULL,
  `status` tinyint(4) DEFAULT 1,
  `start_date` date DEFAULT NULL,
  `end_date` date DEFAULT NULL,
  `created_at` timestamp NULL DEFAULT NULL,
  `updated_at` timestamp NULL DEFAULT NULL
) ENGINE=InnoDB DEFAULT CHARSET=utf8mb4 COLLATE=utf8mb4_unicode_ci;

--
-- Dumping data for table `sessions`
--

INSERT INTO `sessions` (`id`, `name`, `status`, `start_date`, `end_date`, `created_at`, `updated_at`) VALUES
(1, '2022-2023', 1, '2022-03-24', '2023-03-24', '2022-03-24 05:07:57', '2022-03-24 05:07:57');

-- --------------------------------------------------------

--
-- Table structure for table `staff`
--

CREATE TABLE `staff` (
  `id` int(10) UNSIGNED NOT NULL,
  `school_id` int(10) UNSIGNED DEFAULT NULL,
  `Teacher_Name` varchar(255) COLLATE utf8mb4_unicode_ci NOT NULL,
  `Father_Name` varchar(255) COLLATE utf8mb4_unicode_ci DEFAULT NULL,
  `Gender` enum('0','1') COLLATE utf8mb4_unicode_ci NOT NULL DEFAULT '1',
  `DOB` date DEFAULT NULL,
  `Degree` varchar(255) COLLATE utf8mb4_unicode_ci DEFAULT NULL,
  `Subject` varchar(255) COLLATE utf8mb4_unicode_ci DEFAULT NULL,
  `Qualification` varchar(255) COLLATE utf8mb4_unicode_ci DEFAULT NULL,
  `Experience` date DEFAULT NULL,
  `CNIC` varchar(255) COLLATE utf8mb4_unicode_ci DEFAULT NULL,
  `Bank_Name` varchar(255) COLLATE utf8mb4_unicode_ci DEFAULT NULL,
  `Bank_Code` varchar(255) COLLATE utf8mb4_unicode_ci DEFAULT NULL,
  `Account` bigint(20) DEFAULT NULL,
  `Disability` varchar(255) COLLATE utf8mb4_unicode_ci DEFAULT NULL,
  `marital_status` varchar(255) COLLATE utf8mb4_unicode_ci DEFAULT NULL,
  `Contact` varchar(255) COLLATE utf8mb4_unicode_ci DEFAULT NULL,
  `Whatsapp` varchar(255) COLLATE utf8mb4_unicode_ci DEFAULT NULL,
  `created_at` timestamp NULL DEFAULT NULL,
  `updated_at` timestamp NULL DEFAULT NULL
) ENGINE=InnoDB DEFAULT CHARSET=utf8mb4 COLLATE=utf8mb4_unicode_ci;

--
-- Dumping data for table `staff`
--

INSERT INTO `staff` (`id`, `school_id`, `Teacher_Name`, `Father_Name`, `Gender`, `DOB`, `Degree`, `Subject`, `Qualification`, `Experience`, `CNIC`, `Bank_Name`, `Bank_Code`, `Account`, `Disability`, `marital_status`, `Contact`, `Whatsapp`, `created_at`, `updated_at`) VALUES
(11, 3, 'salman', 'saad', '1', '2022-04-10', 'BA/Bsc', 'java', 'PTC', '2022-04-10', '2345', 'habib', '1224', 35, 'no', 'marreid', '4354', '453', '2022-04-10 03:57:49', '2022-04-10 03:57:49'),
(12, 5, 'farhad', 'sabzali', '1', '2022-04-12', 'BA/Bsc', 'Caa', 'CT', '2022-04-12', '2345', 'habib', '1224', 543, 'yes', 'single', '46', '536546', '2022-04-12 02:53:21', '2022-04-12 02:53:21');

-- --------------------------------------------------------

--
-- Table structure for table `staff_attendances`
--

CREATE TABLE `staff_attendances` (
  `id` int(10) UNSIGNED NOT NULL,
  `status` varchar(255) COLLATE utf8mb4_unicode_ci DEFAULT NULL,
  `attendance` varchar(255) COLLATE utf8mb4_unicode_ci DEFAULT NULL,
  `att_date` date NOT NULL,
  `checkin` time DEFAULT NULL,
  `checkout` time DEFAULT NULL,
  `staff_id` int(10) UNSIGNED NOT NULL,
  `branch_id` int(10) UNSIGNED DEFAULT NULL,
  `school_id` int(10) UNSIGNED DEFAULT NULL,
  `created_at` timestamp NULL DEFAULT NULL,
  `updated_at` timestamp NULL DEFAULT NULL
) ENGINE=InnoDB DEFAULT CHARSET=utf8mb4 COLLATE=utf8mb4_unicode_ci;

--
-- Dumping data for table `staff_attendances`
--

INSERT INTO `staff_attendances` (`id`, `status`, `attendance`, `att_date`, `checkin`, `checkout`, `staff_id`, `branch_id`, `school_id`, `created_at`, `updated_at`) VALUES
(10, NULL, 'Absent', '2022-04-10', NULL, NULL, 11, 1, 3, '2022-04-10 04:01:48', '2022-04-10 04:01:48'),
(11, NULL, 'Absent', '2022-04-11', NULL, NULL, 11, 1, 3, '2022-04-11 01:38:26', '2022-04-11 01:38:26'),
(12, NULL, 'Present', '2022-04-12', NULL, NULL, 11, 1, 5, '2022-04-12 02:54:16', '2022-04-12 03:42:37'),
(13, NULL, 'Absent', '2022-04-12', NULL, NULL, 12, 1, 5, '2022-04-12 03:42:06', '2022-04-12 03:42:06');

-- --------------------------------------------------------

--
-- Table structure for table `staff_details`
--

CREATE TABLE `staff_details` (
  `id` int(10) UNSIGNED NOT NULL,
  `staff_id` int(10) UNSIGNED DEFAULT NULL,
  `edu_description` text COLLATE utf8mb4_unicode_ci DEFAULT NULL,
  `edu_roll_no` varchar(255) COLLATE utf8mb4_unicode_ci DEFAULT NULL,
  `edu_year` varchar(255) COLLATE utf8mb4_unicode_ci DEFAULT NULL,
  `edu_total_mark` int(11) DEFAULT NULL,
  `edu_obtain_mark` int(11) DEFAULT NULL,
  `edu_percentage` varchar(255) COLLATE utf8mb4_unicode_ci DEFAULT NULL,
  `edu_board` varchar(255) COLLATE utf8mb4_unicode_ci DEFAULT NULL,
  `created_at` timestamp NULL DEFAULT NULL,
  `updated_at` timestamp NULL DEFAULT NULL
) ENGINE=InnoDB DEFAULT CHARSET=utf8mb4 COLLATE=utf8mb4_unicode_ci;

-- --------------------------------------------------------

--
-- Table structure for table `students`
--

CREATE TABLE `students` (
  `id` int(10) UNSIGNED NOT NULL,
  `first_name` varchar(255) COLLATE utf8mb4_unicode_ci NOT NULL,
  `last_name` varchar(255) COLLATE utf8mb4_unicode_ci DEFAULT NULL,
  `dob` varchar(255) COLLATE utf8mb4_unicode_ci DEFAULT NULL,
  `cnic_no` varchar(255) COLLATE utf8mb4_unicode_ci DEFAULT NULL,
  `father_name` varchar(255) COLLATE utf8mb4_unicode_ci DEFAULT NULL,
  `father_cnic_no` varchar(255) COLLATE utf8mb4_unicode_ci DEFAULT NULL,
  `registration_no` varchar(255) COLLATE utf8mb4_unicode_ci DEFAULT NULL,
  `admission_no` varchar(255) COLLATE utf8mb4_unicode_ci DEFAULT NULL,
  `image` varchar(255) COLLATE utf8mb4_unicode_ci DEFAULT NULL,
  `father_occupation` varchar(255) COLLATE utf8mb4_unicode_ci DEFAULT NULL,
  `religion` varchar(255) COLLATE utf8mb4_unicode_ci DEFAULT NULL,
  `district_id` int(10) UNSIGNED DEFAULT NULL,
  `session_id` int(10) UNSIGNED DEFAULT NULL,
  `current_class_id` int(10) UNSIGNED DEFAULT NULL,
  `section_id` int(10) UNSIGNED DEFAULT NULL,
  `country_id` int(10) UNSIGNED DEFAULT NULL,
  `school_id` int(10) UNSIGNED DEFAULT NULL,
  `user_id` int(10) UNSIGNED DEFAULT NULL,
  `created_at` timestamp NULL DEFAULT NULL,
  `updated_at` timestamp NULL DEFAULT NULL
) ENGINE=InnoDB DEFAULT CHARSET=utf8mb4 COLLATE=utf8mb4_unicode_ci;

--
-- Dumping data for table `students`
--

INSERT INTO `students` (`id`, `first_name`, `last_name`, `dob`, `cnic_no`, `father_name`, `father_cnic_no`, `registration_no`, `admission_no`, `image`, `father_occupation`, `religion`, `district_id`, `session_id`, `current_class_id`, `section_id`, `country_id`, `school_id`, `user_id`, `created_at`, `updated_at`) VALUES
(14, 'fawad', 'jan', '2022-04-09', '12345', 'haq nawaz', 'haji', 'reg-23343', '2432', '04092022080656am.jpg', '2', 'muslim', 3, 1, 5, 1, 1, 3, NULL, '2022-04-09 03:06:57', '2022-04-09 03:06:57'),
(15, 'khan', 'jan', '2022-04-10', '12345', 'haq nawaz', 'gul', 'reg-23', '2432', '04102022061445am.jpg', '2', 'non-muslim', 14, 1, 2, 1, 2, 5, NULL, '2022-04-10 01:14:46', '2022-04-10 01:14:46'),
(16, 'khan', 'jan', '2022-04-10', '12345', 'haq nawaz', 'gul', 'reg-23', '2432', '04102022061504am.jpg', '2', 'non-muslim', 14, 1, 1, 1, 2, 5, NULL, '2022-04-10 01:15:04', '2022-04-10 01:15:04'),
(17, 'khan', 'jan', '2022-04-10', NULL, 'haq nawaz', 'gul', 'reg-23', '24324', '04112022071422am.webp', '2', 'non-muslim', 14, 1, 5, 1, 1, 3, NULL, '2022-04-10 01:16:36', '2022-04-11 02:14:23'),
(19, 'jawad', 'kamal', '2022-04-11', '12345', 'kamal', 'haji', 'reg-23343', '2432', '04112022072525am.png', '2', 'muslim', 3, 1, 1, 2, 1, 5, NULL, '2022-04-11 02:25:25', '2022-04-11 02:25:25');

-- --------------------------------------------------------

--
-- Table structure for table `student_attendances`
--

CREATE TABLE `student_attendances` (
  `id` int(10) UNSIGNED NOT NULL,
  `status` varchar(255) COLLATE utf8mb4_unicode_ci DEFAULT NULL,
  `attendance` varchar(255) COLLATE utf8mb4_unicode_ci DEFAULT NULL,
  `att_date` date NOT NULL,
  `checkin` time DEFAULT NULL,
  `checkout` time DEFAULT NULL,
  `session_id` int(10) UNSIGNED NOT NULL,
  `class_id` int(10) UNSIGNED NOT NULL,
  `student_id` int(10) UNSIGNED NOT NULL,
  `branch_id` int(10) UNSIGNED DEFAULT NULL,
  `section_id` int(10) UNSIGNED DEFAULT NULL,
  `school_id` int(10) UNSIGNED DEFAULT NULL,
  `created_at` timestamp NULL DEFAULT NULL,
  `updated_at` timestamp NULL DEFAULT NULL
) ENGINE=InnoDB DEFAULT CHARSET=utf8mb4 COLLATE=utf8mb4_unicode_ci;

--
-- Dumping data for table `student_attendances`
--

INSERT INTO `student_attendances` (`id`, `status`, `attendance`, `att_date`, `checkin`, `checkout`, `session_id`, `class_id`, `student_id`, `branch_id`, `section_id`, `school_id`, `created_at`, `updated_at`) VALUES
(27, NULL, 'Leave', '2022-04-09', NULL, NULL, 1, 5, 14, NULL, NULL, 3, '2022-04-09 04:31:03', '2022-04-09 04:31:03'),
(28, NULL, 'Leave', '2022-04-10', NULL, NULL, 1, 5, 14, NULL, NULL, 3, '2022-04-10 14:06:11', '2022-04-10 14:06:11'),
(29, NULL, 'Absent', '2022-04-10', NULL, NULL, 1, 5, 17, NULL, NULL, 3, '2022-04-10 14:06:12', '2022-04-10 14:06:12'),
(30, NULL, 'Leave', '2022-04-11', NULL, NULL, 1, 5, 14, NULL, NULL, 3, '2022-04-11 01:39:53', '2022-04-11 01:39:53'),
(31, NULL, 'Absent', '2022-04-11', NULL, NULL, 1, 5, 17, NULL, NULL, 3, '2022-04-11 01:39:53', '2022-04-11 01:39:53'),
(32, NULL, 'Absent', '2022-04-11', NULL, NULL, 1, 1, 16, NULL, NULL, 3, '2022-04-11 02:25:57', '2022-04-11 02:26:26'),
(33, NULL, 'Leave', '2022-04-11', NULL, NULL, 1, 1, 19, NULL, NULL, 3, '2022-04-11 02:25:58', '2022-04-11 02:25:58'),
(34, NULL, 'Absent', '2022-04-10', NULL, NULL, 1, 1, 16, NULL, NULL, 3, '2022-04-11 02:25:57', '2022-04-11 02:26:26'),
(35, NULL, 'Absent', '2022-04-09', NULL, NULL, 1, 1, 16, NULL, NULL, 3, '2022-04-11 02:25:57', '2022-04-11 02:26:26'),
(36, NULL, 'Absent', '2022-04-08', NULL, NULL, 1, 1, 16, NULL, NULL, 3, '2022-04-11 02:25:57', '2022-04-11 02:26:26');

-- --------------------------------------------------------

--
-- Table structure for table `student_classes`
--

CREATE TABLE `student_classes` (
  `id` int(10) UNSIGNED NOT NULL,
  `status` tinyint(4) DEFAULT 0,
  `student_id` int(10) UNSIGNED DEFAULT NULL,
  `class_section_session_id` int(10) UNSIGNED DEFAULT NULL,
  `created_at` timestamp NULL DEFAULT NULL,
  `updated_at` timestamp NULL DEFAULT NULL
) ENGINE=InnoDB DEFAULT CHARSET=utf8mb4 COLLATE=utf8mb4_unicode_ci;

--
-- Dumping data for table `student_classes`
--

INSERT INTO `student_classes` (`id`, `status`, `student_id`, `class_section_session_id`, `created_at`, `updated_at`) VALUES
(1, 1, 1, 1, NULL, NULL),
(2, 1, 2, 1, NULL, NULL),
(3, 1, 3, 1, NULL, NULL),
(4, 1, 4, 1, NULL, NULL),
(5, 1, 5, 1, NULL, NULL),
(6, 1, 6, 2, NULL, NULL),
(7, 1, 7, 6, NULL, NULL),
(8, 1, 8, 5, NULL, NULL),
(9, 1, 9, 6, NULL, NULL);

-- --------------------------------------------------------

--
-- Table structure for table `student_details`
--

CREATE TABLE `student_details` (
  `id` int(10) UNSIGNED NOT NULL,
  `address` varchar(255) COLLATE utf8mb4_unicode_ci DEFAULT NULL,
  `contact_no` varchar(255) COLLATE utf8mb4_unicode_ci DEFAULT NULL,
  `gender` varchar(255) COLLATE utf8mb4_unicode_ci DEFAULT NULL,
  `health_id` varchar(255) COLLATE utf8mb4_unicode_ci DEFAULT NULL,
  `guardian_name` varchar(255) COLLATE utf8mb4_unicode_ci DEFAULT NULL,
  `guardian_cnic_no` varchar(255) COLLATE utf8mb4_unicode_ci DEFAULT NULL,
  `father_alive` varchar(255) COLLATE utf8mb4_unicode_ci DEFAULT NULL,
  `date_of_admission` datetime DEFAULT NULL,
  `village` varchar(255) COLLATE utf8mb4_unicode_ci DEFAULT NULL,
  `previous_school` varchar(255) COLLATE utf8mb4_unicode_ci DEFAULT NULL,
  `withdrawl_no` varchar(255) COLLATE utf8mb4_unicode_ci DEFAULT NULL,
  `clc_no` varchar(255) COLLATE utf8mb4_unicode_ci DEFAULT NULL,
  `remark` varchar(255) COLLATE utf8mb4_unicode_ci DEFAULT NULL,
  `student_id` int(10) UNSIGNED DEFAULT NULL,
  `blood_id` int(10) UNSIGNED DEFAULT NULL,
  `created_at` timestamp NULL DEFAULT NULL,
  `updated_at` timestamp NULL DEFAULT NULL
) ENGINE=InnoDB DEFAULT CHARSET=utf8mb4 COLLATE=utf8mb4_unicode_ci;

--
-- Dumping data for table `student_details`
--

INSERT INTO `student_details` (`id`, `address`, `contact_no`, `gender`, `health_id`, `guardian_name`, `guardian_cnic_no`, `father_alive`, `date_of_admission`, `village`, `previous_school`, `withdrawl_no`, `clc_no`, `remark`, `student_id`, `blood_id`, `created_at`, `updated_at`) VALUES
(14, NULL, NULL, 'female', NULL, 'hater', '12341', 'yes', '2022-04-09 00:00:00', NULL, NULL, NULL, NULL, NULL, 14, NULL, '2022-04-09 03:06:57', '2022-04-09 03:06:57'),
(15, NULL, NULL, 'male', '1', 'hater', '12341', 'yes', '2022-04-10 00:00:00', NULL, NULL, NULL, NULL, NULL, 15, 1, '2022-04-10 01:14:46', '2022-04-10 01:14:46'),
(16, NULL, NULL, 'male', '1', 'hater', '12341', 'yes', '2022-04-10 00:00:00', NULL, NULL, NULL, NULL, NULL, 16, 1, '2022-04-10 01:15:04', '2022-04-10 01:15:04'),
(17, NULL, NULL, 'female', '2', 'hater', '12341', 'yes', '2022-04-10 00:00:00', NULL, NULL, NULL, NULL, NULL, 17, 1, '2022-04-10 01:16:36', '2022-04-10 01:16:36'),
(19, 'okk', '2345', 'female', '2', 'hater khan', '12341', 'yes', '2022-04-11 00:00:00', 'dhery banda', 'lead school', '133123', '123432', 'koo', 19, 1, '2022-04-11 02:25:25', '2022-04-11 02:25:25');

-- --------------------------------------------------------

--
-- Table structure for table `student_fees`
--

CREATE TABLE `student_fees` (
  `id` int(10) UNSIGNED NOT NULL,
  `session_id` int(10) UNSIGNED NOT NULL,
  `class_id` int(10) UNSIGNED NOT NULL,
  `month` date DEFAULT NULL,
  `student_id` int(10) UNSIGNED DEFAULT NULL,
  `school_id` int(10) UNSIGNED DEFAULT NULL,
  `amount` decimal(10,2) DEFAULT NULL,
  `received_amount` decimal(10,2) DEFAULT NULL,
  `clear` int(11) NOT NULL DEFAULT 0,
  `created_at` timestamp NULL DEFAULT NULL,
  `updated_at` timestamp NULL DEFAULT NULL
) ENGINE=InnoDB DEFAULT CHARSET=utf8mb4 COLLATE=utf8mb4_unicode_ci;

--
-- Dumping data for table `student_fees`
--

INSERT INTO `student_fees` (`id`, `session_id`, `class_id`, `month`, `student_id`, `school_id`, `amount`, `received_amount`, `clear`, `created_at`, `updated_at`) VALUES
(1, 1, 6, '2022-03-24', 13, 3, '200.00', '0.00', 0, '2022-04-09 01:44:00', '2022-04-09 01:44:00'),
(2, 1, 6, '2022-04-24', 13, 3, '200.00', '0.00', 0, '2022-04-09 01:44:01', '2022-04-09 01:44:01'),
(3, 1, 6, '2022-05-24', 13, 3, '200.00', '0.00', 0, '2022-04-09 01:44:01', '2022-04-09 01:44:01'),
(4, 1, 6, '2022-06-24', 13, 3, '200.00', '0.00', 0, '2022-04-09 01:44:01', '2022-04-09 01:44:01'),
(5, 1, 6, '2022-07-24', 13, 3, '200.00', '0.00', 0, '2022-04-09 01:44:01', '2022-04-09 01:44:01'),
(6, 1, 6, '2022-08-24', 13, 3, '200.00', '0.00', 0, '2022-04-09 01:44:01', '2022-04-09 01:44:01'),
(7, 1, 6, '2022-09-24', 13, 3, '200.00', '0.00', 0, '2022-04-09 01:44:01', '2022-04-09 01:44:01'),
(8, 1, 6, '2022-10-24', 13, 3, '200.00', '0.00', 0, '2022-04-09 01:44:01', '2022-04-09 01:44:01'),
(9, 1, 6, '2022-11-24', 13, 3, '200.00', '0.00', 0, '2022-04-09 01:44:01', '2022-04-09 01:44:01'),
(10, 1, 6, '2022-12-24', 13, 3, '200.00', '0.00', 0, '2022-04-09 01:44:01', '2022-04-09 01:44:01'),
(11, 1, 6, '2023-01-24', 13, 3, '200.00', '0.00', 0, '2022-04-09 01:44:01', '2022-04-09 01:44:01'),
(12, 1, 6, '2023-02-24', 13, 3, '200.00', '0.00', 0, '2022-04-09 01:44:01', '2022-04-09 01:44:01'),
(13, 1, 5, '2022-03-24', 14, 3, '100.00', '100.00', 1, '2022-04-09 03:06:57', '2022-04-09 03:55:11'),
(14, 1, 5, '2022-04-24', 14, 3, '100.00', '100.00', 1, '2022-04-09 03:06:57', '2022-04-09 04:08:52'),
(15, 1, 5, '2022-05-24', 14, 3, '100.00', '0.00', 0, '2022-04-09 03:06:57', '2022-04-09 03:06:57'),
(16, 1, 5, '2022-06-24', 14, 3, '100.00', '0.00', 0, '2022-04-09 03:06:57', '2022-04-09 03:06:57'),
(17, 1, 5, '2022-07-24', 14, 3, '100.00', '0.00', 0, '2022-04-09 03:06:57', '2022-04-09 03:06:57'),
(18, 1, 5, '2022-08-24', 14, 3, '100.00', '0.00', 0, '2022-04-09 03:06:57', '2022-04-09 03:06:57'),
(19, 1, 5, '2022-09-24', 14, 3, '100.00', '0.00', 0, '2022-04-09 03:06:57', '2022-04-09 03:06:57'),
(20, 1, 5, '2022-10-24', 14, 3, '100.00', '0.00', 0, '2022-04-09 03:06:57', '2022-04-09 03:06:57'),
(21, 1, 5, '2022-11-24', 14, 3, '100.00', '0.00', 0, '2022-04-09 03:06:57', '2022-04-09 03:06:57'),
(22, 1, 5, '2022-12-24', 14, 3, '100.00', '0.00', 0, '2022-04-09 03:06:57', '2022-04-09 03:06:57'),
(23, 1, 5, '2023-01-24', 14, 3, '100.00', '50.00', 0, '2022-04-09 03:06:57', '2022-04-09 04:15:07'),
(24, 1, 5, '2023-02-24', 14, 3, '100.00', '0.00', 0, '2022-04-09 03:06:58', '2022-04-09 03:06:58'),
(25, 1, 5, '2022-03-24', 17, 3, '100.00', '0.00', 0, '2022-04-10 01:16:36', '2022-04-10 01:16:36'),
(26, 1, 5, '2022-04-24', 17, 3, '100.00', '0.00', 0, '2022-04-10 01:16:36', '2022-04-10 01:16:36'),
(27, 1, 5, '2022-05-24', 17, 3, '100.00', '0.00', 0, '2022-04-10 01:16:36', '2022-04-10 01:16:36'),
(28, 1, 5, '2022-06-24', 17, 3, '100.00', '0.00', 0, '2022-04-10 01:16:36', '2022-04-10 01:16:36'),
(29, 1, 5, '2022-07-24', 17, 3, '100.00', '0.00', 0, '2022-04-10 01:16:36', '2022-04-10 01:16:36'),
(30, 1, 5, '2022-08-24', 17, 3, '100.00', '0.00', 0, '2022-04-10 01:16:36', '2022-04-10 01:16:36'),
(31, 1, 5, '2022-09-24', 17, 3, '100.00', '0.00', 0, '2022-04-10 01:16:36', '2022-04-10 01:16:36'),
(32, 1, 5, '2022-10-24', 17, 3, '100.00', '0.00', 0, '2022-04-10 01:16:37', '2022-04-10 01:16:37'),
(33, 1, 5, '2022-11-24', 17, 3, '100.00', '0.00', 0, '2022-04-10 01:16:37', '2022-04-10 01:16:37'),
(34, 1, 5, '2022-12-24', 17, 3, '100.00', '0.00', 0, '2022-04-10 01:16:37', '2022-04-10 01:16:37'),
(35, 1, 5, '2023-01-24', 17, 3, '100.00', '0.00', 0, '2022-04-10 01:16:37', '2022-04-10 01:16:37'),
(36, 1, 5, '2023-02-24', 17, 3, '100.00', '0.00', 0, '2022-04-10 01:16:37', '2022-04-10 01:16:37'),
(37, 1, 1, '2022-03-24', 19, 3, '40.00', '0.00', 0, '2022-04-11 02:25:25', '2022-04-11 02:25:25'),
(38, 1, 1, '2022-04-24', 19, 3, '40.00', '0.00', 0, '2022-04-11 02:25:25', '2022-04-11 02:25:25'),
(39, 1, 1, '2022-05-24', 19, 3, '40.00', '0.00', 0, '2022-04-11 02:25:25', '2022-04-11 02:25:25'),
(40, 1, 1, '2022-06-24', 19, 3, '40.00', '0.00', 0, '2022-04-11 02:25:25', '2022-04-11 02:25:25'),
(41, 1, 1, '2022-07-24', 19, 3, '40.00', '0.00', 0, '2022-04-11 02:25:25', '2022-04-11 02:25:25'),
(42, 1, 1, '2022-08-24', 19, 3, '40.00', '0.00', 0, '2022-04-11 02:25:25', '2022-04-11 02:25:25'),
(43, 1, 1, '2022-09-24', 19, 3, '40.00', '0.00', 0, '2022-04-11 02:25:25', '2022-04-11 02:25:25'),
(44, 1, 1, '2022-10-24', 19, 3, '40.00', '0.00', 0, '2022-04-11 02:25:26', '2022-04-11 02:25:26'),
(45, 1, 1, '2022-11-24', 19, 3, '40.00', '0.00', 0, '2022-04-11 02:25:26', '2022-04-11 02:25:26'),
(46, 1, 1, '2022-12-24', 19, 3, '40.00', '0.00', 0, '2022-04-11 02:25:26', '2022-04-11 02:25:26'),
(47, 1, 1, '2023-01-24', 19, 3, '40.00', '0.00', 0, '2022-04-11 02:25:26', '2022-04-11 02:25:26'),
(48, 1, 1, '2023-02-24', 19, 3, '40.00', '0.00', 0, '2022-04-11 02:25:26', '2022-04-11 02:25:26');

-- --------------------------------------------------------

--
-- Table structure for table `s_levels`
--

CREATE TABLE `s_levels` (
  `id` int(10) UNSIGNED NOT NULL,
  `name` varchar(255) COLLATE utf8mb4_unicode_ci DEFAULT NULL,
  `created_at` timestamp NULL DEFAULT NULL,
  `updated_at` timestamp NULL DEFAULT NULL
) ENGINE=InnoDB DEFAULT CHARSET=utf8mb4 COLLATE=utf8mb4_unicode_ci;

--
-- Dumping data for table `s_levels`
--

INSERT INTO `s_levels` (`id`, `name`, `created_at`, `updated_at`) VALUES
(1, 'Primary', NULL, NULL),
(2, 'Middle', NULL, NULL);

-- --------------------------------------------------------

--
-- Table structure for table `tehsils`
--

CREATE TABLE `tehsils` (
  `district_id` int(11) NOT NULL,
  `tehsil_name` varchar(15) NOT NULL,
  `id` int(11) NOT NULL
) ENGINE=InnoDB DEFAULT CHARSET=utf8;

--
-- Dumping data for table `tehsils`
--

INSERT INTO `tehsils` (`district_id`, `tehsil_name`, `id`) VALUES
(1, 'ABBOTTABAD', 1),
(1, 'HAVELIAN', 2),
(1, 'LORA', 3),
(1, 'LOWER TANAWAL', 4),
(2, 'BARANG', 5),
(2, 'CHAMARKAND', 6),
(2, 'KHAR', 7),
(2, 'MAMUND', 8),
(2, 'NAWAGAI', 9),
(2, 'SALARZAI', 10),
(2, 'SLARAZAI', 11),
(2, 'UTMAN KHEL', 12),
(2, 'UTMANKHEL', 13),
(3, 'BAKA KHEL', 14),
(3, 'BANNU', 15),
(3, 'DOMEL', 16),
(3, 'KAKKI', 17),
(3, 'MIRYAN', 18),
(4, 'ALLAI', 19),
(4, 'BATTAGRAM', 20),
(5, 'CHAGHARZI', 21),
(5, 'DAGGAR', 22),
(5, 'GADEZI', 23),
(5, 'GAGRA', 24),
(5, 'KHUDUKHAIL', 25),
(5, 'MANDANR', 26),
(6, 'CHARSADDA', 27),
(6, 'SHABQADAR', 28),
(6, 'TANGI', 29),
(7, 'D.I.KHAN', 30),
(7, 'DARABAN KALAN', 31),
(7, 'KULACHI', 32),
(7, 'PAHAR PUR', 33),
(7, 'PAROA', 34),
(8, 'BARAWAL', 35),
(8, 'DIR', 36),
(8, 'KALKOT', 37),
(8, 'LARJAM', 38),
(8, 'SHERINGAL', 39),
(8, 'WARI', 40),
(9, 'ADENZAI ', 41),
(9, 'BALAMBAT', 42),
(9, 'KHALL', 43),
(9, 'LAL QILA', 44),
(9, 'MUNDA', 45),
(9, 'SAMARBAGH', 46),
(9, 'TIMERGARA', 47),
(10, 'HANGU', 48),
(10, 'THALL', 49),
(11, 'GHAZI', 50),
(11, 'HARIPUR', 51),
(11, 'KHANPUR', 52),
(12, 'BANDA DAUD SHAH', 53),
(12, 'KARAK', 54),
(12, 'TAKHT NASARATI', 55),
(13, 'BARA', 56),
(13, 'JAMRUD', 57),
(13, 'LANDI KOTAL', 58),
(14, 'KOHAT', 59),
(14, 'LACHI', 60),
(15, 'PALAS', 61),
(16, 'CENTRAL KURRAM', 62),
(16, 'LOWER KURRAM', 63),
(16, 'UPPER KURRAM', 64),
(17, 'LAKKI MARWAT', 65),
(17, 'SARAI NAURANG', 66),
(18, 'CHITRAL', 67),
(18, 'DROSH', 68),
(19, 'PATTAN', 69),
(20, 'BATKHELA', 70),
(20, 'DARGAI', 71),
(21, 'BAFFA PAKHAL', 72),
(21, 'BALAKOT', 73),
(21, 'DARBAND', 74),
(21, 'MANSEHRA', 75),
(21, 'OGHI', 76),
(22, 'KATLANG', 77),
(22, 'MARDAN', 78),
(22, 'RUSTAM', 79),
(22, 'TAKHT BHAI', 80),
(23, 'AMBAR', 81),
(23, 'BAIZAI', 82),
(23, 'EKA GHUND', 83),
(23, 'GHALLANAI', 84),
(23, 'LAKARAI', 85),
(23, 'PANDIALI', 86),
(23, 'PRANG GHAR', 87),
(24, 'DATTA KHEL', 88),
(24, 'DOSSALI', 89),
(24, 'GARYUM', 90),
(24, 'GHULAM KHAN', 91),
(24, 'MIRALI', 92),
(24, 'MIRANSHAH', 93),
(24, 'RAZMAK', 94),
(24, 'SHAWAL', 95),
(24, 'SHEWA', 96),
(24, 'SPINWAM', 97),
(25, 'JEHANGIRA', 98),
(25, 'NOWSHERA', 99),
(25, 'PABBI', 100),
(26, 'CENTRAL', 101),
(26, 'ISMAILZAI', 102),
(26, 'LOWER', 103),
(26, 'LOWER ORAK', 104),
(26, 'UPPER', 105),
(26, 'UPPER ORAK', 106),
(27, 'TOWN I', 107),
(27, 'TOWN II', 108),
(27, 'TOWN III', 109),
(27, 'TOWN IV', 110),
(28, 'ALPURAI', 111),
(28, 'BESHAM', 112),
(28, 'CHAKISAR', 113),
(28, 'MARTUNG', 114),
(28, 'PURAN', 115),
(29, 'BIRMAL', 116),
(29, 'LADHA', 117),
(29, 'MAKIN', 118),
(29, 'SARAROGHA', 119),
(29, 'SERWEKAI', 120),
(29, 'SHAKI', 121),
(29, 'TIARZA', 122),
(29, 'TOI KHULLAH', 123),
(29, 'WANA', 124),
(30, 'BETTANI', 125),
(31, 'DARRA ADAM KHEL', 126),
(32, 'DRAZANDA', 127),
(33, 'HASSAN KHEL', 128),
(34, 'JANDOLA', 129),
(35, 'WAZIR', 130),
(36, 'LAHOR', 131),
(36, 'RAZAR', 132),
(36, 'SWABI', 133),
(36, 'TOPI', 134),
(37, 'BABOZAI', 135),
(37, 'BAHRAIN', 136),
(37, 'BARIKOT', 137),
(37, 'CHARBAGH', 138),
(37, 'KABAL', 139),
(37, 'KHWAZAKHELA', 140),
(37, 'MATTA', 141),
(38, 'TANK', 142),
(39, 'HASSAN ZAI', 143),
(39, 'JUDBA', 144),
(40, 'MASTUJ', 145),
(40, 'MULKHOW/TORKHOW', 146),
(41, 'DASSU', 147),
(41, 'KANDIA', 148);

-- --------------------------------------------------------

--
-- Table structure for table `transports`
--

CREATE TABLE `transports` (
  `id` int(10) UNSIGNED NOT NULL,
  `name` varchar(255) COLLATE utf8mb4_unicode_ci DEFAULT NULL,
  `created_at` timestamp NULL DEFAULT NULL,
  `updated_at` timestamp NULL DEFAULT NULL
) ENGINE=InnoDB DEFAULT CHARSET=utf8mb4 COLLATE=utf8mb4_unicode_ci;

--
-- Dumping data for table `transports`
--

INSERT INTO `transports` (`id`, `name`, `created_at`, `updated_at`) VALUES
(1, 'All Vehicles', NULL, NULL),
(2, 'small Vehicles', NULL, NULL),
(3, '4x4 vehicles', NULL, NULL),
(4, 'Not Accessable/by foot', NULL, NULL);

-- --------------------------------------------------------

--
-- Table structure for table `ucs`
--

CREATE TABLE `ucs` (
  `tehsil_id` int(11) NOT NULL,
  `uc_name` varchar(27) NOT NULL,
  `id` int(11) NOT NULL
) ENGINE=InnoDB DEFAULT CHARSET=utf8;

--
-- Dumping data for table `ucs`
--

INSERT INTO `ucs` (`tehsil_id`, `uc_name`, `id`) VALUES
(1, 'BAGH', 1),
(1, 'BAGNOTAR', 2),
(1, 'BAKOT', 3),
(1, 'BALDHERI', 4),
(1, 'BANDA PIR KHAN', 5),
(1, 'BEERANGALI', 6),
(1, 'BIROTE KALAN', 7),
(1, 'BOI', 8),
(1, 'CENTRAL URBAN', 9),
(1, 'CHAMHAD', 10),
(1, 'DALOLA', 11),
(1, 'DHAMTOUR', 12),
(1, 'JHANGI', 13),
(1, 'KAKUL', 14),
(1, 'KATHWAL', 15),
(1, 'KEHAL URBAN', 16),
(1, 'KUKMANG', 17),
(1, 'KUTHWAL', 18),
(1, 'MALIKPURA URBAN', 19),
(1, 'MIRPUR', 20),
(1, 'NAGRI BALA', 21),
(1, 'NAMBAL', 22),
(1, 'NAMLI MAIRA', 23),
(1, 'NATHIA GALI', 24),
(1, 'NAWANSHER URBAN', 25),
(1, 'PALAK', 26),
(1, 'PATTAN KALAN', 27),
(1, 'PAWA', 28),
(1, 'PHALKOT', 29),
(1, 'SALHAD', 30),
(1, 'SARBHANA', 31),
(1, 'SHEIKHUL BANDI', 32),
(1, 'TAJWAL', 33),
(41, 'ASBANR', 34),
(41, 'BADWAN', 35),
(41, 'CHAKDARA', 36),
(41, 'KHADAGZAI', 37),
(41, 'KHANPUR I', 38),
(41, 'KOTIGRAM', 39),
(41, 'OUCH', 40),
(41, 'TAZAGRAM', 41),
(19, 'BANNA', 42),
(19, 'BATEELA', 43),
(19, 'BIARI', 44),
(19, 'HUTAL BATHKOOL', 45),
(19, 'JAMBERA', 46),
(19, 'PASHTO', 47),
(19, 'RASHANG', 48),
(19, 'SAKARGAH', 49),
(111, 'ALPURAI', 50),
(111, 'DAMORAI', 51),
(111, 'DEHRAI', 52),
(111, 'KUZ KANA', 53),
(111, 'LILOWNAI', 54),
(111, 'MALAK KHEL', 55),
(111, 'PIR ABAD', 56),
(111, 'PIR KHANA', 57),
(111, 'RANYAL', 58),
(111, 'SHAH PUR I', 59),
(81, 'AMBAR', 60),
(135, 'AKA MAROF BAMI KHEL', 61),
(135, 'AMANKOT FAIZABAD', 62),
(135, 'BANR', 63),
(135, 'DANGRAM SANGOTA', 64),
(135, 'GUL KADA', 65),
(135, 'ISLAMPUR', 66),
(135, 'KOKARAI', 67),
(135, 'MALAKANAN / LANDAY KASS', 68),
(135, 'MALOOK ABAD', 69),
(135, 'MANGLAWAR', 70),
(135, 'NAWAYKALAY SHAHDARA', 71),
(135, 'ODIGRAM', 72),
(135, 'QAMBAR', 73),
(135, 'RAHIM ABAD', 74),
(135, 'RANG MOHALLAH MINGORA', 75),
(135, 'SAIDU SHARIF', 76),
(135, 'TINDODAG', 77),
(72, 'BAFFA', 78),
(72, 'BATTAL', 79),
(72, 'BHOGARMANG', 80),
(72, 'CHATTAR PLAIN', 81),
(72, 'DEVLI JABAR', 82),
(72, 'DHODIAL', 83),
(72, 'HILKOT', 84),
(72, 'ICHRIAN', 85),
(72, 'INAYAT ABAD', 86),
(72, 'JABORI', 87),
(72, 'SACHAN KALAN', 88),
(72, 'SHINKIARI', 89),
(72, 'SUM ELAHI MANG', 90),
(72, 'TANDA', 91),
(72, 'TRANGRI SABIR SHAH', 92),
(136, 'BAHRAIN', 93),
(136, 'BALAKOT', 94),
(136, 'BASHIGRAM', 95),
(136, 'KALAM', 96),
(136, 'MADYAN', 97),
(136, 'MANKYAL', 98),
(136, 'TEERAT', 99),
(136, 'UTROR', 100),
(82, 'BAIZAI', 101),
(14, 'BAKA KHEL', 102),
(14, 'HINDI KHEL', 103),
(14, 'JANI KHEL', 104),
(14, 'MUHAMMAD KHEL', 105),
(14, 'TAKHT-E-KHEL', 106),
(73, 'BALAKOT I', 107),
(73, 'GARLAT', 108),
(73, 'GHANOOL', 109),
(73, 'GHARI HABIB ULLAH', 110),
(73, 'HANGRAI', 111),
(73, 'KAGHAN', 112),
(73, 'KARNOL', 113),
(73, 'KAWAI', 114),
(73, 'KEWAI', 115),
(73, 'MOHANDARI', 116),
(73, 'SATT BANI', 117),
(73, 'SHOHAL MAZULLAH', 118),
(73, 'TALHATA', 119),
(42, 'BALAMBAT', 120),
(42, 'HAYASERAI', 121),
(42, 'KOTO', 122),
(42, 'LAJBOK', 123),
(42, 'MUNJAI', 124),
(42, 'RABAT', 125),
(53, 'BAHADER KHEL', 126),
(53, 'GURGURI', 127),
(53, 'JATTA ISMAIL KHEL', 128),
(53, 'NARI PANUS', 129),
(53, 'TERI', 130),
(15, 'AMANDI', 131),
(15, 'ARAL HATHI KHEL I', 132),
(15, 'BAZAR AHMAD KHAN', 133),
(15, 'CITY-1', 134),
(15, 'CITY-2', 135),
(15, 'DAUD SHAH', 136),
(15, 'FATMA KHEL', 137),
(15, 'GARHI SHER AHMAD', 138),
(15, 'GHORIWALA', 139),
(15, 'HASSANI', 140),
(15, 'HINJAL', 141),
(15, 'ISMAIL KHEL I', 142),
(15, 'JHANDU KHEL', 143),
(15, 'KAKKI 1', 144),
(15, 'KAKKI 2', 145),
(15, 'KALA KHEL MASTI KHAN', 146),
(15, 'KAUSAR FATEH KHEL', 147),
(15, 'KHANDER KHAN KHEL I', 148),
(15, 'KHAWAJA MAD MANDAN', 149),
(15, 'KOT QALANDER', 150),
(15, 'KOTI SADAT', 151),
(15, 'LALOZAI', 152),
(15, 'MAMASH KHEL', 153),
(15, 'MAMBATI BARAKZAI', 154),
(15, 'MANDAN', 155),
(15, 'MANDEV', 156),
(15, 'MIRA KHEL', 157),
(15, 'MUMBATI BARAKZAI', 158),
(15, 'NIZAM DHERMA KHEL', 159),
(15, 'SELEMA SIKANDER KHEL', 160),
(15, 'SHAHBAZ AZMAT KHEL', 161),
(15, 'SHAMSHI KHEL', 162),
(15, 'SIKANDER KHEL BALA', 163),
(15, 'SLEMA SIKANDAR KHEL', 164),
(15, 'SOKARI', 165),
(15, 'ZERKI PIRBA KHEL I', 166),
(56, 'BARA', 167),
(5, 'BARANG', 168),
(35, 'BARAWAL BANDAI', 169),
(35, 'DARIKAND', 170),
(35, 'JANBHATTI', 171),
(35, 'SHAHI KOT', 172),
(35, 'SUNDRAWAL', 173),
(137, 'BARIKOT I', 174),
(137, 'GHALIGAY', 175),
(137, 'KOTA', 176),
(137, 'PARRAI', 177),
(137, 'SHAMOZAI I', 178),
(70, 'AGRA I', 179),
(70, 'ALLAHDAND', 180),
(70, 'BATKHELA (LOWER)', 181),
(70, 'BATKHELA (MIDDLE)', 182),
(70, 'BATKHELA (UPPER)', 183),
(70, 'DEHRI', 184),
(70, 'DEHRI (JULAGRAM)', 185),
(70, 'KHAR I', 186),
(70, 'KOT', 187),
(70, 'MALAKAND', 188),
(70, 'PALAI', 189),
(70, 'PIRKHEL', 190),
(70, 'SELLAY PATTAY', 191),
(70, 'THANA (BANDAJAT)', 192),
(70, 'THANA (JADEED)', 193),
(70, 'THANA (KHAS)', 194),
(70, 'TOTAKAN', 195),
(20, 'AJMERA', 196),
(20, 'BANIAN', 197),
(20, 'BATTAGRAM', 198),
(20, 'BATTAMORI', 199),
(20, 'GIJBORI', 200),
(20, 'KUZA BANDA', 201),
(20, 'PAIMAL SHARIF', 202),
(20, 'PESHORA', 203),
(20, 'RAJDHARI', 204),
(20, 'SHAMLAI', 205),
(20, 'THAKOT', 206),
(20, 'TRAND', 207),
(112, 'BUTYAL', 208),
(112, 'DANDAI', 209),
(112, 'KORMANG', 210),
(112, 'MAIRA', 211),
(112, 'SHANG', 212),
(125, 'BETTANI', 213),
(116, 'BIRMAL', 214),
(101, 'CENTRAL', 215),
(62, 'CENTRAL KURRAM', 216),
(21, 'BATARA', 217),
(21, 'GUL BANDAI', 218),
(21, 'PANDHER', 219),
(21, 'SOREY', 220),
(113, 'BUNERWAL', 221),
(113, 'CHAKISAR', 222),
(113, 'OPAL', 223),
(113, 'SARKOL', 224),
(6, 'CHAMARKAND', 225),
(138, 'CHARBAGH 01', 226),
(138, 'CHARBAGH 02', 227),
(138, 'CHARBAGH 03', 228),
(138, 'GULIBAGH', 229),
(138, 'KISHWARA', 230),
(138, 'TALIGRAM', 231),
(27, 'AGRA', 232),
(27, 'BEHLOLA', 233),
(27, 'CHARSADDA-I', 234),
(27, 'CHARSADDA-II', 235),
(27, 'CHARSADDA-III', 236),
(27, 'CHARSADDA-IV', 237),
(27, 'CHINDRO DAG', 238),
(27, 'DARGAI I', 239),
(27, 'DHERI ZARDAD', 240),
(27, 'DOSEHRA', 241),
(27, 'GHUNDA KARKANA', 242),
(27, 'HISARA YASIN ZAI', 243),
(27, 'KHAN MAHI', 244),
(27, 'MERA PRANG', 245),
(27, 'MERA UMARZAI', 246),
(27, 'MUHAMMAD NARI', 247),
(27, 'NISATTA', 248),
(27, 'RAJJAR-I', 249),
(27, 'RAJJAR-II', 250),
(27, 'SARKI TITARA', 251),
(27, 'SHEIKHO', 252),
(27, 'TARNAB', 253),
(27, 'TURANGZAI', 254),
(27, 'UMARZAI', 255),
(27, 'UTMANZAI', 256),
(67, 'BROZE I', 257),
(67, 'CHITRAL-I', 258),
(67, 'CHITRAL-II', 259),
(67, 'DENIN', 260),
(67, 'KARIM ABAD', 261),
(67, 'KOH', 262),
(67, 'LOTKOH', 263),
(67, 'SHOGHORE', 264),
(30, 'CHEHKAN', 265),
(30, 'CITY-I (URBAN)', 266),
(30, 'CITY-II (URBAN)', 267),
(30, 'CITY-III (URBAN)', 268),
(30, 'CITY-IV (URBAN)', 269),
(30, 'CITY-V (URBAN)', 270),
(30, 'DERA DEHAT-I (URBAN)', 271),
(30, 'DERA DEHAT-II (URBAN)', 272),
(30, 'DEWALA (URBAN)', 273),
(30, 'GILOTI', 274),
(30, 'HISSAM', 275),
(30, 'KECH', 276),
(30, 'KORAI', 277),
(30, 'KOTLA SAIDAN ', 278),
(30, 'LACHRA ', 279),
(30, 'MANDHRA', 280),
(30, 'MURYALI', 281),
(30, 'RATTA KULACHI', 282),
(30, 'SHORE KOT', 283),
(30, 'YARIK', 284),
(30, 'ZINDANI', 285),
(22, 'DAGGAR', 286),
(22, 'ELAI', 287),
(22, 'GOKAND', 288),
(22, 'KRAPA', 289),
(22, 'TORWARSAK', 290),
(31, 'BHUKKI ', 291),
(31, 'CHAUDHWAN ', 292),
(31, 'DARABAN KALAN', 293),
(31, 'GANDI UMAR KHAN ', 294),
(31, 'MUSA ZAI SHARIF ', 295),
(74, 'DARBAND I', 296),
(74, 'DARRA SHANAYA', 297),
(74, 'NIKA PANI', 298),
(71, 'BADRAGGA', 299),
(71, 'DARGAI', 300),
(71, 'GARHI USMANI KHEL', 301),
(71, 'HERO SHAH', 302),
(71, 'KHARKAI', 303),
(71, 'KOPER', 304),
(71, 'MEHERDAY', 305),
(71, 'SAKHAKOT (BANDAJAT)', 306),
(71, 'SAKHAKOT (JADEED)', 307),
(71, 'SAKHAKOT (KHAS)', 308),
(71, 'WARTAIR', 309),
(126, 'DARRA ADAM KHEL', 310),
(147, 'BAR JALKOT', 311),
(147, 'BARIYAR', 312),
(147, 'DASSU', 313),
(147, 'GOSHALI', 314),
(147, 'HARBAN', 315),
(147, 'KOMILA', 316),
(147, 'KUZ JALKOT', 317),
(147, 'KUZ PURWA', 318),
(147, 'SAZEEN', 319),
(147, 'SEO', 320),
(147, 'SIGLOO', 321),
(88, 'DATTA KHEL', 322),
(36, 'CHUKYATAN', 323),
(36, 'DIR URBAN', 324),
(36, 'GANORAI', 325),
(36, 'GANORI', 326),
(36, 'QULANDAI', 327),
(16, 'ARAL HATHI KHEL', 328),
(16, 'ASPERKA WAZIRAN', 329),
(16, 'BIZEN KHEL', 330),
(16, 'KHANDER KHAN KHEL', 331),
(16, 'ZERKI PIRBA KHEL', 332),
(89, 'DOSSALI', 333),
(127, 'DRAZANDA', 334),
(68, 'ARANDU', 335),
(68, 'ASHIRATE', 336),
(68, 'AYUN', 337),
(68, 'BROZE', 338),
(68, 'DROSH-I', 339),
(68, 'DROSH-II', 340),
(68, 'SHISHI KOH', 341),
(83, 'EKA GHUND', 342),
(23, 'ABAKHAIL', 343),
(23, 'GADEZI', 344),
(23, 'MALAK PUR', 345),
(23, 'MALI KHAIL', 346),
(23, 'PACHA KALAY', 347),
(24, 'DEWANA BABA', 348),
(24, 'GAGRA', 349),
(24, 'NORIZI', 350),
(24, 'REGA', 351),
(24, 'SHALBANDAI', 352),
(90, 'GARYUM', 353),
(84, 'GHALLANAI', 354),
(50, 'BAIT GALI', 355),
(50, 'GHAZI', 356),
(50, 'KHAIR BARA', 357),
(50, 'KOTEHRA', 358),
(50, 'KUNDI', 359),
(50, 'NARA AMAZAI', 360),
(50, 'QAZI PUR', 361),
(50, 'SERIKOT', 362),
(91, 'GHULAM KHAN', 363),
(48, 'BILYAMINA', 364),
(48, 'DARBAND', 365),
(48, 'GANJANO KALLY', 366),
(48, 'KACH', 367),
(48, 'KAHI I', 368),
(48, 'KHAN BARI', 369),
(48, 'KOTKI', 370),
(48, 'MUHAMMAD KHAWAJA', 371),
(48, 'RAISAN', 372),
(48, 'TOGH SARAI', 373),
(51, 'ALI KHAN', 374),
(51, 'BAGRA', 375),
(51, 'BAKKA', 376),
(51, 'BANDI SHER KHAN', 377),
(51, 'BEER', 378),
(51, 'DARWAISH', 379),
(51, 'DHEENDHA', 380),
(51, 'DINGI', 381),
(51, 'HARIPUR CENTRAL', 382),
(51, 'HARIPUR NORTH', 383),
(51, 'HARIPUR SOUTH', 384),
(51, 'JATTI PIND', 385),
(51, 'KALINGER', 386),
(51, 'KHALABAT', 387),
(51, 'KHOLIAN BALA', 388),
(51, 'KOT NAJEEBULLAH', 389),
(51, 'LADAR MANG', 390),
(51, 'MANKARAI', 391),
(51, 'PANDAK', 392),
(51, 'PANIAN', 393),
(51, 'PIND HASHIM KHAN', 394),
(51, 'PIND KAMAL KHAN I', 395),
(51, 'REHANA', 396),
(51, 'SARAI NIAMAT KHAN', 397),
(51, 'SARAI SALEH', 398),
(51, 'SHAH MAQSOOD', 399),
(51, 'SIKANDAR PUR', 400),
(51, 'SIRYA', 401),
(51, 'TURBELA', 402),
(128, 'HASSAN KHEL', 403),
(143, 'BIMBAL', 404),
(143, 'DARBANI ', 405),
(143, 'GHARI', 406),
(143, 'KAND', 407),
(143, 'KHWARH  MADA KHAIL', 408),
(143, 'MAIRA MADA KHAIL', 409),
(143, 'MANJAKOT', 410),
(143, 'PALOSA', 411),
(143, 'TILLI', 412),
(2, 'BANDI ATTAI KHAN', 413),
(2, 'DEWAL MANAL', 414),
(2, 'GHARI PHULGRAN', 415),
(2, 'HAVELIAN URBAN', 416),
(2, 'JHANGRA', 417),
(2, 'LANGRA', 418),
(2, 'LANGRIAL', 419),
(2, 'MAJUHAN', 420),
(2, 'NARA', 421),
(102, 'ISMAILZAI', 422),
(57, 'JAMRUD', 423),
(129, 'JANDOLA', 424),
(98, 'ADAM ZAI', 425),
(98, 'INZARI', 426),
(98, 'JEHANGIRA I', 427),
(98, 'KAHI', 428),
(98, 'KHAIRABAD', 429),
(98, 'MANDORI', 430),
(98, 'MERA AKORA KHATAK', 431),
(98, 'NIZAMPUR', 432),
(98, 'SHEDU', 433),
(144, 'BALKOT ', 434),
(144, 'BARTOONI', 435),
(144, 'DAUR MAIRA', 436),
(144, 'HARNAIL ', 437),
(144, 'JUDBAH', 438),
(144, 'SHAHTAL', 439),
(144, 'SHINGAL DAR', 440),
(139, 'BAR ABA KHEL', 441),
(139, 'BARA BANDAI', 442),
(139, 'DEOLAI', 443),
(139, 'HAZARA', 444),
(139, 'KALA KALAY', 445),
(139, 'KANJU', 446),
(139, 'KOZ ABAKHEL', 447),
(139, 'KOZA BANDAI', 448),
(139, 'QALAGAY', 449),
(139, 'SHAH DHERAI', 450),
(139, 'TALL', 451),
(139, 'TOTANO BANDAI', 452),
(17, 'BHARAT', 453),
(17, 'KHUJARI', 454),
(17, 'NAR JAFFAR', 455),
(37, 'BARIKOT', 456),
(37, 'KALKOT', 457),
(37, 'PATRAK GHARBI', 458),
(37, 'PATRAK SHARQI', 459),
(37, 'THALL', 460),
(148, 'GABRIAL', 461),
(148, 'KARANG', 462),
(148, 'KAREEN', 463),
(148, 'THOTI', 464),
(54, 'GHUNDI MIR KHAN KHEL', 465),
(54, 'ISAK CHOUNTRA', 466),
(54, 'JANDRI', 467),
(54, 'KARAK NORTH', 468),
(54, 'KARAK SOUTH', 469),
(54, 'LATAMBER', 470),
(54, 'MITHA KHEL I', 471),
(54, 'PALOSA SAR', 472),
(54, 'SABIR ABAD', 473),
(77, 'ALO', 474),
(77, 'BABOZAI', 475),
(77, 'BAIZO KHARKI', 476),
(77, 'DHERI LEKPANI', 477),
(77, 'JAMAL GARHI', 478),
(77, 'KATLANG 1', 479),
(77, 'KATLANG 2', 480),
(77, 'KATTI GARHI', 481),
(77, 'KOHI BARMOL', 482),
(77, 'QASAMI', 483),
(77, 'SAWAL DHER', 484),
(77, 'SHAMOZAI', 485),
(43, 'KHALL', 486),
(43, 'KHALL 1', 487),
(43, 'KHALL SHALFALAM', 488),
(43, 'SULTAN KHEL', 489),
(43, 'TOORMANG-1', 490),
(43, 'TOORMANG-2', 491),
(52, 'BAREELA', 492),
(52, 'BARKOT', 493),
(52, 'HATTAR', 494),
(52, 'JABRI', 495),
(52, 'KHANPUR', 496),
(52, 'MUSLIM ABAD I', 497),
(52, 'NAJAFPUR', 498),
(52, 'PIND KAMAL KHAN', 499),
(52, 'TOFKIAN', 500),
(7, 'KHAR', 501),
(25, 'CHINGLAI', 502),
(25, 'GHURGHUSHTO', 503),
(25, 'KANGALAI', 504),
(25, 'SARWAI', 505),
(25, 'TOTALAI', 506),
(140, 'FATEHPUR', 507),
(140, 'JANO CHAMTALAI', 508),
(140, 'KHWAZAKHELA', 509),
(140, 'KOTANAI', 510),
(140, 'MIANDAM', 511),
(140, 'SHALPIN', 512),
(140, 'SHIN', 513),
(59, 'ALI ZAI', 514),
(59, 'BAHADAR KOT', 515),
(59, 'BILLITANG', 516),
(59, 'CHORLAKI', 517),
(59, 'DHODA I', 518),
(59, 'GUMBAT I', 519),
(59, 'JERMA', 520),
(59, 'KHARMATOO', 521),
(59, 'KHUSHAL GARH', 522),
(59, 'MUHAMMAD ZAI', 523),
(59, 'NASRAT KHEL', 524),
(59, 'SHAH PUR', 525),
(59, 'SHER KOT', 526),
(59, 'SUMARI', 527),
(59, 'SUMARI PAYAN', 528),
(59, 'SURGUL', 529),
(59, 'TOGH BALA -I', 530),
(59, 'TOGH BALA -II', 531),
(59, 'URBAN -I', 532),
(59, 'URBAN -II', 533),
(59, 'URBAN -III', 534),
(59, 'URBAN -IV', 535),
(59, 'URBAN -V', 536),
(59, 'URBAN -VI', 537),
(59, 'URBAN-IV', 538),
(59, 'USTARZAI', 539),
(59, 'ZAIRAT SHEIKH ALLAH DAD', 540),
(59, 'ZIARAT SHAIKH ALLAH DAD', 541),
(32, 'HATHALA ', 542),
(32, 'KULACHI URBAN-I', 543),
(32, 'KULACHI URBAN-II', 544),
(32, 'LOONI', 545),
(32, 'MADDI', 546),
(60, 'DHODA', 547),
(60, 'LACHI RURAL', 548),
(60, 'LACHI URBAN', 549),
(60, 'MANDOORI', 550),
(60, 'SHAKARDARA RURAL-I', 551),
(60, 'SHAKARDARA RURAL-II', 552),
(60, 'SHAKARDARA-URBAN', 553),
(60, 'SUDAL', 554),
(117, 'LADHA', 555),
(131, 'ANBAR', 556),
(131, 'BEKA', 557),
(131, 'JALBAI', 558),
(131, 'JALSAI', 559),
(131, 'JEHANGIRA', 560),
(131, 'KUNDA', 561),
(131, 'LAHOR EAST', 562),
(131, 'LAHOR WEST', 563),
(131, 'MANKI', 564),
(131, 'MATHANI CHANGAN', 565),
(131, 'TORDHER', 566),
(85, 'LAKARAI', 567),
(65, 'ABBA KHEL', 568),
(65, 'ABDUL KHEL', 569),
(65, 'AHMAD KHEL', 570),
(65, 'BAKHMAL AHMAD ZAI', 571),
(65, 'BEGU KHEL', 572),
(65, 'BEHRAM KHEL', 573),
(65, 'DARA PEZU', 574),
(65, 'DARA TANG', 575),
(65, 'DARAKA SULEMAN KHEL', 576),
(65, 'GHAZNI KHEL', 577),
(65, 'ISAK KHEL', 578),
(65, 'KAKA KHEL', 579),
(65, 'KHERU KHEL PACCA', 580),
(65, 'LAKKI-I (URBAN)', 581),
(65, 'LAKKI-II (URBAN)', 582),
(65, 'LANDIWAH', 583),
(65, 'MASH MASTI KHANI', 584),
(65, 'MASHA MANSOOR', 585),
(65, 'MELA SHAHAB KHEL', 586),
(65, 'PAHAR KHEL THALL', 587),
(65, 'SAMANDI', 588),
(65, 'TAJA ZAI', 589),
(65, 'TAJORI', 590),
(65, 'TITER KHEL GULI JAN', 591),
(44, 'BISHGRAM', 592),
(44, 'GALL MAIDAN', 593),
(44, 'KOTKAY', 594),
(44, 'LAL QILA', 595),
(44, 'ZAIMDARA', 596),
(58, 'LANDI KOTAL', 597),
(38, 'BIBYAWAR', 598),
(38, 'DARORA', 599),
(38, 'JABBER', 600),
(38, 'PALAM', 601),
(38, 'TARPATAR', 602),
(3, 'GOREENI', 603),
(3, 'LORA', 604),
(3, 'NAGRI TOTIAL', 605),
(3, 'PHALLAH', 606),
(3, 'SEER GHARBI', 607),
(3, 'SEER SHARQI', 608),
(103, 'LOWER', 609),
(63, 'LOWER KURRAM', 610),
(104, 'LOWER ORAK', 611),
(4, 'JARRAL', 612),
(4, 'KUTHIALA', 613),
(4, 'PIND KARGU KHAN', 614),
(4, 'SHERWAN', 615),
(118, 'MAKIN', 616),
(8, 'MAMUND', 617),
(26, 'AMAZAI', 618),
(26, 'KANDAR KATAI', 619),
(26, 'KAWGA', 620),
(26, 'MAKHRANAI', 621),
(26, 'NAWAGAI I', 622),
(75, 'ATTERSHISHA', 623),
(75, 'BEHALI', 624),
(75, 'BHERKUND', 625),
(75, 'CITY NO 1', 626),
(75, 'CITY NO 2', 627),
(75, 'CITY NO 3', 628),
(75, 'CITY NO 4', 629),
(75, 'DATTA', 630),
(75, 'HAMSHERIAN', 631),
(75, 'JALOO', 632),
(75, 'LABER KOT', 633),
(75, 'LASSAN NAWAB', 634),
(75, 'LASSAN THAKRAL', 635),
(75, 'MALIK PUR', 636),
(75, 'MANSEHRA RURAL', 637),
(75, 'PAIRAN', 638),
(75, 'PERHAINA', 639),
(75, 'PHULRA', 640),
(75, 'SANDESAR', 641),
(75, 'SAWAN MAIRA', 642),
(75, 'SHAUKAT ABAD', 643),
(78, 'BABENI', 644),
(78, 'BAGHDADA', 645),
(78, 'BAGH-E-HARAM', 646),
(78, 'BAGHICHA DHERI', 647),
(78, 'BAKHSHALI', 648),
(78, 'BALA GARHI', 649),
(78, 'BARI CHAM', 650),
(78, 'BICKET GUNJ', 651),
(78, 'BIJLI GHAR', 652),
(78, 'CHAK HOTI', 653),
(78, 'CHAMTAR', 654),
(78, 'DAGAI', 655),
(78, 'FATMA', 656),
(78, 'GARHI DAULAT ZAI', 657),
(78, 'GARHI ISMAIL ZAI', 658),
(78, 'GHALA DHER', 659),
(78, 'GULI BAGH', 660),
(78, 'GUMBAT', 661),
(78, 'HOTI', 662),
(78, 'KANDAR', 663),
(78, 'KAS KORONA', 664),
(78, 'KHAZANA DHERI', 665),
(78, 'KOT DAULAT ZAI', 666),
(78, 'MAHO DHERI', 667),
(78, 'MANGAH', 668),
(78, 'MARDAN KHASS', 669),
(78, 'MARDAN RURAL', 670),
(78, 'MAYAR', 671),
(78, 'MOHIB BANDA', 672),
(78, 'MUHABAT ABAD', 673),
(78, 'MUSLIM ABAD', 674),
(78, 'PAR HOTI', 675),
(78, 'RORYA', 676),
(78, 'SHAHBAZ GARHI', 677),
(78, 'SHAMAT PUR', 678),
(78, 'SIKANDARI PURDAL ABAD', 679),
(78, 'TORU', 680),
(114, 'BEHLOOL KHEL', 681),
(114, 'MARTUNG KHAAS', 682),
(114, 'NUSRAT KHEL', 683),
(145, 'CHARUN', 684),
(145, 'LASPUR', 685),
(145, 'MASTUJ', 686),
(145, 'YARKHUN', 687),
(141, 'ARKOT', 688),
(141, 'ASHARAY', 689),
(141, 'BAIDARA', 690),
(141, 'BARTHANA', 691),
(141, 'BEHA', 692),
(141, 'CHUPRIAL', 693),
(141, 'DARMAI', 694),
(141, 'DURASH KHELA', 695),
(141, 'GWALERAI', 696),
(141, 'MATTA KHARIRAI', 697),
(141, 'PIR KALAY', 698),
(141, 'SAKHRA', 699),
(141, 'SHAWAR', 700),
(92, 'MIRALI', 701),
(93, 'MIRANSHAH', 702),
(18, 'HAVED LANDIDAK', 703),
(18, 'MAMA KHEL', 704),
(18, 'MITHA KHEL', 705),
(18, 'NURAR', 706),
(146, 'KHOT', 707),
(146, 'KOSHT', 708),
(146, 'MULKHOW', 709),
(146, 'OWIR', 710),
(146, 'SHAHGRAM', 711),
(146, 'TERICH', 712),
(45, 'GOSAM', 713),
(45, 'KHAZANA', 714),
(45, 'MIAN KALAY', 715),
(45, 'MUNDA', 716),
(45, 'QILLA SHALKANDAI', 717),
(9, 'NAWAGAI', 718),
(99, 'AKORA KHATTAK', 719),
(99, 'AMAN GARH', 720),
(99, 'AZA KHEL BALA', 721),
(99, 'AZA KHEL PAYAN', 722),
(99, 'BADRASHI', 723),
(99, 'BARA BANDA', 724),
(99, 'CHOWKI TOWN', 725),
(99, 'DHERI KATTI KHEL', 726),
(99, 'GANDHERI', 727),
(99, 'KABUL RIVER', 728),
(99, 'KHESHKI BALA', 729),
(99, 'KHESHKI PAYAN', 730),
(99, 'KHUDRAIZI KHAN SHEIKH GARHI', 731),
(99, 'MANKI SHARIF', 732),
(99, 'MISRI BANDA', 733),
(99, 'MUGHALKAI', 734),
(99, 'NAWAN KALI', 735),
(99, 'NOWHERA CITY', 736),
(99, 'PAHARI KATI KHEL', 737),
(99, 'PIR PAI', 738),
(99, 'PIR SABAQ', 739),
(99, 'RASHKAI', 740),
(99, 'ZARA MAINA', 741),
(99, 'ZARA MIANA', 742),
(99, 'ZIARAT KAKA SAHIB', 743),
(76, 'BANDI SHUNGLI', 744),
(76, 'BELIAN', 745),
(76, 'DILBORI', 746),
(76, 'KARORI', 747),
(76, 'KATHAI', 748),
(76, 'OGHI', 749),
(76, 'SHAMDHARA', 750),
(76, 'SHERGARH', 751),
(100, 'AKBAR PURA', 752),
(100, 'AMAN KOT', 753),
(100, 'BALU', 754),
(100, 'CHOWKI MUMREZ', 755),
(100, 'DAG BEHSOOD', 756),
(100, 'DAG ISMAIL KHEL', 757),
(100, 'DAGAI II', 758),
(100, 'JADOZAI', 759),
(100, 'JALOZAI', 760),
(100, 'KURVI', 761),
(100, 'MOHIB BANDA I', 762),
(100, 'PABBI', 763),
(100, 'SHAH KOT', 764),
(100, 'SPIN KHAK', 765),
(100, 'TARU', 766),
(33, 'BAND KURRAI', 767),
(33, 'BIGWANI SHUMALI', 768),
(33, 'BILOT SHARIF ', 769),
(33, 'DHAP SHUMALI', 770),
(33, 'KATH GARH', 771),
(33, 'KIRRI KHAISOR', 772),
(33, 'KOT JAI', 773),
(33, 'LAAR', 774),
(33, 'PAHAR PUR', 775),
(33, 'PANYALA', 776),
(33, 'WANDA KHAN MUHAMMAD', 777),
(61, 'BAR SHERYAL', 778),
(61, 'BATIARA PAYEEN', 779),
(61, 'HARAN', 780),
(61, 'KHTAKOT', 781),
(61, 'KOLAI', 782),
(61, 'KUNSHAIR', 783),
(61, 'KUZ PARO', 784),
(61, 'KUZ SHERYAL', 785),
(61, 'MADDAKHEL ABAD', 786),
(61, 'PEACH BELA', 787),
(61, 'SHALKHAN ABAD', 788),
(61, 'SHARID', 789),
(61, 'SHERAKOT', 790),
(86, 'PANDIALI', 791),
(34, 'KIRRI SHAMOZAI', 792),
(34, 'LUNDA SHARIF', 793),
(34, 'MAHRA', 794),
(34, 'MALLANA', 795),
(34, 'MIRAN', 796),
(34, 'NAIVELLA', 797),
(34, 'PAROA', 798),
(69, 'BANKAD', 799),
(69, 'CHAWADARA', 800),
(69, 'DUBAIR BALA', 801),
(69, 'DUBAIR KHASS', 802),
(69, 'DUBAIR PAYEEN', 803),
(69, 'JIJAL', 804),
(69, 'KAYAL', 805),
(69, 'PATTAN', 806),
(69, 'RANOLIA', 807),
(69, 'SIGAYOUN', 808),
(87, 'PRANG GHAR', 809),
(115, 'ALOCH', 810),
(115, 'BAR PURAN', 811),
(115, 'BENGALAI', 812),
(115, 'CHOWGA', 813),
(115, 'ISMAIL KHEL', 814),
(115, 'MUSA KHEL ', 815),
(132, 'ADINA', 816),
(132, 'ASOTA', 817),
(132, 'BACHAI', 818),
(132, 'CHAK NODEH', 819),
(132, 'DAGAI I', 820),
(132, 'DOBIYAN', 821),
(132, 'ISMAILA', 822),
(132, 'KALU KHAN', 823),
(132, 'KARNAL SHER KALAY', 824),
(132, 'NARANJI', 825),
(132, 'PARMOLI', 826),
(132, 'SARD CHINA', 827),
(132, 'SHEIKH JANA', 828),
(132, 'SHEWA I', 829),
(132, 'SUDHER', 830),
(132, 'TARAKAI', 831),
(132, 'TURLANDI', 832),
(132, 'YAQOOBI', 833),
(132, 'YAR HUSSAIN EAST', 834),
(132, 'YAR HUSSAIN WEST', 835),
(94, 'RAZMAK', 836),
(79, 'BAZAR', 837),
(79, 'CHAR GULI', 838),
(79, 'GARYALA', 839),
(79, 'GUJRAT', 840),
(79, 'KATA KHAT', 841),
(79, 'MACHI', 842),
(79, 'PALO DHERI', 843),
(79, 'RUSTAM', 844),
(10, 'SALARZAI', 845),
(46, 'DRANGAL', 846),
(46, 'KAMBAT', 847),
(46, 'MASKINI', 848),
(46, 'MAYAR I', 849),
(46, 'SADBAR KALAY', 850),
(46, 'SAMARBAGH', 851),
(66, 'BAIST KHEL', 852),
(66, 'GANDI KHAN KHEL', 853),
(66, 'KOT KASHMIR', 854),
(66, 'MAMA KHEL I', 855),
(66, 'MARMANDI AZIM', 856),
(66, 'NAR ABU SAMAND BEGU KHEL', 857),
(66, 'SARAI NAURANG', 858),
(66, 'SHAKH QULI KHAN', 859),
(66, 'TAKHTI KHEL', 860),
(119, 'SARAROGHA', 861),
(120, 'SERWEKAI', 862),
(28, 'BATTAGRAM I', 863),
(28, 'DAULAT PURA', 864),
(28, 'HAJIZAI', 865),
(28, 'HASSANZAI', 866),
(28, 'KANGRA', 867),
(28, 'KATOZAI', 868),
(28, 'MATTA MUGHAL KHEL', 869),
(28, 'PANJPAO', 870),
(28, 'RASHAKAI', 871),
(28, 'SHABQADAR-I', 872),
(28, 'SHABQADAR-II', 873),
(28, 'SHABQADAR-III', 874),
(121, 'SHAKI', 875),
(95, 'SHAWAL', 876),
(39, 'DOOG DARA', 877),
(39, 'GWALDAI', 878),
(39, 'SAWNAI', 879),
(39, 'SHERINGAL', 880),
(96, 'SHEWA', 881),
(11, 'SLARAZAI', 882),
(97, 'SPINWAM', 883),
(133, 'BAM KHEL', 884),
(133, 'GAR MUNARA', 885),
(133, 'JHANDA', 886),
(133, 'MANERI BALA', 887),
(133, 'MANERI PAYAN', 888),
(133, 'MARGHUZ', 889),
(133, 'PABAINI', 890),
(133, 'PANJPIR', 891),
(133, 'SALIM KHAN', 892),
(133, 'SHAHMANSOOR', 893),
(133, 'SWABI KHAS', 894),
(133, 'SWABI MANERI', 895),
(133, 'THANDKOI', 896),
(133, 'ZAIDA', 897),
(80, 'DAMANE KOH', 898),
(80, 'GUJAR GARHI', 899),
(80, 'HATHIAN', 900),
(80, 'JALALA', 901),
(80, 'JEHANGIR ABAD', 902),
(80, 'KOT JUNGARA', 903),
(80, 'LUND KHWAR', 904),
(80, 'MADAY BABA', 905),
(80, 'MAKORI', 906),
(80, 'MIAN ESSA', 907),
(80, 'NARAI', 908),
(80, 'PARKHO DHERI', 909),
(80, 'PAT BABA', 910),
(80, 'PIR SADDO', 911),
(80, 'SARO SHAH', 912),
(80, 'SERI BEHLOL', 913),
(80, 'SHER GARH', 914),
(80, 'TAKKAR', 915),
(55, 'CHOKARA', 916),
(55, 'JAHANGIRI', 917),
(55, 'MIANKI', 918),
(55, 'SHANAWA GUDI KHEL', 919),
(55, 'SIRAJ KHEL', 920),
(55, 'TAKHT NASARATI', 921),
(55, 'WARANA AHMAD ABAD', 922),
(29, ' KUZ BEHRAM DHERI', 923),
(29, 'ABAZAI', 924),
(29, 'DAKKI', 925),
(29, 'GANDHERI I', 926),
(29, 'HARI CHAND', 927),
(29, 'HISARA NEHRI', 928),
(29, 'KUZ BEHRAM DHERI', 929),
(29, 'MANDANI', 930),
(29, 'MIRZADHER', 931),
(29, 'SHERPAO', 932),
(29, 'SHODAG', 933),
(29, 'TANGI-I', 934),
(29, 'ZIAM', 935),
(142, 'AMA KHEL', 936),
(142, 'DABBARA', 937),
(142, 'GARA BALOCH', 938),
(142, 'GOMAL', 939),
(142, 'GUL IMAM', 940),
(142, 'JATTATAR', 941),
(142, 'MULLAZAI', 942),
(142, 'PAI', 943),
(142, 'RANWAL', 944),
(142, 'SARANGZOONA', 945),
(142, 'SHAH ALAM', 946),
(142, 'SHEIKH UTTAR', 947),
(142, 'TANK CITY-I', 948),
(142, 'TANK CITY-II', 949),
(142, 'TATTA', 950),
(142, 'WARRASPON', 951),
(49, 'DALLAN', 952),
(49, 'DARSAMAND', 953),
(49, 'DOABA', 954),
(49, 'KARBOGHA SHARIF', 955),
(49, 'NARYAB-I', 956),
(49, 'NARYAB-II', 957),
(49, 'THALL RURAL', 958),
(49, 'THALL URBAN', 959),
(49, 'TORA WARI', 960),
(122, 'TIARZA', 961),
(47, 'BAGH DUSHKHEL', 962),
(47, 'BANDAGAI', 963),
(47, 'KHUNGI', 964),
(47, 'NOORA KHEL', 965),
(47, 'SHAHI KHELL', 966),
(47, 'TIMERGARA', 967),
(123, 'TOI KHULLAH', 968),
(134, 'BATAKARA', 969),
(134, 'GABSANI', 970),
(134, 'GANDAF', 971),
(134, 'GANI CHATRA', 972),
(134, 'KABGANI', 973),
(134, 'KALABAT', 974),
(134, 'KOTHA', 975),
(134, 'MAINI', 976),
(134, 'TOPI GHARBI', 977),
(134, 'TOPI SHARQI', 978),
(134, 'ZAROBI', 979),
(107, 'AKHOON ABAD', 980),
(107, 'ANDER SHEHER', 981),
(107, 'ASIA', 982),
(107, 'BAHANAMARI', 983),
(107, 'FAQIR ABAD', 984),
(107, 'GULBAHAR', 985),
(107, 'GUNJ', 986),
(107, 'JEHANGIR PURA', 987),
(107, 'KAKSHAL - I', 988),
(107, 'KAKSHAL - II', 989),
(107, 'KARIM PURA', 990),
(107, 'KHALISA-I', 991),
(107, 'KHALISA-II', 992),
(107, 'LAHORI', 993),
(107, 'MAHAL TERAI-I', 994),
(107, 'MAHAL TERAI-II', 995),
(107, 'SHAHEEN MUSLIM TOWN-I', 996),
(107, 'SHAHEEN MUSLIM TOWN-II', 997),
(107, 'SHAHI BAGH', 998),
(107, 'SHEIKH JUNAID ABAD', 999),
(107, 'SIKANDER TOWN', 1000),
(107, 'WAZIR BAGH', 1001),
(107, 'YAKA TOOT-II', 1002),
(107, 'YAKATOOT-I', 1003),
(107, 'YAKKA TOOT-III', 1004),
(108, ' SHAHI BALA', 1005),
(108, ' WADPAGA', 1006),
(108, 'BUDHNI', 1007),
(108, 'CHAGHAR MATTI', 1008),
(108, 'CHAMKANI', 1009),
(108, 'DAAG', 1010),
(108, 'GARHI SHER DAD', 1011),
(108, 'GULBAILA', 1012),
(108, 'HARYANA PAYAN', 1013),
(108, 'HASAN GHARI-I', 1014),
(108, 'HASAN GHARI-II', 1015),
(108, 'JOGANI', 1016),
(108, 'KAFOOR DEHRI', 1017),
(108, 'KANIZA', 1018),
(108, 'KANKOLA', 1019),
(108, 'KHATKI', 1020),
(108, 'KHAZANA I', 1021),
(108, 'LALA KALAY', 1022),
(108, 'LARAMA', 1023),
(108, 'MATHRA', 1024),
(108, 'NEHAQI', 1025),
(108, 'PAJJAGI', 1026),
(108, 'PAKHA GHULAM', 1027),
(108, 'PANAM DEHRI', 1028),
(108, 'SHAHI BALA', 1029),
(108, 'TAKHTABAD AWAL', 1030),
(109, ' REGI', 1031),
(109, 'ACHINI BALA', 1032),
(109, 'BAZID KHEL', 1033),
(109, 'CANTONMENT BOARD', 1034),
(109, 'DEH BAHADAR', 1035),
(109, 'DEHRI BAGHBANAN', 1036),
(109, 'HAYAT ABAD-I', 1037),
(109, 'HAYATABAD - II', 1038),
(109, 'LANDI ARBAB', 1039),
(109, 'MALAKANDHER', 1040),
(109, 'NAUTHIA JADEED', 1041),
(109, 'NAUTHIA QADEEM', 1042),
(109, 'PALOSI', 1043),
(109, 'PAWAKA', 1044),
(109, 'PISHTAKHARA PAYAN', 1045),
(109, 'REGI', 1046),
(109, 'SARBAND', 1047),
(109, 'SHAHEEN TOWN', 1048),
(109, 'SUFAID DHERI', 1049),
(109, 'TEHKAL BALA', 1050),
(109, 'TEHKAL PAYAN-I', 1051),
(109, 'TEHKAL PAYAN-II', 1052),
(109, 'UNIVERSITY TOWN', 1053),
(110, 'ADEZAI', 1054),
(110, 'AZAKHEL', 1055),
(110, 'BADABER HURI ZAI', 1056),
(110, 'BADABER MARYAMZAI', 1057),
(110, 'HAZAR KHAWANI - I', 1058),
(110, 'HAZAR KHAWANI - II', 1059),
(110, 'HAZAR KHAWANI -II', 1060),
(110, 'MARYAMZAI', 1061),
(110, 'MASHOGAGAR', 1062),
(110, 'MATTANI', 1063),
(110, 'MERA KACHORI', 1064),
(110, 'MERA SURIZAI PAYAN', 1065),
(110, 'MUSAZAI', 1066),
(110, 'SHEIKH MUHAMMADI', 1067),
(110, 'SHEIKHAN', 1068),
(110, 'SHERKIRA', 1069),
(110, 'SULEMAN KHEL', 1070),
(110, 'SURIZAI BALA', 1071),
(110, 'SURIZAI PAYAN', 1072),
(110, 'URMAR BALA', 1073),
(110, 'URMAR MIANA', 1074),
(110, 'URMAR PAYAN', 1075),
(105, 'UPPER', 1076),
(64, 'UPPER KURRAM', 1077),
(106, 'UPPER ORAK', 1078),
(12, 'UTMAN KHEL', 1079),
(13, 'UTMANKHEL', 1080),
(124, 'WANA', 1081),
(40, 'AKHAGRAM', 1082),
(40, 'BANDAI', 1083),
(40, 'CHAPPER', 1084),
(40, 'DISLAWAR', 1085),
(40, 'KOTKAI', 1086),
(40, 'NEHAG', 1087),
(40, 'PASHTA', 1088),
(40, 'SUNDAL', 1089),
(40, 'WARI', 1090),
(130, 'WAZIR', 1091);

-- --------------------------------------------------------

--
-- Table structure for table `users`
--

CREATE TABLE `users` (
  `id` int(10) UNSIGNED NOT NULL,
  `name` varchar(255) COLLATE utf8mb4_unicode_ci NOT NULL,
  `email` varchar(255) COLLATE utf8mb4_unicode_ci NOT NULL,
  `contact_number` varchar(255) COLLATE utf8mb4_unicode_ci DEFAULT NULL,
  `email_verified_at` timestamp NULL DEFAULT NULL,
  `password` varchar(255) COLLATE utf8mb4_unicode_ci NOT NULL,
  `district_id` tinyint(4) DEFAULT NULL,
  `school_id` tinyint(4) DEFAULT NULL,
  `role_id` tinyint(4) NOT NULL DEFAULT 1,
  `remember_token` varchar(100) COLLATE utf8mb4_unicode_ci DEFAULT NULL,
  `created_at` timestamp NULL DEFAULT NULL,
  `updated_at` timestamp NULL DEFAULT NULL
) ENGINE=InnoDB DEFAULT CHARSET=utf8mb4 COLLATE=utf8mb4_unicode_ci;

--
-- Dumping data for table `users`
--

INSERT INTO `users` (`id`, `name`, `email`, `contact_number`, `email_verified_at`, `password`, `district_id`, `school_id`, `role_id`, `remember_token`, `created_at`, `updated_at`) VALUES
(1, 'H Q', 'hq@gmail.com', '23424244', NULL, '$2y$10$Ympynp1JkI8k0Ws5E3.fROgt9XOnHaXAQMGtBKFB78u0Vr9uETb2O', NULL, NULL, 3, NULL, '2022-02-21 19:11:33', '2022-02-22 22:33:45'),
(27, 'kohat dmo', 'dmokohat@gmail.com', '1234', NULL, '111', 4, 1, 2, NULL, '2022-02-28 02:53:44', '2022-02-28 02:53:44'),
(28, 'dmo pesh', 'dmopesh@gmail.com', '1234', NULL, '$2y$10$SbUlRgqLfK/APNsauWg7B.ldy6ZQe4RJGUk4OsT.SVus46eJUG3vC', 1, 2, 2, NULL, '2022-02-28 02:54:36', '2022-02-28 02:54:36'),
(29, 'kohat p', 'Leadkohat@gmail.com', '111', NULL, '$2y$10$BwQT1wcnUO557GJsVIt90uWsMn1/vRcB9PLDed83st0mmCfKt6xLa', 4, 1, 1, NULL, '2022-02-28 02:57:36', '2022-02-28 02:57:37'),
(30, 'Atta', 'nerdcamp@gmail.com', '34435', NULL, '$2y$10$NgjVLpRzNQoW5JBnS8VkquSthotxcTqnSiQTenVXlF0T/YaWYGD5a', 4, 2, 1, NULL, '2022-02-28 03:01:12', '2022-02-28 03:01:12'),
(31, 'Mardan Dmo', 'mardandmo@gmail.com', '123', NULL, '$2y$10$xyio7lOheEJ9Hs2VVgwW6ep1sMV8646MMX7/w3Ys6ESOkSACrRY.G', 12, NULL, 2, NULL, '2022-03-11 06:24:00', '2022-03-11 06:24:00'),
(32, 'Farooq', 'mardanschool@gmail.com', '123', NULL, '$2y$10$dq6212StDZf7FPwMWGyItuGTRQWXcUV57CXNwSa4AiWb8YKxDmQG2', 12, 1, 1, NULL, '2022-03-11 06:27:05', '2022-03-11 06:27:06'),
(33, 'pesh dmo', 'peshschool@gmail.com', '324', NULL, '$2y$10$qT.pXVojRsUkgiT4lFcSAeKkToMEw42pl8iPXGWfyHYvmymQLq1lm', 1, 2, 1, NULL, '2022-03-14 01:40:19', '2022-03-14 01:40:19'),
(34, 'pesh dmo', 'sunrizepesh@gmail.com', '4535', NULL, '$2y$10$gU.8CghpL0ty51LQW7J8J.qOcLLNTbd/lAokdJB6bZ3RqF9LryKXy', 1, 3, 1, NULL, '2022-03-14 01:45:30', '2022-03-14 01:45:31'),
(35, 'banu', 'banu@gmail.com', '2342343', NULL, '111', 2, 1, 2, NULL, '2022-03-25 06:04:18', '2022-03-25 06:04:18'),
(40, 'jan', 'janko@gmail.com', '34345', NULL, '$2y$10$uVg2CVthiv9v7CwVt.TUSulhfMCdOfS4m4pqetAyvwAAoflSbnt1.', 2, 1, 1, NULL, '2022-04-02 01:08:00', '2022-04-02 01:08:00'),
(41, 'jan', 'madina@gmail.com', '908', NULL, '$2y$10$4pk31c2atHUWPdC9h5bYX.CzP.KhUz57CyW5m0JwD9r8OisLLS7X6', 1, 2, 1, NULL, '2022-04-02 02:48:51', '2022-04-02 02:48:51'),
(42, 'jan2', 'madina2@gmail.com', '134', NULL, '$2y$10$BhZ9pkfRmfnZkxUAfWoW2uC1dHj5evnJguQKCKleoQJy.7nQjglXK', 2, 3, 1, NULL, '2022-04-02 02:57:30', '2022-04-02 02:57:30'),
(43, 'salaaam', 'bajawar@gmail.com', '24234', NULL, '$2y$10$Puk1x8EeGlE4Sw6M79lsB.E14hfBzGv/GSzJ85vjUssFuk39vKTJ.', 2, NULL, 1, NULL, '2022-04-08 12:48:20', '2022-04-08 12:48:20'),
(44, 'salaaam2', 'bajawar2@gmail.com', '123', NULL, '$2y$10$TWWYRqi4Xrk.1OaJMpKoK.H3yYsqXZwxlv6mnaLphggwQ7f5MUO4C', 2, 4, 1, NULL, '2022-04-08 12:51:52', '2022-04-08 12:51:53'),
(45, 'jan', 'banumodel@gmail.com', '345', NULL, '111', 3, 5, 1, NULL, '2022-04-12 01:54:42', '2022-04-12 01:54:42');

-- --------------------------------------------------------

--
-- Table structure for table `vcs`
--

CREATE TABLE `vcs` (
  `uc_id` int(11) NOT NULL,
  `vc_name` varchar(59) NOT NULL,
  `id` int(11) NOT NULL
) ENGINE=InnoDB DEFAULT CHARSET=utf8;

--
-- Dumping data for table `vcs`
--

INSERT INTO `vcs` (`uc_id`, `vc_name`, `id`) VALUES
(1, 'BAGH', 1),
(1, 'DHERI KEHAL-I', 2),
(1, 'DHERI KEHAL-II', 3),
(1, 'JAGIAN KOHALIAN', 4),
(2, 'BAGNOTAR', 5),
(2, 'BANDI MAIRA', 6),
(2, 'CHAHAN', 7),
(3, 'BAKOT-I', 8),
(3, 'BAKOT-II', 9),
(3, 'BAKOT-III', 10),
(3, 'MOOLIA-I', 11),
(3, 'MOOLIA-II', 12),
(3, 'SANGAL-I', 13),
(3, 'SANGAL-II', 14),
(4, 'BALDHERI-I', 15),
(4, 'BALDHERI-II', 16),
(4, 'GOJRI', 17),
(4, 'SAJIKOT', 18),
(5, 'BANDA PIR KHAN-I', 19),
(5, 'BANDA PIR KHAN-II', 20),
(5, 'BANDI DHUNDAN', 21),
(5, 'TARNAWAI-I', 22),
(5, 'TARNAWAI-II', 23),
(6, 'ANDERSERI', 24),
(6, 'BEERAN GALI-I', 25),
(6, 'BEERAN GALI-II', 26),
(6, 'MALSA', 27),
(6, 'SARBANA', 28),
(7, 'BANDI JULIAL', 29),
(7, 'BASSIAN', 30),
(7, 'BIROTE BASIAN', 31),
(7, 'BIROTE KALAN', 32),
(7, 'BIROTE KHURD', 33),
(7, 'KAHOO GHARBI', 34),
(7, 'KAHOO SHARQI', 35),
(8, 'BANDI PAHAR', 36),
(8, 'BOI-I', 37),
(8, 'BOI-II', 38),
(8, 'SAMBLI DHERI', 39),
(9, 'CENTRAL URBAN-I', 40),
(9, 'CENTRAL URBAN-II', 41),
(9, 'CENTRAL URBAN-III', 42),
(10, 'BAGH DARA', 43),
(10, 'BAIN NOORA', 44),
(10, 'CHAMHAD', 45),
(10, 'KASSAKI KALAN', 46),
(10, 'THANA', 47),
(11, 'DABBAN-I', 48),
(11, 'DABBAN-II', 49),
(11, 'DALOLA-I', 50),
(11, 'DALOLA-II', 51),
(12, 'DHAMTOUR-I', 52),
(12, 'DHAMTOUR-II', 53),
(12, 'GAL DHOKE', 54),
(12, 'NAGAKI-I', 55),
(12, 'NAGAKI-II', 56),
(12, 'SARBANA', 57),
(13, 'BANDA PHAGWARIAN', 58),
(13, 'BANDA QAZI-I', 59),
(13, 'BANDA QAZI-II', 60),
(13, 'DOBATHAR-I', 61),
(13, 'DOBATHAR-II', 62),
(13, 'JHANGI', 63),
(14, 'BALOLIA', 64),
(14, 'KAKUL', 65),
(14, 'NAWANSHER JANOOBI', 66),
(14, 'NAWANSHER SHAMALI', 67),
(15, 'GALI BANIAN', 68),
(16, 'KEHAL', 69),
(16, 'KHOLA KEHAL', 70),
(16, 'UPPER KEHAL', 71),
(17, 'CENTRAL KUKMANG', 72),
(17, 'KUKMANG', 73),
(17, 'PATTAN KHURD', 74),
(17, 'UPPER KUKMANG', 75),
(18, 'GALI BANIAN', 76),
(18, 'KUTHWAL', 77),
(19, 'MALIKPURA URBAN-I', 78),
(20, 'MIRPUR', 79),
(20, 'MIRPUR-I', 80),
(20, 'MIRPUR-II', 81),
(20, 'MIRPUR-III', 82),
(21, 'AKHROOTA', 83),
(21, 'NAGRI BALA-I', 84),
(21, 'NAGRI BALA-II', 85),
(21, 'TATREELA', 86),
(22, 'KURLI', 87),
(22, 'MAJUHAN-I', 88),
(22, 'MAJUHAN-II', 89),
(22, 'NAMBAL-I', 90),
(22, 'NAMBAL-II', 91),
(23, 'DHAKI KHAITAR', 92),
(23, 'NAMLI MAIRA-I', 93),
(23, 'NAMLI MAIRA-II', 94),
(24, 'BAGAN', 95),
(24, 'JHANSA', 96),
(24, 'MALLAH', 97),
(24, 'NATHIA GALI', 98),
(24, 'PASALA', 99),
(25, 'NAWANSHER', 100),
(26, 'DARWAZA', 101),
(26, 'LONGAL', 102),
(26, 'MALKOT', 103),
(26, 'PALAK', 104),
(26, 'PRANGOOTH', 105),
(26, 'RIALA', 106),
(26, 'SOORJAL', 107),
(27, 'BANDI CHAMIALI', 108),
(27, 'PATTAN KALAN-I', 109),
(27, 'PATTAN KALAN-II', 110),
(27, 'PATTAN KALAN-III', 111),
(27, 'SIALKOT', 112),
(28, 'KAKOT-I', 113),
(28, 'KAKOT-II', 114),
(28, 'PAWA-I', 115),
(28, 'PAWA-II', 116),
(28, 'RICHBHEN', 117),
(29, 'MALSA', 118),
(29, 'PHALKOT-I', 119),
(29, 'PHALKOT-II', 120),
(29, 'PHALKOT-III', 121),
(30, 'GOHAR ABAD', 122),
(30, 'KHOKHAR', 123),
(30, 'SALHAD-I', 124),
(30, 'SALHAD-II', 125),
(30, 'SALHAD-III', 126),
(31, 'AZIZ BANG', 127),
(31, 'DEESAL', 128),
(31, 'MOHAR KHURD', 129),
(31, 'SARBANA', 130),
(32, 'SHEIKHUL BANDI- II', 131),
(32, 'SHEIKHUL BANDI-I', 132),
(33, 'NOWSHEHRA', 133),
(33, 'PIRKOT', 134),
(33, 'TAJWAL-I', 135),
(33, 'TAJWAL-II', 136),
(33, 'ZIARAT MASOOM', 137),
(413, 'BANDI ATTAI KHAN', 138),
(413, 'BARSEEN', 139),
(413, 'BATOLNI', 140),
(413, 'PHULAN WALI', 141),
(414, 'DEWAL', 142),
(414, 'DEWAL MANAL', 143),
(414, 'NAGRI TARLI', 144),
(414, 'NARA', 145),
(414, 'SAJIKOT', 146),
(415, 'GHARI PHULGRAN', 147),
(415, 'GHORA BAZGRAN', 148),
(415, 'KIALA', 149),
(415, 'RAJOYA-I', 150),
(415, 'RAJOYA-II', 151),
(416, 'HAVELIAN URBAN-I', 152),
(416, 'HAVELIAN URBAN-III', 153),
(416, 'KOKAL-I', 154),
(416, 'KOKAL-II', 155),
(417, 'CHAMBA', 156),
(417, 'HAVELIAN RURAL', 157),
(417, 'JHANGRA', 158),
(417, 'MALLAH', 159),
(418, 'LANGRA-I', 160),
(418, 'LANGRA-II', 161),
(419, 'DABRAN', 162),
(419, 'DANNA NOORAL', 163),
(419, 'HAVELIAN URBAN', 164),
(419, 'KARHAKI', 165),
(419, 'LANGRIAL', 166),
(420, 'MAJUHAN-I', 167),
(420, 'MAJUHAN-II', 168),
(420, 'MAJUHAN/NUJABANDI', 169),
(420, 'RIALA', 170),
(420, 'RIALA-I', 171),
(420, 'RIALA-II', 172),
(420, 'RIALA-III', 173),
(421, 'DAKHAN', 174),
(421, 'GORA', 175),
(421, 'KANGER HOTER', 176),
(421, 'NARA', 177),
(421, 'SATORA', 178),
(603, 'BANWARI', 179),
(603, 'DANAH', 180),
(603, 'GOREENI-I', 181),
(603, 'GORENI-II', 182),
(603, 'KOTAL', 183),
(603, 'SUMAGARHAGA', 184),
(604, 'DHERI KIALA', 185),
(604, 'GHARI', 186),
(604, 'LORA', 187),
(604, 'NAR HOTER', 188),
(605, 'GOVEENI', 189),
(605, 'NAGRI TOTIAL-I', 190),
(605, 'NAGRI TOTIAL-II', 191),
(605, 'NAGRI TOTIAL-III', 192),
(606, 'BATTAL KUND', 193),
(606, 'DHAKHAN PAISER', 194),
(606, 'DHERI RAKHALA', 195),
(606, 'GHAMBEER', 196),
(606, 'PHALLAH', 197),
(606, 'RAHI', 198),
(607, 'NARA', 199),
(607, 'SEER GHARBI-I', 200),
(607, 'SEER GHARBI-II', 201),
(607, 'SEER GHARBI-III', 202),
(608, 'BHATIAN', 203),
(608, 'SEER SHARQI', 204),
(608, 'TARORE', 205),
(612, 'JARRAL', 206),
(612, 'KHULIALA', 207),
(612, 'KUTNALI', 208),
(613, 'KUTHIALA-I', 209),
(613, 'KUTHIALA-II', 210),
(613, 'KUTHIALA-III', 211),
(614, 'HABIB ABAD', 212),
(614, 'LAKHALA', 213),
(614, 'PIND KARGU KHAN-I', 214),
(614, 'PIND KARGU KHAN-II', 215),
(614, 'SERI SHER SHAH', 216),
(615, 'CHAMHATTI-I', 217),
(615, 'CHAMHATTI-II', 218),
(615, 'SHERWAN KALAN-I', 219),
(615, 'SHERWAN KALAN-II', 220),
(615, 'SHERWAN KHURD', 221),
(102, 'NARMI KHEL-I', 222),
(102, 'NARMI KHEL-II', 223),
(102, 'SARDI KHEL-I', 224),
(102, 'SARDI KHEL-II', 225),
(103, 'EIDIA KHEL MALAK SHAHI', 226),
(103, 'HINDI KHEL', 227),
(104, 'JANI KHEL-I', 228),
(104, 'JANI KHEL-II', 229),
(104, 'NURRAR-1', 230),
(105, 'MUHAMMAD KHEL KHEDARI', 231),
(105, 'MUHAMMAD KHEL PATONA', 232),
(106, 'MAMASH KHEL', 233),
(106, 'TAKHTI KHEL', 234),
(106, 'TAKHTI KHEL -I', 235),
(106, 'TAKHTI KHEL -II', 236),
(106, 'TAKHTI KHEL-III', 237),
(106, 'TAKHTI KHEL-IV', 238),
(131, 'AMANDI-I', 239),
(131, 'AMANDI-II', 240),
(132, 'ARAL-1', 241),
(133, 'BAZAR AHMAD KHAN-I', 242),
(133, 'BAZAR AHMAD KHAN-II', 243),
(134, 'NEIGHBOURHOOD COUNCIL -1', 244),
(134, 'NEIGHBOURHOOD COUNCIL -II', 245),
(135, 'NEIGHBOURHOOD COUNCIL CITY-III', 246),
(135, 'NEIGHBOURHOOD COUNCIL CITY-IV', 247),
(136, 'DAUD SHAH', 248),
(137, 'KOT ADIL', 249),
(137, 'KOT BAILY', 250),
(138, 'GHARI SHER AHMAD', 251),
(139, 'GHORIWALA', 252),
(139, 'GHORIWALA-I', 253),
(139, 'GHORIWALA-II', 254),
(140, 'BASIA KHEL', 255),
(140, 'FATEMA KHEL', 256),
(140, 'MEWA KHEL', 257),
(141, 'HINJAI-I', 258),
(141, 'HINJAL-II', 259),
(142, 'ISMAIL KHEL', 260),
(142, 'MANDORI PATAL', 261),
(143, 'ADAMI TETAR KHEL', 262),
(143, 'JANDU KHEL', 263),
(143, 'JHANDO KHEL', 264),
(144, 'KAKKI 1', 265),
(144, 'KAKKI TARAF AWAL', 266),
(145, 'KAKKI TARAF -IV', 267),
(145, 'KAKKI TARAF-V', 268),
(146, 'KALA KHEL', 269),
(146, 'KALAKHEL', 270),
(146, 'SERO BADA KHEL', 271),
(147, 'FAIZ TALEB ABASS MANDAN', 272),
(147, 'KAUSAR FATEH KHEL', 273),
(148, 'EIDAL KHEL', 274),
(148, 'KHANDER KHAN KHEL', 275),
(148, 'KHANDER KHAN KHEL-1', 276),
(149, 'BERI KHEL MANDAN', 277),
(149, 'KHAWAJA MAD MANDAN', 278),
(150, 'DEGAN', 279),
(150, 'KOT QALANDER', 280),
(151, 'BOZA KHEL', 281),
(151, 'KOTI SADAT', 282),
(152, 'LALOZAI-I', 283),
(152, 'LALOZAI-II', 284),
(153, 'MAMASH KHEL NOGARI-II', 285),
(153, 'MAMASH KHEL SADDAT', 286),
(153, 'MAMSH KHEL NOGARI-I', 287),
(154, 'MIRBAZ BARAKZAI', 288),
(155, 'BADA MIR ABAS', 289),
(155, 'MANDAN', 290),
(156, 'MANDEV', 291),
(156, 'SHAH DEV', 292),
(157, 'MIRA KHEL', 293),
(157, 'TAJI KALA', 294),
(158, 'MAMBATI BARAKZAI', 295),
(158, 'MIRBAZ BARAKZAI', 296),
(158, 'MUHAMMAD KHEL', 297),
(158, 'MUMBATI BARAKZAI', 298),
(159, 'NAZIM DARMA KHEL', 299),
(159, 'NAZIM KHAN', 300),
(160, 'SELEMA SIKANDER KHEL', 301),
(161, 'SHAH BAZ AZMAT', 302),
(161, 'SHAH BAZ AZMAT KHEL-II', 303),
(162, 'MUGHUL KHEL', 304),
(162, 'SHAMSHI KHEL', 305),
(163, 'HIBAK SHERZA KHAN', 306),
(163, 'SIKENDAR KHEL BALA', 307),
(164, 'HASSAN KHEL ISSAKI', 308),
(165, 'SOKARI-I', 309),
(166, 'ZERKI PIRBA KHEL', 310),
(328, 'ARAL HATI KHEL-I', 311),
(328, 'ARAL HATI KHEL-II', 312),
(329, 'ASPERKA TARAF-I', 313),
(329, 'ASPERKA TARAF-II', 314),
(329, 'ASPERKA TARAF-III', 315),
(330, 'BIZEN KHEL', 316),
(330, 'UMER ZAI-I', 317),
(330, 'UMER ZAI-II', 318),
(331, 'KHANDER KHAN KHEL-1', 319),
(331, 'KHANDER KHAN KHEL-II', 320),
(332, 'MUSA KHEL WALI GAI', 321),
(332, 'ZERAKI PIRBA KHEL', 322),
(453, 'BHARAT', 323),
(453, 'TUGHAL KHEL', 324),
(454, 'KHUJARI', 325),
(454, 'KHUJARI BABER', 326),
(454, 'KHUJARI KHAS', 327),
(455, 'NAAR SHUKRULLAH', 328),
(455, 'NAR JAFFAR', 329),
(455, 'NAR NAJEEB', 330),
(703, 'DARDARIZ', 331),
(703, 'HAVED', 332),
(703, 'HAVED LANDIDAK', 333),
(703, 'LANDIDAK', 334),
(704, 'MAMA KHEL', 335),
(704, 'MAMA KHEL-I', 336),
(704, 'MAMA KHEL-II', 337),
(705, 'KINGHER', 338),
(705, 'MITHA KHEL', 339),
(706, 'NURRAR-1', 340),
(706, 'NURRAR-II', 341),
(42, 'ASHARBAN', 342),
(42, 'BANNA', 343),
(42, 'BARRAY', 344),
(42, 'KASS', 345),
(42, 'KOSHGRAM', 346),
(42, 'TAILOOS', 347),
(43, 'BANDI ROPKANI', 348),
(43, 'BATEELA', 349),
(43, 'BOJRI', 350),
(43, 'NOGRAM', 351),
(44, 'BIARI', 352),
(44, 'KARG', 353),
(44, 'POKAL', 354),
(44, 'RABAT', 355),
(45, 'ABAN', 356),
(45, 'BAB', 357),
(45, 'HUTAL BATKUL', 358),
(45, 'KANAI', 359),
(45, 'QALAH', 360),
(45, 'SORGAI', 361),
(46, 'CHEERAN', 362),
(46, 'JAMBERA', 363),
(46, 'KUND', 364),
(47, 'BATANGI', 365),
(47, 'PAKKA BAIG', 366),
(47, 'PASHTO', 367),
(48, 'GANGWAL', 368),
(48, 'GANTAR', 369),
(48, 'NEHR', 370),
(48, 'RASHANG', 371),
(49, 'LAGHARI', 372),
(49, 'PAZANG', 373),
(49, 'SAKARGAH BALA', 374),
(49, 'SAKARGAH PAYEEN', 375),
(49, 'TANDOL BALA', 376),
(49, 'TANDOL PAYEEN', 377),
(196, 'AJMERA BAR PAO', 378),
(196, 'AJMERA KUZ PAO', 379),
(196, 'AJMERA PROPER', 380),
(196, 'CHAPPARGRAM', 381),
(196, 'MATTA', 382),
(196, 'TAMAI', 383),
(197, 'BANDIGO', 384),
(197, 'BANIAN', 385),
(197, 'CHOHAN', 386),
(197, 'DAGAI', 387),
(197, 'DEEDAL', 388),
(197, 'DHARHIAN', 389),
(197, 'TIKRI', 390),
(198, 'ARGHASHORHI', 391),
(198, 'BATTAGRAM LOWER', 392),
(198, 'BATTAGRAM UPPER', 393),
(198, 'PROPER BATTAGRAM', 394),
(199, 'BATTAMORI JANOBI', 395),
(199, 'BATTAMORI SHAMALI', 396),
(199, 'CHITTA BATTA', 397),
(199, 'HABIB BANDA', 398),
(199, 'JESOL', 399),
(199, 'RAJMERA', 400),
(200, 'GIJBORI', 401),
(200, 'SHINGLI BALA', 402),
(201, 'BATTAGRAM LOWER', 403),
(201, 'BILANDKOT', 404),
(201, 'KUZA BANDA', 405),
(201, 'MAIRA', 406),
(201, 'TIKRI', 407),
(202, 'DABRI', 408),
(202, 'PAIMAL SHARIF', 409),
(202, 'RANGEEN ABAD', 410),
(202, 'SHAMURAD', 411),
(203, 'AUGHAZBANDA', 412),
(203, 'KOTGALA', 413),
(203, 'PESHORA', 414),
(203, 'SHINGLI PAYEEN', 415),
(204, 'NILISHANG', 416),
(204, 'PHAGORA', 417),
(204, 'RAJDHARI', 418),
(205, 'BANSAIR', 419),
(205, 'HILL', 420),
(205, 'MALKAL GALI', 421),
(205, 'SHAH KHEL', 422),
(205, 'SHAMLAI', 423),
(206, 'BARSAR', 424),
(206, 'BISHKOT NEIGHBOURHOOD', 425),
(206, 'CHANJAL', 426),
(206, 'HUTAL DEESHAN', 427),
(206, 'THAKOT', 428),
(207, 'GAHRI NAWAB SYED', 429),
(207, 'GIDRI', 430),
(207, 'PIRHARI', 431),
(207, 'TRAND', 432),
(217, 'BANJ KARA', 433),
(217, 'BAR SHAMNAL', 434),
(217, 'BATARA', 435),
(217, 'BUDAL', 436),
(217, 'GULLONO BORAY', 437),
(217, 'KOZ SHAMNAL', 438),
(218, 'GUL BANDAI', 439),
(218, 'GUMBAT', 440),
(218, 'TANGORA', 441),
(219, 'PANDHER', 442),
(219, 'SHANGRA', 443),
(219, 'SHER ALI', 444),
(220, 'BAZARKOT', 445),
(220, 'BEHANAI', 446),
(220, 'MARADU', 447),
(220, 'MIRAGAI', 448),
(220, 'TOPAI', 449),
(286, 'BAGRA', 450),
(286, 'DAGGAR-I NORTH', 451),
(286, 'DAGGAR-II SOUTH', 452),
(286, 'TOPDARA', 453),
(287, 'ANGHAPUR', 454),
(287, 'ELAI-I (EAST)', 455),
(287, 'ELAI-II (WEST)', 456),
(287, 'NAWAKALAY ASHEZAI', 457),
(288, 'BAR GOKAND', 458),
(288, 'GHURDARA', 459),
(288, 'KOZ GOKAND', 460),
(289, 'BANDA', 461),
(289, 'KARAPA', 462),
(289, 'MULA YOUSAF', 463),
(289, 'NAWAKALAY PANJPAW', 464),
(290, 'TORWARSAK-I (NORTH)', 465),
(290, 'TORWARSAK-II (SOUTH)', 466),
(343, 'BAMPOKHA', 467),
(343, 'BAZARGAY', 468),
(343, 'GIRARAI', 469),
(343, 'KINGARGALAI', 470),
(343, 'NANSAIR', 471),
(344, 'BHAIKALAY', 472),
(344, 'GHAZI KHANAY', 473),
(344, 'KALAKHELA', 474),
(344, 'SULTANWAS', 475),
(345, 'BALLO KHAN', 476),
(345, 'BESHONAI', 477),
(345, 'DOKADA', 478),
(345, 'MALAKPUR', 479),
(345, 'NARBATAWAL', 480),
(346, 'BAR MAIRA', 481),
(346, 'JOWAR-I (NORTH)', 482),
(346, 'JOWAR-II (SOUTH)', 483),
(346, 'KATKALA', 484),
(346, 'LIGANAI', 485),
(347, 'BATAI', 486),
(347, 'PACHAKALAY-I (BARA HUJRA)', 487),
(347, 'PACHAKALAY-II (KOOZA HUJRA-I)', 488),
(347, 'PACHAKALAY-III (KOOZA HUJRA-2)', 489),
(348, 'DEWANA BABA', 490),
(348, 'KULYARI', 491),
(348, 'MATWANI', 492),
(349, 'BAJKATA-I', 493),
(349, 'BAJKATA-II', 494),
(349, 'KALPANI-I', 495),
(349, 'KALPANI-II', 496),
(350, 'BARKALAY', 497),
(350, 'CHANAR', 498),
(350, 'CHEENA', 499),
(350, 'DHERAI', 500),
(351, 'REGA-I', 501),
(351, 'REGA-II', 502),
(351, 'SONI GRAM', 503),
(352, 'AMNAWAR', 504),
(352, 'SHALBANDAI', 505),
(502, 'CHINGLAI NO-I', 506),
(502, 'CHINGLAI NO-II', 507),
(503, 'BAGH', 508),
(503, 'GHURGHUSHTOO', 509),
(503, 'JANGDARA', 510),
(503, 'NOGRAM', 511),
(503, 'SWAWAI', 512),
(504, 'KALAN', 513),
(504, 'KANGALAI', 514),
(505, 'DAKARA', 515),
(505, 'DARGALAI', 516),
(505, 'GHAZIKOT', 517),
(505, 'PANJTAR', 518),
(506, 'DAGAI', 519),
(506, 'TOTALI NO-I', 520),
(506, 'TOTALI NO-II', 521),
(618, 'CHANAL', 522),
(618, 'CHARORAI', 523),
(618, 'NAGRAI', 524),
(619, 'KANDAR PATAI', 525),
(619, 'KHANPUR', 526),
(619, 'MALKA', 527),
(620, 'AGARAI', 528),
(620, 'AMBELA', 529),
(620, 'KAWGA-I', 530),
(620, 'KAWGA-II', 531),
(621, 'KHANANO DHERAI', 532),
(621, 'KORYA', 533),
(621, 'MAKHRANAI', 534),
(622, 'NAWAGAI-I', 535),
(622, 'NAWAGAI-II', 536),
(622, 'SURA-I', 537),
(622, 'SURA-II', 538),
(232, 'AGRA', 539),
(232, 'GIDDER', 540),
(232, 'SHEIKH KILLI', 541),
(233, 'BEHLOLA', 542),
(233, 'BEHLOLA TAMIBULAK', 543),
(233, 'MIRABAD', 544),
(233, 'SARKI MASHARAN', 545),
(234, 'GHARI HAMEED GUL MIAN CHARSADDA-III', 546),
(234, 'MIRZAGAN CHARSADDA-I', 547),
(234, 'QAZIKHEL CHARSADDA-II', 548),
(235, 'MAMAKHEL CHARSADDA-VI', 549),
(235, 'MIAN KILLI CHARSADDA-IV', 550),
(235, 'YASINZAI CHARSADDA-V', 551),
(236, 'AZIZKHEL CHARSADDA-VIII', 552),
(236, 'BABARA CHARSADDA-VII', 553),
(237, 'MUSLIMABAD CHARSADDA-X', 554),
(237, 'UMARABAD CHARSADDA- XI', 555),
(238, 'AKHUNDERI', 556),
(238, 'CHINDRO DAG', 557),
(238, 'MEHMOODABAD', 558),
(239, 'DARGAI', 559),
(239, 'KUDA KHEL', 560),
(239, 'MANI KHELA', 561),
(239, 'QALAT NASEER', 562),
(240, 'AZIZABAD BOBAK', 563),
(240, 'DHERI ZARADAD', 564),
(240, 'TURLANDI', 565),
(241, 'DOSEHRA', 566),
(241, 'MERA NISATTA', 567),
(241, 'SHAH DANDH', 568),
(242, 'CHAITRAL', 569),
(242, 'GHUNDA KARKANA', 570),
(242, 'MALKADHER', 571),
(243, 'CHAK UTMANZAI', 572),
(243, 'FAQIR ABAD', 573),
(243, 'NAWAN KILLI', 574),
(244, 'GUL ABAD', 575),
(244, 'KHAN MAHI', 576),
(245, 'CHAK NISATTA', 577),
(245, 'MERA PRANG', 578),
(245, 'NAJIM ABAD', 579),
(246, 'MERA UMARZAI', 580),
(246, 'SPINWARI', 581),
(246, 'ZARBAB GARHI', 582),
(247, 'MUFTI ABAD', 583),
(247, 'MUHAMMAD NARI', 584),
(247, 'MUNAF KILLI', 585),
(248, 'AZIZ KHEL', 586),
(248, 'MERA NISATTA', 587),
(248, 'PALOSA', 588),
(248, 'PATHWAR MIANGAAN', 589),
(248, 'SADARAAN', 590),
(249, 'AMIR ABAD', 591),
(249, 'SALARZAI', 592),
(249, 'SHEIKHABAD', 593),
(250, 'SHAKARDAND', 594),
(250, 'WARDAGA', 595),
(251, 'MERA TURANGZAI', 596),
(251, 'SARKI TITARA', 597),
(251, 'TEBANA', 598),
(252, 'SAR DHERI', 599),
(252, 'SHEIKHO', 600),
(252, 'ZAREENABAD', 601),
(253, 'SHAHI KULALI', 602),
(253, 'SPALMAI', 603),
(253, 'TARNAB', 604),
(254, 'ANWAR KILLI', 605),
(254, 'TURANGZAI', 606),
(255, 'SHINKAI', 607),
(255, 'URIAZAI', 608),
(255, 'YAKH KOHI', 609),
(256, 'HALEEMABAD', 610),
(256, 'PARICH KHEL', 611),
(256, 'PIRAN', 612),
(256, 'TARIQABAD', 613),
(863, 'BATTAGRAM', 614),
(863, 'MAROZAI', 615),
(863, 'SREIKH', 616),
(864, 'AMBHADHER', 617),
(864, 'DAULALT PURA', 618),
(864, 'NAKAI', 619),
(865, 'HAJIZAI', 620),
(865, 'MAZARA', 621),
(865, 'OCHAWARA', 622),
(866, 'HASANZAI', 623),
(866, 'MERZAI', 624),
(867, 'BAKYANA', 625),
(867, 'DHERI SIKANDER KHAN', 626),
(867, 'KANGRA', 627),
(867, 'YAGHI BANDAN', 628),
(868, 'KATOZAI BALA', 629),
(868, 'KATOZAI PAYAN', 630),
(868, 'MALIKABAD', 631),
(869, 'MATTA HAMZA KHEL', 632),
(869, 'MATTA PALANGZAI', 633),
(869, 'MATTA RUSTAM KHEL-I', 634),
(869, 'MATTA RUSTAM KHEL-II', 635),
(870, 'BEER QILLA', 636),
(870, 'DALAZAK', 637),
(870, 'MIAN ISA', 638),
(870, 'PANJPAO', 639),
(871, 'MIAN KILLI', 640),
(871, 'NORANI', 641),
(871, 'RASHAKAI', 642),
(872, 'ARHAT KANDEY SHB-II', 643),
(872, 'HALEEMZAI SHB-I', 644),
(873, 'BEHLOL KHEL SHB-IV', 645),
(873, 'SHABQADAR BAZAR SHB-III', 646),
(874, 'ATTAKAI SHB-VI', 647),
(874, 'GOUDA SHB-V', 648),
(923, 'BAR BEHRAM DHERI', 649),
(923, 'DOBANDI', 650),
(923, 'SOR KAMAR', 651),
(924, 'ABAZAI', 652),
(924, 'JANOKAI', 653),
(924, 'STATION KILLI', 654),
(925, 'AMIRABAD', 655),
(925, 'DAKKI', 656),
(925, 'KARAMAT SHAH KORONA', 657),
(925, 'SAHIB GUL', 658),
(925, 'SARKI KASHARAN', 659),
(926, 'BEHRAM KHAN DHERI', 660),
(926, 'GANDHERI BALA', 661),
(926, 'SHAKOOR', 662),
(927, 'HARI CHAND', 663),
(927, 'JAMAL ABAD', 664),
(928, 'HISARA NEHRI', 665),
(928, 'HISARA NEHRI BALA', 666),
(928, 'HISARA NEHRI MIANA', 667),
(928, 'HISARA NEHRI PAYAN', 668),
(929, 'BAR BEHRAM DHERI', 669),
(929, 'DOBANDI', 670),
(930, 'BARI BANDAN', 671),
(930, 'MANDANI', 672),
(931, 'DHANK QILLA', 673),
(931, 'GHARI BEHAAR', 674),
(931, 'MIRZADHER', 675),
(932, 'SHERPAO KANEWAR', 676),
(932, 'SHERPAO MIAN KILLI', 677),
(932, 'SHERPAO SULEMANZAI', 678),
(933, 'PIRAAN', 679),
(933, 'SHODAG', 680),
(933, 'SPALMAI', 681),
(934, 'AKHTARABAD', 682),
(934, 'FATEH KHEL', 683),
(934, 'GUL BAGH', 684),
(935, 'HAWARA', 685),
(935, 'ZIAM', 686),
(935, 'ZIARAT MASOOM', 687),
(265, 'CHEHKAN', 688),
(265, 'HAINDAN', 689),
(265, 'POTA', 690),
(265, 'SHERO NOU', 691),
(265, 'SHERU KOHNA', 692),
(266, 'MOH: CHOK SETH ASHRAF', 693),
(266, 'MOH: JOGIAN WALA', 694),
(267, 'EIDGAH KALAN', 695),
(267, 'ISLAMIA COLONY', 696),
(268, 'GARHI SADOZAI', 697),
(268, 'MOH: ALAM SHER', 698),
(268, 'MOH: JUMMA SHAH', 699),
(269, 'MOH: CHAMAN CHOK', 700),
(269, 'MOH: DIWAN SAHIB', 701),
(269, 'MOH: KIRRI ALIZAI', 702),
(269, 'MOH: QASABAN', 703),
(270, 'KANCHKIAN WALI', 704),
(270, 'MOH. GHARIBAN', 705),
(270, 'MOH: MUJAHID NAGAR', 706),
(271, 'AWAN ABAD', 707),
(271, 'BARAN ABAD ', 708),
(271, 'BASTI DIRKHAN', 709),
(272, 'THOYA FAZIL', 710),
(272, 'THOYA SAYAL', 711),
(273, 'DEWALA NO.1', 712),
(273, 'DEWALA NO.2', 713),
(273, 'DEWALA NO.3', 714),
(274, 'BAHADERI', 715),
(274, 'CHUNDA', 716),
(274, 'GILOTI', 717),
(275, 'HISSAM', 718),
(275, 'SAGGU JANOBI', 719),
(276, 'GIRSAL', 720),
(276, 'KECH', 721),
(276, 'MUQEEM SHAH', 722),
(277, 'HAYAT KORAI ', 723),
(277, 'KORAI', 724),
(278, 'ARRA', 725),
(278, 'KOTLA SAIDAN-I', 726),
(278, 'KOTLA SAIDAN-II', 727),
(278, 'NAWAB', 728),
(279, 'LACHRA ', 729),
(279, 'ZAFAR ABAD-I', 730),
(279, 'ZAFAR ABAD-II', 731),
(280, 'JHOKE BASHARAT', 732),
(280, 'KACHI PAIND KHAN', 733),
(280, 'KUKAR', 734),
(280, 'MANDHRA', 735),
(280, 'RAKH MANGAN', 736),
(281, 'EJAZ ABAD', 737),
(281, 'JHOK QURESHI', 738),
(281, 'MURYALI', 739),
(282, 'HIMMAT', 740),
(282, 'RATTA KULACHI-I', 741),
(282, 'RATTA KULACHI-II', 742),
(283, 'GOMAL', 743),
(283, 'SHORE KOT', 744),
(283, 'SINGHAR SHARIF', 745),
(284, 'BUDH', 746),
(284, 'YARIK', 747),
(285, 'FATEH', 748),
(285, 'HAJI MORA-I', 749),
(285, 'HAJI MORA-II', 750),
(285, 'KHUTTI', 751),
(285, 'KOTLA HABIB', 752),
(291, 'BHUKKI ', 753),
(291, 'JANDI BABAR', 754),
(291, 'KORI HOTE', 755),
(291, 'MATT', 756),
(292, 'CHAUDHWAN ', 757),
(292, 'GARA NAHAR', 758),
(292, 'GARA TARKHOBA ', 759),
(292, 'KOT TAGGA', 760),
(293, 'DARABAN-I', 761),
(293, 'DARABAN-II', 762),
(293, 'ZARKANI', 763),
(294, 'GANDI AASHIQ', 764),
(294, 'GANDI ESAB', 765),
(294, 'GANDI UMAR KHAN ', 766),
(294, 'KOT ESSA KHAN', 767),
(294, 'SAGGU', 768),
(295, 'KIKRI', 769),
(295, 'MUSA ZAI SHARIF ', 770),
(542, 'GARA MUHABBAT ', 771),
(542, 'HATHALA', 772),
(542, 'MIRBAZI', 773),
(542, 'TAKWARA', 774),
(543, 'BEHLOL KHEL', 775),
(543, 'HUSSAIN ZAI', 776),
(543, 'RANA ZAI', 777),
(543, 'ZARNI KHEL ', 778),
(544, 'BARA KHEL', 779),
(544, 'IBRAHIM ZAI ', 780),
(545, 'GARA GULDAD ', 781),
(545, 'LOONI', 782),
(545, 'RORI', 783),
(546, 'KOT ATTAL SHARIF ', 784),
(546, 'KOT DAULAT ', 785),
(546, 'KOT WALI DAD', 786),
(546, 'MADDI', 787),
(767, 'BAND KURRAI-I', 788),
(767, 'BAND KURRAI-II', 789),
(767, 'KHALIQ SHAH', 790),
(767, 'PANYALA JANUBI', 791),
(767, 'RODI KHEL', 792),
(768, 'BIGWANI SHUMALI', 793),
(768, 'HAFIZ ABAD', 794),
(768, 'KACHI PAHARPUR ', 795),
(768, 'MIAN WADA', 796),
(769, 'BAGGI QAMAR', 797),
(769, 'BILOT SHARIF ', 798),
(769, 'DHAKKI', 799),
(769, 'KIRRI KHAISOR PAKKA', 800),
(769, 'NOORPUR SHUMALI', 801),
(770, 'AWAN', 802),
(770, 'SAGGU SHUMALI ', 803),
(770, 'SHAH KOT', 804),
(770, 'THATHAL', 805),
(771, 'KATH GARH GHARBI', 806),
(771, 'KATH GARH SHARQI', 807),
(771, 'KOTLA LODHIAN', 808),
(771, 'SAIDU WALI', 809),
(772, 'KIRI KHAISOR', 810),
(772, 'KIRI KHESORE KACHA JANUBI', 811),
(772, 'MALLI KHEL', 812),
(772, 'UMAR KHEL KACHA', 813),
(772, 'UMAR KHEL PAKKA', 814),
(773, 'FATEH JAI', 815),
(773, 'KHANU KHEL', 816),
(773, 'MACHORA', 817),
(773, 'SAIDALLIAN', 818),
(774, 'KALA GORH', 819),
(774, 'LAAR', 820),
(774, 'MITHA PUR', 821),
(774, 'RANGPUR', 822),
(774, 'SHAH DAU', 823),
(775, 'PAHARPUR-I', 824),
(775, 'PAHARPUR-II', 825),
(776, 'PANIALA-II', 826),
(776, 'PANYALA-I', 827),
(777, 'KATTA KHEL ', 828),
(777, 'PANYALA SHUMALI', 829),
(777, 'REHMANI KHEL ', 830),
(777, 'WANDA GANDER', 831),
(777, 'WANDA KHAN MUHAMMAD', 832),
(792, 'FATEH ALI', 833),
(792, 'KIRI SHAMOZAI', 834),
(792, 'MANGAL', 835),
(792, 'RIND', 836),
(793, 'ADIL SIPRA', 837),
(793, 'DARABAN KHURD', 838),
(793, 'JUMA SHARIF', 839),
(793, 'LUNDA SHARIF', 840),
(793, 'RANGPUR JANOBI', 841),
(794, 'BASTI ALI', 842),
(794, 'KAHEERI KACHA', 843),
(794, 'MAHRA', 844),
(794, 'MIALI', 845),
(795, 'MALLANA', 846),
(795, 'QAYYUM NAGAR', 847),
(795, 'RODA', 848),
(796, 'BUTAISAR', 849),
(796, 'GHUMSAN', 850),
(796, 'KARNAL SHER KHAN', 851),
(796, 'MIRAN', 852),
(796, 'RAMAK ', 853),
(797, 'JATTA', 854),
(797, 'MALAIKHI', 855),
(797, 'NAIVELLA', 856),
(797, 'RASHID', 857),
(798, 'BABBAR KACCHA', 858),
(798, 'PAROA', 859),
(798, 'PAROA-I', 860),
(798, 'PAROA-II', 861),
(169, 'BARAWAL BANDAI', 862),
(169, 'CHINDAKOT', 863),
(170, 'DARIKAND', 864),
(170, 'GUL BAHAR', 865),
(170, 'SHINGARA', 866),
(171, 'BIN', 867),
(171, 'JANBHATTI', 868),
(171, 'NOOR KHEL', 869),
(172, 'NASRAT', 870),
(172, 'SHAHIKOT', 871),
(172, 'SHALTALO', 872),
(173, 'DIR KHAN', 873),
(173, 'SUNDRAWAL', 874),
(323, 'CHUKYATAN', 875),
(323, 'HAYAGAY GHARBI', 876),
(323, 'KOTKAY', 877),
(323, 'NAWOO', 878),
(324, 'KASS', 879),
(324, 'REHANKOT', 880),
(324, 'SHAW', 881),
(325, 'BAGH KALAY/SARKO', 882),
(325, 'DHERI', 883),
(325, 'GANORAI', 884),
(325, 'HATAN', 885),
(325, 'SURBAT', 886),
(326, 'HATAN', 887),
(327, 'DOBANDO', 888),
(327, 'PANAKOT', 889),
(327, 'QULANDAI', 890),
(456, 'BARIKOT', 891),
(456, 'BEYAR', 892),
(456, 'JOON KASS', 893),
(456, 'SHAL BAN', 894),
(457, 'DILATROR KASS', 895),
(457, 'KALKOT', 896),
(458, 'BESHO', 897),
(458, 'PASHRAK', 898),
(458, 'PATRAK', 899),
(459, 'MAIDAN', 900),
(459, 'SHONGA', 901),
(459, 'SIASAN', 902),
(460, 'HAJISHAI', 903),
(460, 'KUMRAT', 904),
(460, 'LAMOTI', 905),
(460, 'THALL', 906),
(598, 'BIBYAWAR', 907),
(598, 'KAIR', 908),
(598, 'SERI', 909),
(598, 'SHAMORGARH', 910),
(599, 'GANDIGAR BALA', 911),
(599, 'KASS DARORA', 912),
(599, 'KATAN PAYEEN', 913),
(599, 'LANDAI SHAH BALA', 914),
(600, 'DAM', 915),
(600, 'JABBAR', 916),
(600, 'KATAN PAYEEN', 917),
(600, 'NISHAN BANDA', 918),
(601, 'BARKAND', 919),
(601, 'JABBAI', 920),
(601, 'PALAM', 921),
(601, 'SAMKOT', 922),
(602, 'ALIGASAR', 923),
(602, 'ALMAS', 924),
(602, 'SADIQA BANDA', 925),
(602, 'TARPATAR', 926),
(602, 'USHERAI GALKOR', 927),
(877, 'BADARKANI', 928),
(877, 'Doag Payeen', 929),
(877, 'DOOG DARA BALA', 930),
(877, 'DOOG PAYEEN', 931),
(877, 'MALOOK KHWAR', 932),
(877, 'MIANA DOOG', 933),
(877, 'SHOT KASS', 934),
(878, 'BELA', 935),
(878, 'BERKALLEY', 936),
(878, 'KANDAW', 937),
(878, 'NARKOON', 938),
(878, 'SHAHOOR', 939),
(878, 'SUNDRAI', 940),
(879, 'ACHAR BALA', 941),
(879, 'CHIRAGALI PAYEEN', 942),
(879, 'SAWNAI BALA', 943),
(879, 'SERATI', 944),
(880, 'GANSHAL', 945),
(880, 'JITKOT GURYAL', 946),
(880, 'SHERINGAL', 947),
(1082, 'AKHAGRAM', 948),
(1082, 'BATAN KARKABANG', 949),
(1082, 'GULI BAGH', 950),
(1082, 'KHUNANO TANGAY', 951),
(1083, 'BADALAI', 952),
(1083, 'BANDAI', 953),
(1083, 'MATAR', 954),
(1083, 'SERAI NEHAGA DARA', 955),
(1084, 'BABO KALAY', 956),
(1084, 'CHAPPAR', 957),
(1084, 'JELAR', 958),
(1084, 'NASIR ABAD', 959),
(1085, 'CHARKOOM', 960),
(1085, 'DISLAWAR', 961),
(1085, 'DOGRAM', 962),
(1085, 'KADI KHEL', 963),
(1085, 'OSORAI DARA', 964),
(1086, 'KOTKAY', 965),
(1086, 'MOLVI', 966),
(1086, 'PATAW', 967),
(1087, 'GALKOR', 968),
(1087, 'KRAPAT', 969),
(1087, 'NEHAG', 970),
(1087, 'SHALGAH', 971),
(1088, 'BALKORE', 972),
(1088, 'HAZARA', 973),
(1088, 'PASHTA', 974),
(1088, 'SHAGA', 975),
(1089, 'GOGYAL', 976),
(1089, 'RAMBAYAL', 977),
(1089, 'SUNDAL', 978),
(1090, 'DASKORE', 979),
(1090, 'KADAD', 980),
(1090, 'MALOOK BANDA', 981),
(1090, 'SHANG', 982),
(1090, 'WARI', 983),
(34, 'ABI SHAH', 984),
(34, 'ASBANRR BAZZAR', 985),
(34, 'BAMBOLAI BALA', 986),
(34, 'KUMBARR', 987),
(34, 'MESYALOWARR', 988),
(34, 'NAWAGAI PAYEEN', 989),
(35, 'BADWAN BALA', 990),
(35, 'BADWAN PAEEN', 991),
(35, 'CHAT PAT', 992),
(35, 'GADAR', 993),
(36, 'CHAKDARA KHASS', 994),
(36, 'DARBAR CHAKDARA', 995),
(36, 'DARRA', 996),
(36, 'MIR ABAD', 997),
(36, 'RAMORRAA', 998),
(36, 'SEHSADA', 999),
(37, 'KAMALA', 1000),
(37, 'KHADAGZAI', 1001),
(37, 'MAYAR', 1002),
(37, 'MIA BRANGOLA', 1003),
(38, 'BUCHAKAY', 1004),
(38, 'KHANPUR', 1005),
(38, 'SHAADAM', 1006),
(38, 'SIA', 1007),
(38, 'TEKNAI BALA', 1008),
(39, 'CHEKHO', 1009),
(39, 'KHAIR ABAD', 1010),
(39, 'KOTIGRAM', 1011),
(39, 'LARRAM', 1012),
(39, 'OSAKAI', 1013),
(39, 'SHAH ABAD', 1014),
(40, 'BATAN', 1015),
(40, 'GUL ABAD', 1016),
(40, 'OUCH GHARBI', 1017),
(40, 'OUCH SHARQI', 1018),
(41, 'KITTIARRI', 1019),
(41, 'SHA ALAM BABA', 1020),
(41, 'SHAABAN', 1021),
(41, 'SHAWA', 1022),
(41, 'TAZA GRAM', 1023),
(41, 'TINDO DAAG', 1024),
(120, 'KHEMA', 1025),
(120, 'KOHAIRAY', 1026),
(120, 'MALAKAND BALA', 1027),
(120, 'MALAKAND PAYEEN', 1028),
(120, 'STANADAR', 1029),
(121, 'HAYASERAI', 1030),
(121, 'KOT BALA', 1031),
(121, 'SANGWALAI BALA', 1032),
(121, 'SANGWALAI PAYEEN', 1033),
(121, 'SHER KHANAI', 1034),
(122, 'ANDEHRAIY', 1035),
(122, 'HAJI ABAD', 1036),
(122, 'KOTO', 1037),
(122, 'SHEHZADI BALA', 1038),
(123, 'BIYARAI', 1039),
(123, 'DERMAL PAYEEN', 1040),
(123, 'GHWARGAY', 1041),
(123, 'LAJBOK', 1042),
(123, 'MORANAI', 1043),
(124, 'BAROON', 1044),
(124, 'MUNJAI', 1045),
(124, 'OODIGRAM', 1046),
(124, 'RANI', 1047),
(124, 'SAR BANDA', 1048),
(124, 'WATANGAY PAYEEN', 1049),
(125, 'ASSEGI DARRA', 1050),
(125, 'ASSELO', 1051),
(125, 'DOGAI', 1052),
(125, 'KOTKAY RABAT', 1053),
(125, 'MALAKAND PAYEEN', 1054),
(125, 'MANDESH', 1055),
(125, 'RABAT', 1056),
(486, 'KHALL', 1057),
(486, 'KOOZ KALY', 1058),
(486, 'NAMSAIR', 1059),
(486, 'ZOOR MANDI', 1060),
(487, 'KAMAR TALL', 1061),
(488, 'BARKALAY SHER COLONY', 1062),
(488, 'KANDARO', 1063),
(488, 'KHALL', 1064),
(488, 'KHALL BARKALAY', 1065),
(488, 'SHALFALAM', 1066),
(488, 'SHALKANAI', 1067),
(489, 'ADOKAY', 1068),
(489, 'KAMAR TALL', 1069),
(489, 'LUQMAN BANDA', 1070),
(489, 'SAFARAY DOAAB', 1071),
(490, 'GHAWNAI', 1072),
(490, 'KAMAR TALL', 1073),
(490, 'SAIR', 1074),
(490, 'TANGO KANDAW', 1075),
(490, 'TOR MANG', 1076),
(491, 'KANDAWONO', 1077),
(491, 'RAZA GRAM', 1078),
(491, 'SIA GAWNAI', 1079),
(592, 'AWARO (MAIDAN)', 1080),
(592, 'BAGH DALGRAM', 1081),
(592, 'BESHGRAM', 1082),
(592, 'GUMBAT', 1083),
(592, 'KARGHA KHAZANA', 1084),
(592, 'MACHLA', 1085),
(592, 'MARKHANAI', 1086),
(593, 'BABAGAM', 1087),
(593, 'DALL GALL', 1088),
(593, 'KASS BUCHAKHEL', 1089),
(593, 'NAGOTAL', 1090),
(593, 'NAMBATAI', 1091),
(593, 'SRAFOO MANZA', 1092),
(594, 'ATTOO', 1093),
(594, 'CHINAR KOT', 1094),
(594, 'DOKRRAI KHAN ABAD', 1095),
(594, 'GUMABATAY', 1096),
(594, 'KOTKAY', 1097),
(595, 'BARKHANI', 1098),
(595, 'KUMBAR', 1099),
(595, 'LAL QILLA', 1100),
(595, 'MANYAL', 1101),
(595, 'NAMAZKOT', 1102),
(595, 'SAFARAY', 1103),
(596, 'DAPUR', 1104),
(596, 'DAROO', 1105),
(596, 'MAIDAN BANDAI', 1106),
(596, 'SHAGAI', 1107),
(596, 'ZIMDARA', 1108),
(713, 'GOSAM', 1109),
(713, 'KHUNA PEKAT', 1110),
(713, 'RAHIM ABAD', 1111),
(714, 'KHAZANA', 1112),
(714, 'KOTKAY', 1113),
(714, 'MAKHAI', 1114),
(714, 'PALOSO DAG', 1115),
(715, 'AREEF', 1116),
(715, 'BADALZO', 1117),
(716, 'BAZARAK', 1118),
(716, 'MUNDA', 1119),
(716, 'MUSA ABAD', 1120),
(716, 'TOR QILLA', 1121),
(717, 'BUNRR', 1122),
(717, 'GUDAR / BAKRO', 1123),
(717, 'MIA KALAY', 1124),
(717, 'QILLA SHALKANDAI', 1125),
(717, 'TAKORO', 1126),
(846, 'BALOODA', 1127),
(846, 'DARANGAL', 1128),
(846, 'DINJARAI', 1129),
(846, 'GAWAR DESH', 1130),
(846, 'MANAI', 1131),
(846, 'SHAHI', 1132),
(846, 'SHARBANNAI', 1133),
(847, 'BOKRAI', 1134),
(847, 'GHWARRABANDA', 1135),
(847, 'KAMBAT', 1136),
(847, 'KOTO', 1137),
(847, 'LEEKOR', 1138),
(847, 'TANGI BALA', 1139),
(848, 'KAKASS', 1140),
(848, 'KHARKAY', 1141),
(848, 'KULLALAN', 1142),
(848, 'MISKINY', 1143),
(848, 'SANGI PARA (QAZIABAD)', 1144),
(849, 'JABAGAI', 1145),
(849, 'JUNI KALAY', 1146),
(849, 'KOTKI SHAHI KHEL', 1147),
(849, 'MAYAR', 1148),
(849, 'QANDARAY', 1149),
(849, 'SAMARBAGH', 1150),
(850, 'BAADIN GANDEHRAY', 1151),
(850, 'QANDARAY', 1152),
(850, 'SADBAR KALAY', 1153),
(850, 'SAMARBAGH', 1154),
(850, 'SHEENA TANGAY', 1155),
(850, 'SWARA GHUNDAI', 1156),
(851, 'BENSHAHI', 1157),
(851, 'GHWARRABANDA', 1158),
(851, 'NEW KOTO', 1159),
(851, 'QANDARAY', 1160),
(851, 'RAHIM ABAD', 1161),
(851, 'SAMARBAGH', 1162),
(851, 'SHUNTTALA', 1163),
(962, 'BAGH', 1164),
(962, 'KATAN PAYEEN', 1165),
(962, 'PINGAL INZARO', 1166),
(962, 'TAUDA CHENA', 1167),
(962, 'TAWDA CHENA', 1168),
(962, 'UTALA', 1169),
(963, 'BAJAWRO', 1170),
(963, 'BANDAGAI', 1171),
(963, 'DEHRAI', 1172),
(963, 'PAITO YARKHAN BANDA', 1173),
(964, 'DANWA', 1174),
(964, 'KHUNGI', 1175),
(964, 'SADDO', 1176),
(964, 'SHEKAWLAI', 1177),
(964, 'SIAR', 1178),
(964, 'TANGAY', 1179),
(965, 'AJOO', 1180),
(965, 'BANDA', 1181),
(965, 'NAGRAI', 1182),
(965, 'NASAFA TALASH', 1183),
(965, 'SARAI BALA', 1184),
(966, 'AMLOOK DARA', 1185),
(966, 'KASS SHAMSHIKHAN', 1186),
(966, 'MACHO TALASH', 1187),
(966, 'QILLA SHAMSHI KHAN', 1188),
(966, 'ZIARAT TALASH', 1189),
(967, 'MIA BANDA', 1190),
(967, 'NAWAY KALAY', 1191),
(967, 'TIMERGARA NO.1', 1192),
(967, 'TIMERGARA NO.2', 1193),
(364, 'ALWARA MELA', 1194),
(364, 'BARH ABBAS KHEL', 1195),
(364, 'BILYAMINA', 1196),
(364, 'SHAHOO KHEL', 1197),
(365, 'DARBAND', 1198),
(365, 'SAMANA', 1199),
(365, 'SHAMSHA DIN', 1200),
(366, 'FAROOQ ABAD', 1201),
(366, 'GANJANOKALAY', 1202),
(367, 'KACH', 1203),
(367, 'MARDU KHEL', 1204),
(367, 'SPIN KHAWRI', 1205),
(367, 'WACH BAZZAR', 1206),
(368, 'AZIMI BANDA', 1207),
(368, 'DARORHI BANDA', 1208),
(368, 'KAHI', 1209),
(369, 'GUL BAGH', 1210),
(369, 'KHAN BARI', 1211),
(369, 'MUSLIM ABAD', 1212),
(370, 'BAGATO', 1213),
(370, 'CHAMBA GUL', 1214),
(370, 'KOTKI', 1215),
(370, 'LAKHTI BANDA', 1216),
(370, 'WARASTA', 1217),
(371, 'IBRAHIM ZAI', 1218),
(371, 'KHATTAK BANDA', 1219),
(371, 'LUCKY BANDA', 1220),
(371, 'MACHINE BANDA', 1221),
(371, 'MUHAMMAD KHAWAJA', 1222),
(372, 'BABAR MELA', 1223),
(372, 'IBRAHIM ZAI', 1224),
(372, 'LODHI KHEL', 1225),
(372, 'RAISAN', 1226),
(372, 'SHAHOO KHEL', 1227),
(373, 'ANAR CHENA', 1228),
(373, 'TOGH SARAI', 1229),
(952, 'DALLAN', 1230),
(952, 'GANDIRI', 1231),
(952, 'MAINJI KHEL DOABA', 1232),
(953, 'BABAR MELA', 1233),
(953, 'BAZZAR KHEL', 1234),
(953, 'DARSAMAND', 1235),
(953, 'SAROKHEL', 1236),
(954, 'DOABA-I', 1237),
(954, 'DOABA-II', 1238),
(954, 'SAROZAI', 1239),
(955, 'BAR KALAY', 1240),
(955, 'DARSHI MATHUKHEL', 1241),
(955, 'KARBOGHA SHARIF', 1242),
(955, 'MAZRIN KALAY', 1243),
(956, 'NARYAB', 1244),
(956, 'SANGAIRH REHMAT ABAD', 1245),
(957, 'CHAPPRI', 1246),
(957, 'SHNAWARI', 1247),
(957, 'ZARGIRI', 1248),
(958, 'CHAPRI WAZIRAN', 1249),
(958, 'MUHAMMAD ZAI', 1250),
(959, 'SRA GHUNDI', 1251),
(959, 'YOUSAF KHEL', 1252),
(959, 'ZANDAR KHEL', 1253),
(960, 'TORA GHUNDAI', 1254),
(960, 'TORA WARI', 1255),
(960, 'TORAWARI', 1256),
(355, 'BAIT GALI', 1257),
(355, 'BRUG KHABAL', 1258),
(355, 'DEVI', 1259),
(355, 'GALI', 1260),
(356, 'BARWASA', 1261),
(356, 'GHAZI', 1262),
(356, 'KHALLO', 1263),
(356, 'PAHI', 1264),
(357, 'GHARRA HAMLET', 1265),
(357, 'KHAIR BARA', 1266),
(357, 'PIPLIALA HAMLET', 1267),
(358, 'AMGAH KALA KATHA', 1268),
(358, 'BADAROSE', 1269),
(358, 'KOPER', 1270),
(358, 'KOTEHRA', 1271),
(359, 'KUNDI', 1272),
(359, 'MOHAT DALL', 1273),
(359, 'SALAM KHAND', 1274),
(359, 'SALAMKHAND', 1275),
(360, 'KALILAAR', 1276),
(360, 'KUPRI', 1277),
(360, 'NARA AMAZAI', 1278),
(360, 'PARBA', 1279),
(361, 'HASSANPUR', 1280),
(361, 'MIAN DHERI', 1281),
(361, 'QAZI PUR', 1282),
(362, 'BAIL GARHAN', 1283),
(362, 'BILLAH SIRIKOT', 1284),
(362, 'BOTIGRAM SERIKOT', 1285),
(362, 'GALAI SIRIKOT', 1286),
(374, 'ALI KHAN', 1287),
(374, 'KAHAL', 1288),
(374, 'MURADABAD', 1289),
(374, 'SHAH MUHAMMAD', 1290),
(375, 'BAGRA-1', 1291),
(375, 'BAGRA-2', 1292),
(375, 'BALDHER', 1293),
(375, 'KARWALA', 1294),
(376, 'BAKKA', 1295),
(376, 'BHERA', 1296),
(376, 'GHARIAN', 1297),
(376, 'SARRI', 1298),
(377, 'BANDI SHER KHAN', 1299),
(377, 'BHUTTARI', 1300),
(377, 'DURESHKHEIL', 1301),
(377, 'GANDHIAN', 1302),
(377, 'GUMANWAN', 1303),
(378, 'BEER', 1304),
(378, 'KACCHI', 1305),
(378, 'KAKOTRI', 1306),
(378, 'NEELORE', 1307),
(378, 'SOHA', 1308),
(379, 'DARWAISH', 1309),
(379, 'MEELAM', 1310),
(379, 'MODEL TOWN HARIPUR', 1311),
(380, 'CHOHAR SHARIF', 1312),
(380, 'DHEENDAH', 1313),
(380, 'JAGAL', 1314),
(380, 'KALAS', 1315),
(380, 'QAZIAN', 1316),
(381, 'CHAMBA PIND', 1317),
(381, 'DEHDAN', 1318),
(381, 'DINGI', 1319),
(381, 'MOHRI MALYIA (LADHA)', 1320),
(381, 'MOTTIAN', 1321),
(382, 'CITY-5', 1322),
(382, 'CITY-6', 1323),
(382, 'CITY-8', 1324),
(383, 'CITY-1', 1325),
(383, 'CITY-2 (QATEEL SHAFAI)', 1326),
(383, 'CITY-4 ', 1327),
(384, 'CITY-10', 1328),
(384, 'CITY-11', 1329),
(384, 'CITY-12', 1330),
(384, 'CITY-9', 1331),
(385, 'ALLOOLI', 1332),
(385, 'JATTI PIND', 1333),
(385, 'KAAG', 1334),
(386, 'GANDAF', 1335),
(386, 'JUM SAIDPUR', 1336),
(386, 'KALINGER', 1337),
(386, 'KHARKOT', 1338),
(386, 'SWABI MAIRA', 1339),
(387, 'KHALABAT-1', 1340),
(387, 'KHALABAT-3', 1341),
(387, 'KHALABAT-4', 1342),
(388, 'CHITTI DHAKI', 1343),
(388, 'KAILAG', 1344),
(388, 'KHOLIAN BALA', 1345),
(389, 'GANJA KAMALA', 1346),
(389, 'KOT NAJEEBULLAH NORTH', 1347),
(389, 'SARAI GADAI', 1348),
(390, 'BANDI LABIAL BRALIAN', 1349),
(390, 'CHAINTRI', 1350),
(390, 'DALRI', 1351),
(390, 'LADARMANG', 1352),
(390, 'LALOGALI', 1353),
(391, 'BAJEEDA', 1354),
(391, 'MAKHAN', 1355),
(391, 'MANKARAI', 1356),
(391, 'PHARALLA', 1357),
(392, 'GHER KHAN', 1358),
(392, 'MIRPUR', 1359),
(392, 'PANDAK', 1360),
(392, 'SOKA PANDAK', 1361),
(392, 'TALOKAR', 1362),
(393, 'KANGRA RURAL', 1363),
(393, 'KANGRA TOWNSHIP', 1364),
(393, 'PANIAN', 1365),
(394, 'MAGRI', 1366),
(394, 'NARTOPA', 1367),
(394, 'NEELORE', 1368),
(394, 'PIND HASHIM KHAN', 1369),
(394, 'TEER', 1370),
(395, 'BANDI SEERAAN', 1371),
(395, 'CHECHIAN', 1372),
(395, 'JAB', 1373),
(395, 'PIND KAMAL KHAN', 1374),
(396, 'CHAJJIAN', 1375),
(396, 'CHAPPRA KOTHA PIR KOT', 1376),
(396, 'KOKA', 1377),
(396, 'NOORDI', 1378),
(396, 'PIND JAMAL KHAN', 1379),
(396, 'REHANA', 1380),
(397, 'BANDA MUNIR KHAN', 1381),
(397, 'BANDI MIAN PIRDAD', 1382),
(397, 'NOORPUR', 1383),
(397, 'SARAI NIAMAT KHAN', 1384),
(397, 'SARRIAN DHARRAM PANI', 1385),
(397, 'SHINGRI PASWAL', 1386),
(398, 'CHANGI BANDI-1', 1387),
(398, 'SARAI SALEH', 1388),
(398, 'SARAI SALEH GARR', 1389),
(398, 'SARAI SALEH MAIRA', 1390),
(399, 'AKHOON BANDI', 1391),
(399, 'KALANWAN', 1392),
(399, 'MOHRI', 1393),
(399, 'SHAH MAQSOOD', 1394),
(400, 'DHERI MAKHAN COLONY', 1395),
(400, 'MALKYAR', 1396),
(400, 'SIKANDAR PUR', 1397),
(401, 'BANDI GULLU', 1398),
(401, 'BANDI SIRYA', 1399),
(401, 'MANG', 1400),
(401, 'SIRYA', 1401),
(402, 'TURBELA-1', 1402),
(402, 'TURBELA-2', 1403),
(402, 'TURBELA-3', 1404),
(492, 'BAREELA', 1405),
(492, 'KHOI NARA', 1406),
(493, 'BARKOT', 1407),
(493, 'HALLI', 1408),
(493, 'NEELAN BHOTO', 1409),
(494, 'HATTAR', 1410),
(494, 'SHADI', 1411),
(495, 'JABRI', 1412),
(495, 'KOHALA BALA', 1413),
(495, 'NULLAH', 1414),
(496, 'KHANPUR', 1415),
(496, 'KHANPUR KHOI MAIRA', 1416),
(496, 'SURAJ GALI', 1417),
(497, 'BEESBAN', 1418),
(497, 'GARAMTHOON', 1419),
(497, 'KARWALI', 1420),
(497, 'KOT JANDAN', 1421),
(497, 'MUSLIM ABAD', 1422),
(497, 'PAKSHAHI', 1423),
(498, 'CHOI', 1424),
(498, 'DARTIAN', 1425),
(498, 'NAJIFPUR', 1426),
(498, 'TARNAWA                                       ', 1427),
(499, 'JAB', 1428),
(500, 'MARCHABAD JAULIAN', 1429),
(500, 'MUMRIAL', 1430),
(500, 'TOFKIAN  ', 1431),
(126, 'BAHADER KHEL', 1432),
(126, 'DARISH KHEL', 1433),
(127, 'GURGURI', 1434),
(127, 'MARDAN KHEL', 1435),
(128, 'JATTA ISMAIL KHEL', 1436),
(128, 'MAKORI', 1437),
(128, 'MAMI KHEL', 1438),
(129, 'DAGAR NARI', 1439),
(129, 'KHURRAM MUHAMMAD ZAI', 1440),
(129, 'NARI PANUS', 1441),
(130, 'AHMADI BANDA', 1442),
(130, 'ISAK KHUMARI', 1443),
(130, 'TERI', 1444),
(130, 'TERI CHAPRI', 1445),
(465, 'GHUNDI MIR KHAN KHEL', 1446),
(465, 'TARKI KHEL', 1447),
(466, 'ISAK CHOUNTRA', 1448),
(466, 'KANDU KHEL', 1449),
(467, 'DHODA KHEL', 1450),
(467, 'JANDRI', 1451),
(467, 'SARAT KHEL', 1452),
(467, 'TARKHA KOI', 1453),
(468, 'MITHA WALA', 1454),
(468, 'REHMAT ABAD', 1455),
(468, 'TAPPI KARAK', 1456),
(469, 'COLLEGE TOWN', 1457),
(469, 'OFFICIAL COLONY', 1458),
(470, 'LATAMBER', 1459),
(470, 'MANDAWA SHARQI', 1460),
(470, 'SURDAG', 1461),
(470, 'WARANA LATAMBER', 1462),
(471, 'KANDA KARAK', 1463),
(471, 'LAKKI GHUNDAKI', 1464),
(471, 'MITHA KHEL', 1465),
(472, 'CHANI KHEL', 1466),
(472, 'PALOSA SAR', 1467),
(473, 'DELI MELA', 1468),
(473, 'DHAND IDAL KHEL', 1469),
(473, 'SABIR ABAD', 1470),
(916, 'AHMAD ABAD', 1471),
(916, 'CHOKARA', 1472),
(916, 'GHUNDI KILLA', 1473),
(917, 'JAHANGIRI', 1474),
(917, 'KHOJAKI', 1475),
(917, 'YAGHI MOSAKAN', 1476),
(918, 'GANDIRI KHATTAK', 1477),
(918, 'SHAHIDAN BANDA', 1478),
(919, 'KARI DHAND', 1479),
(919, 'NARA', 1480),
(919, 'SHAH SALIM', 1481),
(920, 'SARKI LAWAGHER', 1482),
(920, 'SIRAJ KHEL', 1483),
(921, 'BOGARA', 1484),
(921, 'TAKHT NASARATI BALA', 1485),
(921, 'TAKHT NASARATI PAYAN', 1486),
(922, 'SAIKOT', 1487),
(922, 'SURATI KILLA', 1488),
(922, 'TATTER KHEL', 1489),
(922, 'WARANA MIR HASSAN KHEL', 1490),
(922, 'WARANA MOSAKAN', 1491),
(514, 'ALI ZAI', 1492),
(514, 'KHADIZAI', 1493),
(515, 'BAHADAR KOT', 1494),
(515, 'BAZID KHEL', 1495),
(515, 'SHEIKHAN', 1496),
(516, 'BILLITANG-I', 1497),
(516, 'BILLITANG-II', 1498),
(516, 'GHANDIALI', 1499),
(516, 'MARCHONGI', 1500),
(516, 'SAIB', 1501),
(517, 'CHORLAKI', 1502),
(517, 'JABBAR', 1503),
(518, 'DHODHA', 1504),
(518, 'KAMAL KHEL', 1505),
(518, 'SHADI KHEL', 1506),
(519, 'GHURIZAI PAYAN', 1507),
(519, 'GUMBAT-I', 1508),
(519, 'GUMBAT-II', 1509),
(519, 'SAIB', 1510),
(520, 'CHICHANA', 1511),
(520, 'JERMA-I', 1512),
(520, 'JERMA-II', 1513),
(520, 'MUSLIM ABAD-I', 1514),
(521, 'BORA GHARI', 1515),
(521, 'DHERI BANDA', 1516),
(521, 'KOT', 1517),
(522, 'KHUSHAL GARH', 1518),
(522, 'NAKBAND', 1519),
(523, 'MUHAMMAD ZAI', 1521),
(523, 'NASRAT KHEL', 1522),
(524, 'BARH', 1523),
(524, 'JABBI', 1524),
(524, 'KAGHAZAI', 1525),
(524, 'NASRAT KHEL', 1526),
(525, 'BORAKA', 1527),
(525, 'SHAHPUR', 1528),
(525, 'SULEMAN TALAB', 1529),
(525, 'TOR CHAPPRI', 1530),
(526, 'MARAI', 1531),
(526, 'SHER KOT', 1532),
(527, 'SUMARI-BALA', 1533),
(527, 'SUMARI-PAYAN', 1534),
(528, 'SUMMARI PAYAN', 1535),
(529, 'CHAMBAI', 1536),
(529, 'QAMAR DHAND', 1537),
(529, 'SURGUL', 1538),
(530, 'TOGH BALA', 1539),
(530, 'TOGH PAYAN', 1540),
(531, 'BABARI BANDA', 1541),
(531, 'RASGEER BANDA', 1542),
(532, 'BAZADI CHAKKAR KOT', 1543),
(532, 'HAJI BAHADAR BABA', 1544),
(532, 'PIR ABDULLAH SHAH', 1545),
(533, 'GHARI BANOORIAN', 1546),
(533, 'GHARI BEHRAM KHAN', 1547),
(533, 'GHARI MAWAZ KHAN', 1548),
(534, 'JUNGLE KHEL', 1549),
(534, 'PIR KHEL', 1550),
(535, 'CHAR BAGH', 1551),
(535, 'GULSHAN ABAD', 1552),
(536, 'COLLEGE TOWN', 1553),
(536, 'GHARI RISALDAR', 1554),
(536, 'MIR AHMAD KHEL', 1555),
(537, 'MEROZAI', 1556),
(537, 'TAPPI', 1557),
(538, 'K.D.A', 1558),
(539, 'JUNGLE MIR ASGHAR MELA', 1559),
(539, 'USTARZAI BALA', 1560),
(539, 'USTARZAI PAYAN', 1561),
(540, 'MANDOONI', 1562),
(540, 'SHADI PUR', 1563),
(540, 'ZAIRAT SHEIKH ALLAH DAD', 1564),
(541, 'MANDOOM', 1565),
(547, 'KAMAL KHEL', 1566),
(548, 'BANDA FATEH KHAN', 1567),
(548, 'DARMALAK', 1568),
(548, 'WALAI', 1569),
(549, 'LACHI BALA', 1570),
(549, 'LACHI PAYAN', 1571),
(550, 'KHADAR KHEL', 1572),
(550, 'MANDOORI', 1573),
(550, 'MOHSIN KHEL', 1574),
(551, 'SHAKARDARA-I', 1575),
(551, 'SHAKARDARA-II', 1576),
(552, 'REHMAN ABAD', 1577),
(552, 'SARKI DHAL', 1578),
(553, 'CHAKKAR KOT LACHI', 1579),
(553, 'ZAIRAT ABAD LACHI', 1580),
(554, 'CHASHNA GHUNDA LOKHARI', 1581),
(554, 'MALGEEN', 1582),
(554, 'SHEWAKI', 1583),
(554, 'SUDAL', 1584),
(554, 'WARSHAND', 1585),
(778, 'BAR SHERYAL', 1586),
(778, 'MAIDAN SHERYAL', 1587),
(778, 'SHUM JUMAT SHERYAL', 1588),
(779, 'BAR MASHAM', 1589),
(779, 'BATAIRA BALA', 1590),
(779, 'BATIARA PAYEEN', 1591),
(779, 'DIL KANDAO', 1592),
(780, 'BADAKOT', 1593),
(780, 'GULI BAGH', 1594),
(780, 'PAWAIN SAIR', 1595),
(780, 'YANJOOL', 1596),
(781, 'AZMOSY GADAR', 1597),
(781, 'JAMRA KHALYAR', 1598),
(781, 'KARO SAIR', 1599),
(781, 'KHOTA KOT ', 1600),
(782, 'HAJIABAD KOLAI', 1601),
(782, 'KOLAI', 1602),
(782, 'QALA KOLAI', 1603),
(782, 'SHAMYAL MAIDAN KOLAI', 1604),
(783, 'GAMBRI KUNSHAIR', 1605),
(783, 'KOT GAYONKUNSHAIR', 1606),
(783, 'SORRAY KUNSHAIR', 1607),
(784, 'KHALYAR KOT', 1608),
(784, 'KUZ PARO ', 1609),
(784, 'MASSI GOHAR ABAD', 1610),
(784, 'MUGHAL ABAD ', 1611),
(785, 'KUZ KHORGYSHERYAL', 1612),
(785, 'KUZ SHERYAL', 1613),
(786, 'JABA MADAKHEL', 1614),
(786, 'KHASRI MAHREEN', 1615),
(786, 'MADAKHEL ABAD', 1616),
(786, 'MAHREEN ', 1617),
(787, 'HUKAM ABAD ', 1618),
(787, 'PEACH BELA ', 1619),
(787, 'SAIRTY PEACH BELA', 1620),
(788, 'BAR GABIR', 1621),
(788, 'SAIR GHAZI ABAD', 1622),
(788, 'SHALKHAN ABAD NO.1', 1623),
(789, 'KUNDAL', 1624),
(789, 'SHARID', 1625),
(790, 'BAZNI', 1626),
(790, 'DANDRI DANI', 1627),
(790, 'GATTO SHARAKOT', 1628),
(790, 'SHARAKOT ', 1629),
(568, 'ABBA KHEL-I', 1630),
(568, 'ABBA KHEL-II', 1631),
(568, 'ABBA KHEL-III', 1632),
(568, 'ABBA KHEL-IV', 1633),
(569, 'ABDUL KHEL', 1634),
(569, 'CHUHAR KHEL', 1635),
(569, 'JANG KHEL', 1636),
(570, 'AHMAD KHEL', 1637),
(570, 'WANDA KUTANA', 1638),
(571, 'BAKHMAL AHMAD ZAI', 1639),
(571, 'BRAGI', 1640),
(571, 'KHAN KHEL MANDA ZAI', 1641),
(571, 'WALAI', 1642),
(572, 'ALAM SHAH KHEL', 1643),
(572, 'BEGU KHEL', 1644),
(572, 'DABAK MANDRA KHEL', 1645),
(572, 'WANDA AMIR', 1646),
(573, 'ADAM ZAI', 1647),
(573, 'BEHRAM KHEL', 1648),
(573, 'TARI KHEL', 1649),
(574, 'ASGHAR KHEL', 1650),
(574, 'DARA PEZU-I', 1651),
(574, 'DARA PEZU-II', 1652),
(574, 'SHAHBAZ KHEL', 1653),
(575, 'DARA TANG-I', 1654),
(575, 'DARA TANG-II', 1655),
(575, 'WANDA BARU', 1656),
(576, 'BETTANI PAIKASHT', 1657),
(576, 'DHARAKA SULEMAN KHEL', 1658),
(577, 'GHAZNI KHEL', 1659),
(577, 'JABU KHEL', 1660),
(577, 'MIR HAZAR KHANZAD KHEL', 1661),
(578, 'AHMAD KHEL', 1662),
(578, 'ISSAK KHEL', 1663),
(578, 'LANGER KHEL HATHI KHAN', 1664),
(578, 'NAWAR KHEL', 1665),
(578, 'ZANGI KHEL', 1666),
(579, 'KAKA KHEL', 1667),
(579, 'MANDRA KHEL', 1668),
(579, 'MATORA', 1669),
(580, 'KHERO KHEL PACCA', 1670),
(580, 'PAHAR KHEL PACCA', 1671),
(581, 'COUNCIL LAKKI-I', 1672),
(581, 'COUNCIL LAKKI-II', 1673),
(582, 'COUNCIL LAKKI-III', 1674),
(582, 'COUNCIL LAKKI-IV', 1675),
(583, 'LANDIWAH-I', 1676),
(583, 'LANDIWAH-II', 1677),
(583, 'MIRAZAM MICHIN KHEL', 1678),
(584, 'ATASHI MICHAN KHEL', 1679),
(584, 'DADIWALA', 1680),
(584, 'MASH MASTI KHANI', 1681),
(585, 'BADNI KHEL', 1682),
(585, 'HAYAT KHEL', 1683),
(585, 'MASHA MANSOOR', 1684),
(586, 'DALO KHEL-I', 1685),
(586, 'DALO KHEL-II', 1686),
(586, 'MELA SHAHAB KHEL', 1687),
(586, 'WANDA KALAN', 1688),
(587, 'KACHI KAMAR', 1689),
(587, 'PAHAR KHEL THAL-I', 1690),
(587, 'PAHAR KHEL THAL-II', 1691),
(587, 'WANDA SHAHAB KHEL', 1692),
(588, 'SAMANDI', 1693),
(588, 'WANDA AURANGZEB', 1694),
(588, 'WANDA GULAPA', 1695),
(589, 'BEGA TAJAZAI', 1696),
(589, 'TAJAZAI', 1697),
(589, 'TOR LAWANG KHEL', 1698),
(590, 'RATANZAI', 1699),
(590, 'TAJORI-I', 1700),
(590, 'TAJORI-II', 1701),
(591, 'GHAZI KHEL', 1702),
(591, 'MASHA MANSOOR', 1703),
(591, 'TABI MURAD', 1704),
(591, 'TITER KHEL GULI JAN', 1705),
(852, 'BAIST KHEL', 1706),
(852, 'GANDI UMER CHIKAR', 1707),
(853, 'GANDI KHAN KHEL-I', 1708),
(853, 'GANDI KHAN KHEL-II', 1709),
(854, 'BACHKAN AHMADZAI', 1710),
(854, 'CHANDO KHEL', 1711),
(854, 'KOT KASHMIR', 1712),
(855, 'GANDI SAHIB KHAN', 1713),
(855, 'MAMA KHEL', 1714),
(855, 'SAHIBZADA KHOST', 1715),
(856, 'MANJI WALA', 1716),
(856, 'MARMANDI AZIM', 1717),
(857, 'NAR ABDU SAMAND BEGO KHEL', 1718),
(857, 'NAR SAHIB DAD MAIDAD KHEL', 1719),
(858, 'NAR MUHAMMAD NAURANG', 1720),
(858, 'SARAI NAURANG-I', 1721),
(858, 'SARAI NAURANG-II', 1722),
(858, 'SARAI NAURANG-III', 1723),
(859, 'PANNAI-II', 1724),
(859, 'PASSANI-I', 1725),
(859, 'SHAH QULI KHAN', 1726),
(860, 'GARZAI NAURANG', 1727),
(860, 'TAKHTI KHEL', 1728),
(257, 'BROZE', 1729),
(257, 'CHUMURKUN', 1730),
(257, 'DOMUN', 1731),
(257, 'GAHIRET', 1732),
(258, 'CHITRAL-1', 1733),
(258, 'KHORKASHANDEH', 1734),
(258, 'ORGOCH', 1735),
(258, 'SHIAQOTEK', 1736),
(259, 'BALACH', 1737),
(259, 'SEEN', 1738),
(259, 'SINGHOOR', 1739),
(259, 'ZARGRANDEH', 1740),
(260, 'DANIN-I', 1741),
(260, 'DANIN-II', 1742),
(260, 'JUGHOOR', 1743),
(260, 'KUJU', 1744),
(261, 'BRESHGRAM', 1745),
(261, 'HARTH', 1746),
(261, 'PARSAN', 1747),
(261, 'SUSUM', 1748),
(262, 'BARENIS', 1749),
(262, 'GOLAIN', 1750),
(262, 'KOGHUZI', 1751),
(262, 'MORI', 1752),
(262, 'PRAYET', 1753),
(263, 'BEGUSHT', 1754),
(263, 'BIRZEEN', 1755),
(263, 'OWIRIK', 1756),
(263, 'PARABEG', 1757),
(263, 'SANIK', 1758),
(264, 'ARKARI', 1759),
(264, 'MOUGH', 1760),
(264, 'SHALI ARKARI', 1761),
(264, 'SHOGHORE', 1762),
(264, 'ZIARAT', 1763),
(335, 'AKROI', 1764),
(335, 'ARRANDU', 1765),
(335, 'ARRANDU GOL', 1766),
(335, 'DAMEL', 1767),
(336, 'ASHRIATE-1', 1768),
(336, 'ASHRIATE-2', 1769),
(336, 'NAGAR', 1770),
(336, 'SWEER', 1771),
(336, 'URSOON', 1772),
(337, 'AYUN 1', 1773),
(337, 'AYUN 2', 1774),
(337, 'BIRIR', 1775),
(337, 'BUMBURATE', 1776),
(337, 'RUMBUR', 1777),
(338, 'GAHIRET', 1778),
(339, 'KESU', 1779),
(339, 'LAWI', 1780),
(339, 'POTONIANDEH', 1781),
(339, 'SHAHNIGAR', 1782),
(340, 'ARIAN DROSH', 1783),
(340, 'BAZAR DROSH', 1784),
(340, 'JINJIRATE', 1785),
(340, 'KALKATAK', 1786),
(341, 'MADAKLASHT', 1787),
(341, 'PURSAD', 1788),
(341, 'SHESHIKOH', 1789),
(341, 'TAR', 1790),
(799, 'BANKAD BALA', 1791),
(799, 'BANKAD NO.1', 1792),
(799, 'BANKAD NO.2', 1793),
(799, 'BANKAD PAYEEN', 1794),
(799, 'BELA RUSTAM KHEL', 1795),
(800, 'CHAWA ', 1796),
(800, 'HAJDEER', 1797),
(800, 'KHARBEECH', 1798),
(800, 'MANKHAR NO.2', 1799),
(800, 'SANGA', 1800),
(800, 'YANJOOL', 1801),
(801, 'DUBAIR BALA', 1802),
(801, 'GAYA DUBAIR', 1803),
(801, 'MUJGALI DUBAIR', 1804),
(802, 'BANEEL DUBAIR', 1805),
(802, 'DUBAIR VILLAGE', 1806),
(802, 'JAG DUBAIR', 1807),
(802, 'SHALKAI DUBAIR', 1808),
(803, 'BELA DUBAIR', 1809),
(803, 'SANGAY DUBAIR', 1810),
(803, 'SHONGIAL DUBAIR', 1811),
(804, 'JIJAL', 1812),
(804, 'KHWOR BAHADAR KHEL ', 1813),
(804, 'MALI DARA ', 1814),
(805, 'HARIGAH KAYAL', 1815),
(805, 'KAYAL VILLAGE', 1816),
(805, 'MANDRAZA', 1817),
(805, 'SAWAR STEEL', 1818),
(805, 'SERTO KAYAL', 1819),
(805, 'SHESHAL KAYAL', 1820),
(806, 'MUSLIM BAGH', 1821),
(806, 'PATTAN SERI', 1822),
(806, 'PATTAN VILLAGE', 1823),
(806, 'RANGO NO.2', 1824),
(807, 'BAR KALLAY RANOLIA', 1825),
(807, 'DARA DOMEKHEL RANOLIA', 1826),
(807, 'DARA SHABEKHEL RANOLIA', 1827),
(807, 'KUZ KALLAY RANOLIA', 1828),
(807, 'TEHSIL BANDA', 1829),
(808, 'BANIL QALA ', 1830),
(808, 'GALGAN ', 1831),
(808, 'LEJOKHEL DATRA', 1832),
(808, 'MAZO BALA', 1833),
(808, 'SINGAYOU', 1834),
(808, 'TANGO (TENGORI)', 1835),
(179, 'AGRA', 1836),
(179, 'Ghound', 1837),
(179, 'INZARGAI', 1838),
(179, 'KAMA AGRA', 1839),
(179, 'LOYA AGRA', 1840),
(180, 'AMANDARA', 1841),
(180, 'CHISHTI BABA', 1842),
(180, 'FAZAL ABAD', 1843),
(181, 'AKBAR ABAD', 1844),
(181, 'MIZARA', 1845),
(181, 'SAMAN ABAD', 1846),
(182, 'DIN ABAD', 1847),
(182, 'IBRAHIM KHEAL', 1848),
(182, 'MADI KHEAL', 1849),
(183, 'BALA BATKHELA', 1850),
(183, 'NEW BATKHELA', 1851),
(183, 'PIR KUSHAL BABA', 1852),
(184, 'BARO', 1853),
(184, 'KHAN PALAO', 1854),
(184, 'SAID ABAD', 1855),
(185, 'BAR ATYA DHERI', 1856),
(185, 'JULAGARAM', 1857),
(185, 'KOZA ATYA DHERI', 1858),
(186, 'KOTKAI', 1859),
(186, 'MUCHA KHEAL', 1860),
(186, 'NOOER MUHAMMAD KHEAL', 1861),
(187, 'KOT', 1862),
(187, 'MAINA', 1863),
(187, 'MUNGAI', 1864),
(188, 'JALAL KOT', 1865),
(188, 'MALAKAND', 1866),
(188, 'PIRAN', 1867),
(189, 'BAZDARA BALA &amp;AMP; PAYEN', 1868),
(189, 'PALAI SHAHKOT', 1869),
(189, 'SHERKHANA ZOOR MANDAI', 1870),
(190, 'MEKHBAND', 1871),
(190, 'PIR KHEAL', 1872),
(190, 'QULANGAI', 1873),
(191, 'DHERI/ SILAI PATAY', 1874),
(191, 'KHANORI', 1875),
(191, 'TOTAI', 1876),
(192, 'BAKHTA CHAPAI MIZARA', 1877),
(192, 'MUSLIM ABAD/ KHADIM ABAD', 1878),
(192, 'NAL GUNYAR', 1879),
(193, 'BAZID KHEL', 1880),
(193, 'HABATGARM', 1881),
(193, 'JALALA', 1882),
(194, 'BABA KHEL/ ALI KHEL', 1883),
(194, 'DHANDA', 1884),
(194, 'GHARI HAZRAT KHEL', 1885),
(195, 'ISMAIL KHEAL TOTAKAN', 1886),
(195, 'MATKANI', 1887),
(195, 'MUBARAK KHEAL TOTAKAN', 1888),
(299, 'BADRAGA', 1889),
(299, 'GAWAR KALAY', 1890),
(299, 'KHUSHAL GARH', 1891),
(300, 'DARAGI PATAK JABAND', 1892),
(300, 'DARGAI', 1893),
(300, 'PETAW', 1894),
(301, 'ANAR TANGAI', 1895),
(301, 'GHARI USMANI KHEAL', 1896),
(301, 'SAIDRA JUWAR', 1897),
(302, 'HARYAN KOT', 1898),
(302, 'NARAI UBA', 1899),
(302, 'PALOW NOW', 1900),
(303, 'DARGAI BAZAR', 1901),
(303, 'KHARKAI', 1902),
(303, 'QALDARA', 1903),
(304, 'GHANI DHERI', 1904),
(304, 'KOPER KHAS', 1905),
(304, 'MUHAMMAD PATAI', 1906),
(305, 'MEHERDAY', 1907),
(305, 'SHARIF ABAD', 1908),
(305, 'WAZIR ABAD', 1909),
(306, 'ARAB DANDA', 1910),
(306, 'GHWANDO BALA/ PAYEN', 1911),
(307, 'ALIFI KALAY', 1912),
(307, 'KHARKI DHERI', 1913),
(307, 'LATIFAI', 1914),
(308, 'KHAN GARHI', 1915),
(308, 'PURANA SAKHAKOT', 1916),
(308, 'SAKHAKOT BAZAR', 1917),
(309, 'DOBANDAI', 1918),
(309, 'WARTAIR', 1919),
(78, 'BAFFA KALAN', 1920),
(78, 'BAFFA KHURD', 1921),
(78, 'BAFFA KULHARY', 1922),
(78, 'BAFFA MERA', 1923),
(79, 'BATTAL', 1924),
(79, 'HARORI', 1925),
(79, 'JALGALI', 1926),
(79, 'KARMANG BALA', 1927),
(79, 'KHAN SHAKORA', 1928),
(79, 'MALKAN', 1929),
(80, 'BAKKI', 1930),
(80, 'BHOGARMANG', 1931),
(80, 'GRAN THALI', 1932),
(81, 'LACHI MANG', 1933),
(81, 'SHARKALI', 1934),
(82, 'DEVLI JABAR', 1935),
(82, 'NARAL BAN', 1936),
(82, 'PANJOOL', 1937),
(83, 'DHODIAL ARGHOSHAL', 1938),
(83, 'DHODIAL MALKAL', 1939),
(83, 'GEERWAL', 1940),
(84, 'BALI MANG', 1941),
(84, 'HILKOT', 1942),
(84, 'KUND BALA', 1943),
(84, 'SATHAN GALI', 1944),
(85, 'AHL', 1945),
(85, 'CHINAR KOT', 1946),
(85, 'ICHRIAN', 1947),
(85, 'KOTLI BALA', 1948),
(86, 'BANDA PEERAN', 1949),
(86, 'GANDIAN CHITTI GATTI', 1950),
(86, 'INAYAT ABAD', 1951),
(87, 'BANDA GISACH', 1952),
(87, 'CHAILA BAGH', 1953),
(87, 'JABORI', 1954),
(88, 'BANDA KODAR', 1955),
(88, 'KALAS RICHARI TREDA', 1956),
(88, 'SACHAN KALAN', 1957),
(89, 'BEDADI', 1958),
(89, 'MAKRIAH', 1959),
(89, 'SHANAI BALA', 1960),
(89, 'SHINKIARI', 1961),
(90, 'DHARYAL', 1962),
(90, 'SUM ELAHI MANG', 1963),
(90, 'TIMRI', 1964),
(91, 'BAJNA', 1965),
(91, 'TANDA', 1966),
(92, 'GULI BAGH', 1967),
(92, 'NOKOT', 1968),
(92, 'TARHA', 1969),
(92, 'TRANGRI SABIR SHAH', 1970),
(107, 'BALAKOT', 1971),
(107, 'BAMPHORA', 1972),
(107, 'SHOHAL NAJAF KHAN', 1973),
(108, 'GARLAT', 1974),
(108, 'HASSA', 1975),
(108, 'KANSHIAN', 1976),
(108, 'NARRAH', 1977),
(109, 'BHANGIAN', 1978),
(109, 'GHANOOL', 1979),
(109, 'SANGAR', 1980),
(109, 'SANGHAR GRAN HASSAM ABAD', 1981),
(110, 'BARAR KOT', 1982),
(110, 'GARHI HABIBULLAH', 1983),
(110, 'PORE GUL DHERI', 1984),
(111, 'BAN BIGAR', 1985),
(111, 'BELA SACHA', 1986),
(111, 'GANEELA', 1987),
(111, 'HANGRAI', 1988),
(111, 'SOIAN', 1989),
(112, 'AGLA GRAN (KAGHAN)', 1990),
(112, 'DARMIANA GRAN (KAGHAN)', 1991),
(112, 'KALAS JAMAL MARI', 1992),
(112, 'KAMAL BAN', 1993),
(112, 'NARAN', 1994),
(112, 'PATAN DES', 1995),
(112, 'PHAGAL', 1996),
(112, 'RAJWAL', 1997),
(112, 'SOACH', 1998),
(113, 'DOGA', 1999),
(113, 'JAGIR', 2000),
(113, 'KARNOL', 2001),
(113, 'KHAIR ABAD', 2002),
(114, 'BHOONJA', 2003),
(115, 'BHOONJA', 2004),
(115, 'KEWAI', 2005),
(115, 'PARAS', 2006),
(116, 'MANOOR', 2007),
(116, 'NIKKA JARAID', 2008),
(116, 'OCHRI JARAID', 2009),
(117, 'JAGAN', 2010),
(117, 'KHAIT SARASH', 2011),
(117, 'PAMBARA PATLANG', 2012),
(117, 'SATT BANI', 2013),
(118, 'BAJMORI', 2014),
(118, 'JABRI KALISH', 2015),
(118, 'KOT BHALA', 2016),
(118, 'KUMI KHANGERI', 2017),
(118, 'SHOHAL MAZULLAH', 2018),
(119, 'HASARI', 2019),
(119, 'TALHATA', 2020),
(296, 'BAGWAI', 2021),
(296, 'NEW DARBAND', 2022),
(296, 'TERBAT DOKANI', 2023),
(296, 'TERBAT DOKANI', 2024),
(297, 'CHAK PANSIAL', 2025),
(297, 'KARRAM', 2026),
(297, 'SHANAYA', 2027),
(297, 'SOKAAL', 2028),
(298, 'KAJLA', 2029),
(298, 'NIKA PANI', 2030),
(623, 'ATTERSHISHA', 2031),
(623, 'JABA', 2032),
(624, 'BEHALI', 2033),
(624, 'OGRA', 2034),
(624, 'RIHAR', 2035),
(625, 'BHERKUND', 2036),
(625, 'HARI MERA', 2037),
(625, 'KHAKI', 2038),
(626, 'KHAN BAHADAR', 2039),
(626, 'SAIN ABAD', 2040),
(627, 'BELA AKBAR KHAN', 2041),
(627, 'NOGAZI', 2042),
(628, 'CHANAI', 2043),
(629, 'BANDA LAL KHAN', 2044),
(629, 'CHITTI DHERI CHAKRIALI', 2045),
(629, 'DUB', 2046),
(629, 'LOHAR BANDA', 2047),
(630, 'CHAKIA', 2048);
INSERT INTO `vcs` (`uc_id`, `vc_name`, `id`) VALUES
(630, 'DATTA', 2049),
(630, 'GHAZIKOT', 2050),
(631, 'HAMSHERIAN', 2051),
(631, 'PANO DHERI', 2052),
(631, 'TIMBER KHOLA', 2053),
(632, 'DEBGRAN', 2054),
(632, 'JALOO', 2055),
(632, 'SHAHELIA', 2056),
(633, 'KOTKAY', 2057),
(633, 'LABER KOT', 2058),
(634, 'BAI BOHAL', 2059),
(634, 'LASSAN NAWAB', 2060),
(634, 'PALSALA', 2061),
(634, 'SEHKI', 2062),
(635, 'KHAWARI', 2063),
(635, 'LASSAN THAKRAL', 2064),
(635, 'MANGLOOR', 2065),
(636, 'KHAWAJGAN', 2066),
(636, 'MALIK PUR', 2067),
(636, 'SOSAL', 2068),
(637, 'DAARA', 2069),
(637, 'GANDA', 2070),
(637, 'SUFAIDA', 2071),
(638, 'CHERH', 2072),
(638, 'JANGLAN NARBEERH', 2073),
(638, 'MERA AMJAD ALI', 2074),
(638, 'PAIRAN', 2075),
(639, 'KALA MERA', 2076),
(639, 'PERHAINA', 2077),
(639, 'THAKER MERA', 2078),
(640, 'MAT SERI', 2079),
(640, 'PHULRA', 2080),
(640, 'TANGAIR', 2081),
(640, 'TARHERI', 2082),
(641, 'MONGAN', 2083),
(641, 'SANDESAR', 2084),
(642, 'MOHAR KALAN', 2085),
(642, 'SAWAN MERA', 2086),
(643, 'AFZAL ABAD', 2087),
(643, 'SHOUKAT ABAD', 2088),
(744, 'BANDI', 2089),
(744, 'PHAGORA', 2090),
(745, 'BELIAN', 2091),
(745, 'KOLAKA', 2092),
(745, 'TRAWARA', 2093),
(746, 'BAGRIAN', 2094),
(746, 'DILBORI', 2095),
(746, 'GHANIAN', 2096),
(746, 'JISKOT', 2097),
(746, 'KHABAL', 2098),
(747, 'DANDA KHOLIAN', 2099),
(747, 'JODAN', 2100),
(747, 'KARORI', 2101),
(747, 'NAMBAL', 2102),
(748, 'CHOLUNDRIAN', 2103),
(748, 'KATHAI', 2104),
(748, 'KETHAI', 2105),
(749, 'ARBORA', 2106),
(749, 'DHARA', 2107),
(749, 'OGHI', 2108),
(750, 'CHAJAR SAYEDAN (SHAMDHARA)', 2109),
(750, 'SHAMDHARA', 2110),
(751, 'CHANSER', 2111),
(751, 'GALI BADRAL', 2112),
(751, 'GUJJAR BANDI', 2113),
(751, 'RAHAM KOT', 2114),
(751, 'SHERGARH', 2115),
(474, 'ALO 1', 2116),
(474, 'ALO 2', 2117),
(474, 'PIPAL', 2118),
(475, 'BABOZAI ABA KHEL', 2119),
(475, 'BABOZAI BARAT KHEL', 2120),
(476, 'KHARKI 1', 2121),
(477, 'CHERCHOR', 2122),
(477, 'DHERI', 2123),
(477, 'KOTKI', 2124),
(477, 'LEKPANI', 2125),
(478, 'JAMAL GARHI 1', 2126),
(478, 'JAMAL GARHI 2', 2127),
(479, 'KATALNG 1', 2128),
(479, 'KATLANG 2', 2129),
(480, 'KATLANG 3', 2130),
(480, 'KATLANG 4', 2131),
(481, 'KATI GARHI', 2132),
(481, 'SHERO 1', 2133),
(481, 'SHERO 2', 2134),
(482, 'KOHI 1', 2135),
(482, 'KOHI 2', 2136),
(482, 'MIAN KHAN', 2137),
(482, 'SANGAO', 2138),
(483, 'QASAMI', 2139),
(483, 'SAROBI', 2140),
(483, 'TAZA GRAM', 2141),
(484, 'BELANDI', 2142),
(484, 'SAWAL DHER 1', 2143),
(484, 'SAWAL DHER 2', 2144),
(485, 'MATA ODIGRAM 1', 2145),
(485, 'MATA ODIGRAM 2', 2146),
(485, 'SHAMOZAI 1', 2147),
(485, 'SHAMOZAI 2', 2148),
(644, 'BABINI', 2149),
(644, 'CHAR BANDA', 2150),
(644, 'KODINAKA', 2151),
(646, 'BAGH-E-HARAM 1', 2152),
(646, 'BAGH-E-IRAM 2', 2153),
(646, 'BAGH-E-IRAM 3', 2154),
(645, 'BAGHDADA 1', 2155),
(645, 'BAGHDADA 2', 2156),
(645, 'BAGHDADA 3', 2157),
(647, 'BAGHICHA DHERI 1', 2158),
(647, 'BAGHICHA DHERI 2', 2159),
(648, 'BAKHSHALI 1', 2160),
(648, 'BAKHSHALI 2', 2161),
(649, 'BALA GARHI 1', 2162),
(649, 'BALA GARHI 2', 2163),
(649, 'CHAM DHERI', 2164),
(650, 'BARI CHAM 1', 2165),
(650, 'BARI CHAM 2', 2166),
(651, 'BICKAT GUNJ 1', 2167),
(651, 'BICKAT GUNJ 2', 2168),
(651, 'BICKAT GUNJ 3', 2169),
(652, 'BEJLI GHAR 1', 2170),
(652, 'BEJLI GHAR 2', 2171),
(653, 'ALA DAD KHAIL 1', 2172),
(653, 'ALA DAD KHAIL 2', 2173),
(653, 'CHAK HOTI', 2174),
(654, 'BAGHDADA RURAL 1', 2175),
(654, 'BAGHDADA RURAL 2', 2176),
(654, 'CHAMTAR DHERI', 2177),
(655, 'DAGAI 1', 2178),
(655, 'DAGAI 2', 2179),
(656, 'FATMA 1', 2180),
(656, 'FATMA 2', 2181),
(656, 'GADAR', 2182),
(656, 'HAMZA KHAN', 2183),
(656, 'QAZI ABAD', 2184),
(657, 'GARHI DOLAT ZAI 1', 2185),
(657, 'GARHI DOLAT ZAI 2', 2186),
(658, 'GARHI ISMAIL ZAI 1', 2187),
(658, 'GARHI ISMAIL ZAI 2', 2188),
(659, 'BAGO BANDA', 2189),
(659, 'CHOKI', 2190),
(659, 'GHALA DHER', 2191),
(659, 'KHAO', 2192),
(660, 'GULI BAGH 1', 2193),
(660, 'GULI BAGH 2', 2194),
(661, 'GEEDAR', 2195),
(661, 'GUMBAT 1', 2196),
(661, 'GUMBAT 2', 2197),
(662, 'HOTI 2', 2198),
(662, 'HOTI 3', 2199),
(663, 'KANDAR', 2200),
(663, 'QASIM', 2201),
(663, 'SHARIF ABAD', 2202),
(664, 'KAS KORONA 1', 2203),
(664, 'KAS KORONA 2', 2204),
(664, 'KAS KORONA 3', 2205),
(665, 'KHAZANA DHERI 1', 2206),
(665, 'KHAZANA DHERI 2', 2207),
(665, 'SHEIKH YOUSAF 1', 2208),
(665, 'SHEIKH YOUSAF 2', 2209),
(666, 'KOT DAULAT ZAI', 2210),
(666, 'KOT ISMAIL ZAI', 2211),
(667, 'BAKRI BANDA', 2212),
(667, 'KHANJAR', 2213),
(667, 'KHUWAJA RASHAKA', 2214),
(667, 'MAHO DHERI', 2215),
(668, 'BAKYANA', 2216),
(668, 'MANGAH-1', 2217),
(668, 'MANGAH-2', 2218),
(669, 'MARDAN KHAS 1', 2219),
(669, 'MARDAN KHAS 2', 2220),
(669, 'MARDAN KHAS 3', 2221),
(670, 'CHAK MARDAN 1', 2222),
(670, 'CHAK MARDAN 2', 2223),
(670, 'MARDAN RURAL 1', 2224),
(670, 'MARDAN RURAL 2', 2225),
(671, 'MAYAR 1', 2226),
(671, 'MAYAR 2', 2227),
(671, 'MAYAR 3', 2228),
(671, 'MAYAR 4', 2229),
(672, 'CHAK SHAHBAZ GARHI', 2230),
(672, 'MOHIB BANDA 1', 2231),
(672, 'MOHIB BANDA 2', 2232),
(673, 'BAHRAM KHAN KALI', 2233),
(673, 'KORAGH', 2234),
(673, 'MUHABAT ABAD 1', 2235),
(673, 'SHEIKH MALTON TOWN', 2236),
(674, 'MUSLIM ABAD 1', 2237),
(674, 'MUSLIM ABAD 2', 2238),
(674, 'MUSLIM ABAD 3', 2239),
(675, 'PAR HOTI 1', 2240),
(675, 'PAR HOTI 2', 2241),
(675, 'PAR HOTI 3', 2242),
(676, 'RORYA 1', 2243),
(676, 'RORYA 2', 2244),
(676, 'RORYA 3', 2245),
(677, 'SHAHBAZ GARHI 1', 2246),
(677, 'SHAHBAZ GARHI 2', 2247),
(677, 'SHAHBAZ GARHI 3', 2248),
(678, 'SHAMATPUR 1', 2249),
(678, 'SHAMATPUR 2', 2250),
(679, 'MUHAMMAD KHAIL PURDIL ABAD (SIKANDARI)1', 2251),
(679, 'SIKANDARI 2', 2252),
(679, 'SIKANDARI 3', 2253),
(680, 'CHAK TORU', 2254),
(680, 'TORU 1', 2255),
(680, 'TORU 2', 2256),
(837, 'BAZAR', 2257),
(837, 'BEROCH', 2258),
(837, 'LUNDEAI', 2259),
(837, 'SURKHABI', 2260),
(838, 'CHAR GULI', 2261),
(838, 'KHAIR ABAD', 2262),
(838, 'SURKH DHERI', 2263),
(839, 'BHAI KHAN', 2264),
(839, 'GARYALA', 2265),
(840, 'GUJRAT 1', 2266),
(840, 'GUJRAT 2', 2267),
(840, 'JHUNGARA', 2268),
(841, 'BARI KAB', 2269),
(841, 'KATA KHAT', 2270),
(841, 'KOTARPAN', 2271),
(842, 'JALAL DOLAT ZAI', 2272),
(842, 'MACHI', 2273),
(842, 'TAJA', 2274),
(843, 'ALI', 2275),
(843, 'CHEENA', 2276),
(843, 'PALO DHERI 1', 2277),
(843, 'PALO DHERI 2', 2278),
(844, 'NODEH', 2279),
(844, 'RUSTAM 1', 2280),
(844, 'RUSTAM 2', 2281),
(844, 'RUSTAM 3', 2282),
(898, 'DAMAN E KOH 1', 2283),
(898, 'DAMAN E KOH 2', 2284),
(898, 'DAMAN E KOH 3', 2285),
(898, 'DAMAN E KOH 4', 2286),
(899, 'GUJAR GARHI 1', 2287),
(899, 'GUJAR GARHI 2', 2288),
(899, 'GUJAR GARHI 3', 2289),
(899, 'GUJAR GARHI 6', 2290),
(900, 'HATHIAN 1', 2291),
(900, 'HATHIAN 2', 2292),
(900, 'HATHIAN 3', 2293),
(901, 'JALALA 1', 2294),
(901, 'JALALA 2', 2295),
(901, 'KHAN KALI', 2296),
(902, 'CHAIL 1', 2297),
(902, 'CHAIL 2', 2298),
(902, 'JAHANGIR ABAD', 2299),
(903, 'KOT JHUNGARA 1', 2300),
(903, 'KOT JHUNGARA 2', 2301),
(903, 'SAID ABAD', 2302),
(904, 'LUND KHUWAR 1', 2303),
(904, 'LUND KHUWAR 2', 2304),
(904, 'LUND KHUWAR 3', 2305),
(905, 'FAZAL ABAD', 2306),
(905, 'MADEY BABA', 2307),
(905, 'TOR DHERM', 2308),
(906, 'MAKORI 1', 2309),
(906, 'MAKORI 2', 2310),
(906, 'MAKORI 3', 2311),
(907, 'KALO', 2312),
(907, 'MIAN ESSA', 2313),
(907, 'MIAN GANO KILLI', 2314),
(907, 'ZARIN ABAD', 2315),
(908, 'AHMAD ABAD', 2316),
(908, 'NARAI 1', 2317),
(908, 'NARAI 2', 2318),
(908, 'REHMAT ABAD', 2319),
(909, 'DIWAN KHEL', 2320),
(909, 'PARKHO DHERI 1', 2321),
(909, 'PARKHO DHERI 2', 2322),
(909, 'SHAHBAT KHEL', 2323),
(910, 'PAT BABA-1', 2324),
(910, 'PAT BABA-2', 2325),
(910, 'PAT BABA-3', 2326),
(911, 'PIR SADDO 1', 2327),
(911, 'PIR SADDO 2', 2328),
(911, 'QUTAB GARH', 2329),
(912, 'FEROZ PUR', 2330),
(912, 'JAMRA', 2331),
(912, 'SARO SHAH', 2332),
(912, 'SHAH BAIG', 2333),
(913, 'AFZAL ABAD', 2334),
(913, 'ARABI BANDA', 2335),
(913, 'PIR ABAD', 2336),
(913, 'SERI BEHLOL', 2337),
(914, 'SHER GARH 1', 2338),
(914, 'SHER GARH 2', 2339),
(914, 'SHER GARH 3', 2340),
(915, 'TAKAR 1', 2341),
(915, 'TAKAR 2', 2342),
(425, 'ADAM ZAI', 2343),
(425, 'DANG DANG', 2344),
(425, 'ISSORI/CHASHMAI', 2345),
(425, 'MALLY KHEL', 2346),
(426, 'INZARI', 2347),
(426, 'KHAN KOY', 2348),
(426, 'TOHA GHARIB PURA', 2349),
(427, 'DHERI KHATTAK-I', 2350),
(427, 'DHERI KHATTAK-II', 2351),
(427, 'NARRI NODEH', 2352),
(428, 'KAHI (1)', 2353),
(428, 'KAHI (2)', 2354),
(428, 'SHAGAI', 2355),
(429, 'KATI MIANA', 2356),
(429, 'KHAIRABAD', 2357),
(429, 'KHAWRAI', 2358),
(430, 'HISSAR TANG', 2359),
(430, 'JABBI', 2360),
(431, 'AL-HAQ', 2361),
(431, 'AYUB ABAD', 2362),
(431, 'SURYA KHEL', 2363),
(432, 'GHARU', 2364),
(432, 'NAMAL SARA TOYA', 2365),
(432, 'NIZAMPUR', 2366),
(433, 'SHAIDU-1', 2367),
(433, 'SHAIDU-2', 2368),
(433, 'SHAIDU-3', 2369),
(719, 'AKORA KHATTAK-II', 2370),
(719, 'AKORA KHATTAK-III', 2371),
(719, 'AKORA KHATTAK-IV', 2372),
(719, 'EID GAH AKORAKHATTAK-I', 2373),
(720, 'AMAN GARH', 2374),
(720, 'ASHOR ABAD', 2375),
(720, 'KHALIL ABAD', 2376),
(721, 'AZA KHEL BALA (1)', 2377),
(721, 'AZA KHEL BALA (2)', 2378),
(721, 'AZA KHEL BALA (3)', 2379),
(722, 'AZAKHEL PAYAN (1)', 2380),
(722, 'AZAKHEL PAYAN (2)', 2381),
(722, 'AZAKHEL PAYAN (3)', 2382),
(722, 'AZAKHEL PAYAN (4)', 2383),
(723, 'BADRASHI (1)', 2384),
(723, 'BADRASHI (2)', 2385),
(723, 'BADRASHI (3)', 2386),
(723, 'BADRASHI (4)', 2387),
(723, 'BADRASHI (5)', 2388),
(723, 'BADRASHI (6)', 2389),
(724, 'BARA BANDA', 2390),
(724, 'KUTHAR PAN', 2391),
(724, 'MERA KANDER', 2392),
(725, 'MANA KHEL', 2393),
(726, 'DHERI KATTI KHEL', 2394),
(726, 'KHAT KILLI (NOWSHERA KHURD)', 2395),
(727, 'BEHRAM KILLI', 2396),
(727, 'GANDHERI', 2397),
(727, 'KALINGER', 2398),
(728, 'KABUL RIVER', 2399),
(728, 'KANDAR', 2400),
(728, 'KANDER', 2401),
(729, 'KHESHGI BALA (1) BATAKZAI', 2402),
(729, 'KHESHGI BALA (2) DURAN ABAD', 2403),
(729, 'KHESHGI BALA (3) TAREEN ABAD', 2404),
(729, 'KHESHGI BALA (4) BABAJI KILLI', 2405),
(729, 'KHESHGI BALA (5) AHMEDNAGAR', 2406),
(730, 'KHESHGI PAYAN (1)', 2407),
(730, 'KHESHGI PAYAN (2) / SADDATABAD', 2408),
(730, 'KHESHGI PAYAN II', 2409),
(730, 'KHESHGI PAYAN SADDAT ABAD (3) / HAMZA RASHAKAI', 2410),
(731, 'KHANSHER GHARI', 2411),
(731, 'KHUDREZI', 2412),
(732, 'MANKI', 2413),
(732, 'MERAJI', 2414),
(732, 'TANGI KHATTAK', 2415),
(733, 'MARAHATTI BANDA (MISRI BANDA)', 2416),
(733, 'MERA MISRI BANDA', 2417),
(733, 'MISRI BANDA', 2418),
(733, 'MISRI BANDA 2', 2419),
(734, 'ALI MUHAMMAD MISHAK', 2420),
(734, 'MIAN ESSA', 2421),
(734, 'MUGHALKAI', 2422),
(734, 'NANDRAK', 2423),
(735, 'NAWAN KILLI', 2424),
(735, 'SHAMER GARHI', 2425),
(736, 'ALLAHYAR KHEL', 2426),
(736, 'DAGI KHEL', 2427),
(737, 'PHARI KATTI KHEL', 2428),
(737, 'SHEKHAI', 2429),
(737, 'SPINKANI KALAN', 2430),
(738, 'PIR PAI (1)', 2431),
(738, 'PIR PAI (2)', 2432),
(738, 'PIR PAI (3)', 2433),
(739, 'PIR SABAQ (1)', 2434),
(739, 'PIR SABAQ (2)', 2435),
(739, 'ZANDO BANDA', 2436),
(740, 'RASHAKAI (1)', 2437),
(740, 'RASHAKAI (2)', 2438),
(740, 'RASHAKAI (3)', 2439),
(740, 'RASHAKAI COUNCIL I', 2440),
(741, 'TURLANDI', 2441),
(741, 'ZARA MIANA', 2442),
(742, 'ZARA MIANA', 2443),
(743, 'MANAI', 2444),
(743, 'SPIN KANI KHURD', 2445),
(743, 'WALAI', 2446),
(743, 'ZIARAT KA KA SAHIB', 2447),
(752, 'AKBAR PURA I', 2448),
(752, 'AKBAR PURA II', 2449),
(752, 'AKBAR PURA III', 2450),
(752, 'MUFTI ALI SHAH', 2451),
(752, 'TARKHA', 2452),
(753, 'AMAN KOT 1', 2453),
(753, 'AMAN KOT 2', 2454),
(753, 'AMAN KOT 3', 2455),
(753, 'CHOWKI DRUB', 2456),
(754, 'ALI BEG', 2457),
(754, 'BABI', 2458),
(754, 'BALU', 2459),
(754, 'TITARA', 2460),
(755, 'CHOWKI MUMREZ', 2461),
(755, 'KANDI TAZADIN', 2462),
(755, 'KHUSHMAQA', 2463),
(756, 'DAG BEHSOOD 1', 2464),
(756, 'DAG BEHSOOD 2', 2465),
(756, 'WAZIR GHARI', 2466),
(757, 'DAG ISMAIL KHEL 1', 2467),
(757, 'DAG ISMAIL KHEL 2', 2468),
(758, 'BANDA NABI (1)', 2469),
(758, 'BANDA NABI (2)', 2470),
(758, 'DAGAI 1', 2471),
(758, 'DAGAI 2', 2472),
(758, 'DAGAI 3', 2473),
(758, 'PUSHTOON GHARI', 2474),
(759, 'JALOZAI', 2475),
(760, 'JALOZAI MAHAL', 2476),
(760, 'JALOZAI MERA', 2477),
(761, 'BANDA MULLAHAN', 2478),
(761, 'KURVI', 2479),
(761, 'ZAKHAI', 2480),
(762, 'BANDA MUHIB', 2481),
(762, 'BANDA SHEIKH ISMAIL', 2482),
(762, 'GARHI MOMIN', 2483),
(762, 'JABA DAUDZAI', 2484),
(763, 'PABBI-I', 2485),
(763, 'PABBI-II', 2486),
(764, 'BAKHTAI', 2487),
(764, 'JABBA KHATTAK', 2488),
(764, 'JALOZAI', 2489),
(764, 'SALEHKHANA', 2490),
(764, 'SHAH KOT', 2491),
(765, 'DAKHILI SPIN KHAAK', 2492),
(765, 'JAROBA', 2493),
(765, 'KHAREJI SPIN KHAAK', 2494),
(765, 'KOTLY', 2495),
(766, 'JABBA KHALISA', 2496),
(766, 'QASIM', 2497),
(766, 'TARU', 2498),
(980, 'AKHOON ABAD # 1', 2499),
(980, 'AKHOON ABAD # 2', 2500),
(981, 'CHOWK NASIR KHAN', 2501),
(981, 'DAKHI NALBANDI', 2502),
(982, 'ASIA - I', 2503),
(982, 'ASIA - II', 2504),
(982, 'ASIA - III', 2505),
(983, 'LALA RUKH COLONY', 2506),
(983, 'MUHALLAH KANDER', 2507),
(984, 'ABASEEN', 2508),
(985, 'GULBAHAR # 1', 2509),
(985, 'GULBAHAR # 2', 2510),
(985, 'RASHEED TOWN', 2511),
(986, 'BAQAR SHAH', 2512),
(986, 'GORGHATRI', 2513),
(987, 'GUL BADSHAH JEE', 2514),
(987, 'MARVI HAA', 2515),
(987, 'SHAH QABOOL', 2516),
(988, 'MOHMAND ABAD', 2517),
(988, 'MUSLIM ABAD', 2518),
(989, 'MISKEEN ABAD /RASHEED GHARI', 2519),
(989, 'NEW KAKSHAL WAZIR ABAD', 2520),
(989, 'QAID ABAD /HAMEED ABAD', 2521),
(990, 'GHANTA GHAR', 2522),
(990, 'SHAH MASOOM', 2523),
(991, 'KAMBOH/ SIRBILAND PURA', 2524),
(991, 'PAHARI PURA', 2525),
(992, 'QAZI KILLI', 2526),
(992, 'WAZIR COLONY', 2527),
(993, 'MOLVI ABDUL HAKIM', 2528),
(993, 'PIR GULAB SHAH', 2529),
(993, 'SABAZ PIR', 2530),
(994, 'AFGHAN COLONY', 2531),
(994, 'YOUSAF ABAD', 2532),
(995, 'GHARI RAJKOL', 2533),
(995, 'GHARIB ABAD', 2534),
(995, 'MC COLONY', 2535),
(996, 'GULBAHAR #4', 2536),
(996, 'SHAHEEN MUSLIM TOWN-I', 2537),
(997, 'IMRAN ABAD', 2538),
(998, 'DIN BAHAR', 2539),
(998, 'SAEED ABAD', 2540),
(999, 'HUSSAIN ABAD', 2541),
(999, 'SHEIKH ABAD # 1', 2542),
(1000, 'AFRIDI GHARI', 2543),
(1001, 'BARI BAGH', 2544),
(1001, 'WAZIR BAGH', 2545),
(1002, 'RASHID GHARI-I', 2546),
(1002, 'SHAD BAGH', 2547),
(1003, 'RASHID GHARI-I', 2548),
(1003, 'SHAH BAZ TOWN', 2549),
(1003, 'SHARIF ABAD', 2550),
(1004, 'KHAN MAST COLONY', 2551),
(1004, 'ZARGAR ABAD #I', 2552),
(1005, 'BRIDGE NASIR KHAN', 2553),
(1005, 'SHAHI BALA', 2554),
(1005, 'SHAHI PAYAN', 2555),
(1006, 'BUDHAI', 2556),
(1006, 'HARGONI', 2557),
(1006, 'MUHAMMAD ZAI', 2558),
(1006, 'SARDAR GHARI', 2559),
(1006, 'WADPAGA', 2560),
(1007, 'BUDHNI', 2561),
(1007, 'DALAZAK - I', 2562),
(1007, 'DALAZAK - II', 2563),
(1007, 'GULO ZAI', 2564),
(1007, 'UMER ABAD', 2565),
(1007, 'YASIN KHEL', 2566),
(1008, 'BARBAR', 2567),
(1008, 'CHAGHARMATTI', 2568),
(1008, 'GARANGA BALA', 2569),
(1008, 'GHARI ALI MUHAMMAD', 2570),
(1008, 'HAJI KIRAMATULLAH KHAN KANDI', 2571),
(1009, 'MUSTAFA KHEL', 2572),
(1009, 'NEW QADAH KHEL', 2573),
(1010, 'DAAG', 2574),
(1010, 'DARMANGI', 2575),
(1010, 'GHARI FAZLI HAQ', 2576),
(1010, 'SHAGHI HINDKIYAN 1', 2577),
(1010, 'TERAI BALA', 2578),
(1010, 'TERAI PAYAN', 2579),
(1011, 'DHERI KALLAY', 2580),
(1011, 'GARAH TAJIK', 2581),
(1011, 'GARHI SHER DAD', 2582),
(1011, 'KOCHYAN', 2583),
(1012, 'BONYADAI', 2584),
(1012, 'DUB', 2585),
(1012, 'ESSA KHEL HAMEED', 2586),
(1012, 'GULBAILA', 2587),
(1012, 'KARYARY', 2588),
(1012, 'KOCHYAN', 2589),
(1013, 'CHOLI', 2590),
(1013, 'GOHI', 2591),
(1013, 'HARYANA', 2592),
(1013, 'HARYANA BALA', 2593),
(1013, 'MUSLIM ABAD/RAM KISHAN', 2594),
(1013, 'NASAPA PAYAN', 2595),
(1014, 'HABIB ABAD /BAGH COLONY', 2596),
(1014, 'IBRAHIM ABAD', 2597),
(1014, 'KISHWAR ABAD', 2598),
(1014, 'SAMDU GHARI /BASHIR ABAD', 2599),
(1015, 'BABU GHARI', 2600),
(1015, 'HASAN GHARI', 2601),
(1016, 'BELA MUMANDAN', 2602),
(1016, 'PYARI PAYAN', 2603),
(1016, 'QILLA SHAH BAIG', 2604),
(1016, 'SARKHANA', 2605),
(1016, 'SHAGHALI BALA', 2606),
(1016, 'SHAGHALI PAYAN', 2607),
(1016, 'ZOR MANDI', 2608),
(1017, 'ALI MUHAMMAD BANDA', 2609),
(1017, 'HAMEED ABAD / SALAR QILLA', 2610),
(1017, 'KAFOOR DEHRI', 2611),
(1017, 'SUFAID SANG - I', 2612),
(1017, 'SUFAID SUNG - II', 2613),
(1018, 'ALI ZAI', 2614),
(1018, 'BILAL ABAD CHARPARIZA', 2615),
(1018, 'CHARGULLA (SHEIKH KALLAY)', 2616),
(1018, 'CHARPARIZA', 2617),
(1018, 'GUL ABAD', 2618),
(1018, 'KANIZA', 2619),
(1018, 'NESATA', 2620),
(1018, 'SHENDA', 2621),
(1019, 'DAMAN HINDKI', 2622),
(1019, 'FATU ABD-UR-REHMAN', 2623),
(1019, 'KANKOLA', 2624),
(1019, 'KUKHAR', 2625),
(1019, 'SAMAR BAGH', 2626),
(1020, 'BATHYAN', 2627),
(1020, 'BELA BAR AMAD KHEL', 2628),
(1020, 'KHATTKI', 2629),
(1020, 'NAEEMI', 2630),
(1020, 'SHAGAI BALA', 2631),
(1021, 'KHAZANA BALA', 2632),
(1021, 'KHAZANA PAYAN', 2633),
(1021, 'TODA ', 2634),
(1021, 'WAHID GHARI', 2635),
(1022, 'LALAZAR', 2636),
(1022, 'NASIR PUR', 2637),
(1022, 'TARNAB', 2638),
(1023, 'GARHI BALOCH', 2639),
(1023, 'LARAMA-I', 2640),
(1023, 'LARAMA-II', 2641),
(1024, 'LAKKARI KANIZA', 2642),
(1024, 'MULA ZAI', 2643),
(1024, 'PATWAR BALA BUDHA KANDAR KHEL', 2644),
(1024, 'PATWAR PAYAN', 2645),
(1024, 'PIR BALA', 2646),
(1025, 'DAMAN AFGHANI', 2647),
(1025, 'GHARI HAMZA', 2648),
(1025, 'JALA BELA', 2649),
(1025, 'MIAN GUJAR', 2650),
(1025, 'SHAKAR PURA', 2651),
(1026, 'ESSA KHEL TOPCHIAN', 2652),
(1026, 'FAQIR GHARI FAZIL #1', 2653),
(1026, 'FAQIR GHARI FAZIL #2', 2654),
(1026, 'MANDRA KHEL', 2655),
(1026, 'MAQSOOD ABAD', 2656),
(1026, 'PAJAGI', 2657),
(1027, 'CHUGAL PURA', 2658),
(1027, 'DORAN PUR', 2659),
(1027, 'MUHAMMADIA', 2660),
(1027, 'SADDIQUE- E- AKBAR', 2661),
(1028, 'GARHI CHANDAN', 2662),
(1028, 'MERA MUSHTARIKA', 2663),
(1028, 'PANAM DHERI', 2664),
(1029, 'SHAHI BALA', 2665),
(1030, 'BABU ZAI/ZOR MANDI', 2666),
(1030, 'JATTI BALA', 2667),
(1030, 'JATTI PAYAN', 2668),
(1030, 'MAWRA', 2669),
(1030, 'SHAH ALAM', 2670),
(1030, 'TAKHT ABAD', 2671),
(1031, 'REGI AFTHEZAI', 2672),
(1031, 'REGI BADEZAI', 2673),
(1031, 'REGI LALMA', 2674),
(1031, 'REGI RUKEZAI', 2675),
(1031, 'REGI YOUSAFZAI', 2676),
(1032, 'ACHINI BALA', 2677),
(1032, 'HAJI BANDA', 2678),
(1032, 'LANDI BALA', 2679),
(1032, 'SANGO', 2680),
(1033, 'AHMED KHEL', 2681),
(1033, 'KANDI MALIKANAN', 2682),
(1033, 'MAROZAI DEH BAHADER', 2683),
(1033, 'SCHEME CHOWK', 2684),
(1034, 'DAUD ZAI', 2685),
(1034, 'WARD-I', 2686),
(1034, 'WARD-II', 2687),
(1034, 'WARD-III', 2688),
(1034, 'WARD-V', 2689),
(1035, 'ACHAR-I', 2690),
(1035, 'ACHAR-II', 2691),
(1035, 'BAHADER KALAY', 2692),
(1036, 'DEHRI BAGHBANAN', 2693),
(1036, 'KOTLA MOHSIN KHAN', 2694),
(1037, 'ABU BAKAR SIDDIQUE', 2695),
(1037, 'UMER FAROOQ', 2696),
(1038, 'INDUSTRIAL ESTATE', 2697),
(1038, 'KHYBER', 2698),
(1039, 'CHARKHANA', 2699),
(1039, 'LANDI ARBAB #1', 2700),
(1039, 'LANDI ARBAB #2', 2701),
(1040, 'LAKARAI', 2702),
(1040, 'MALAKANDER', 2703),
(1040, 'REGI LALMA', 2704),
(1041, 'CIVIL QUARTERS', 2705),
(1041, 'GULBERG', 2706),
(1041, 'NAUTHIA JADEED #1', 2707),
(1042, 'CIVIL QUARTERS', 2708),
(1042, 'NAUTHIA QADEEM #1', 2709),
(1042, 'NAUTHIA QADEEM #2', 2710),
(1043, 'PALOSI ATOZAI', 2711),
(1043, 'PALOSI MAGHDARZAI', 2712),
(1043, 'PALSOI TALARZAI', 2713),
(1044, 'ABDARA', 2714),
(1044, 'BASTI PAWAKA', 2715),
(1044, 'NODEH PAYAN', 2716),
(1045, 'LANDI AKHUN AHMED', 2717),
(1045, 'NOUDEH PAYAN (KANDI BALA)', 2718),
(1045, 'PISHTAKHARA PAYAN', 2719),
(1045, 'SHAHEED ABAD', 2720),
(1046, 'REGI YOUSAFZAI', 2721),
(1047, 'PISHTAKHARA BALA', 2722),
(1047, 'SARBAND-I', 2723),
(1047, 'SARBAND-II', 2724),
(1047, 'SARBAND-III', 2725),
(1047, 'SARBAND-IV', 2726),
(1048, 'GHARIB ABAD', 2727),
(1048, 'SHAHEEN TOWN#1', 2728),
(1048, 'SHAHEEN TOWN#2', 2729),
(1049, 'ACHINI PAYAN', 2730),
(1049, 'DHORA', 2731),
(1049, 'NAWAB ABAD', 2732),
(1049, 'NODEH BALA', 2733),
(1050, 'KANDI ARBABAN', 2734),
(1050, 'KANDI HASAN ZAI', 2735),
(1050, 'RAHAT ABAD #2', 2736),
(1051, 'BEHARI COLONY', 2737),
(1051, 'CHARANDA', 2738),
(1052, 'DAUD ZAI', 2739),
(1052, 'MUGHAL ZAI', 2740),
(1053, 'DANISH ABAD', 2741),
(1053, 'LALA ZAAR', 2742),
(1054, 'KHARKHORI (MUSLIM ABAD)', 2743),
(1054, 'KHULI ZAI', 2744),
(1054, 'ULIZA', 2745),
(1055, 'BANDA MIANGAN', 2746),
(1055, 'JALAL KHEL', 2747),
(1055, 'MAMO KHEL', 2748),
(1055, 'ZANGI KHEL /GHALIB KHEL', 2749),
(1056, 'HURI ZAI BALA', 2750),
(1056, 'HURI ZAI PAYAN', 2751),
(1056, 'MERA HURI ZAI', 2752),
(1057, 'BALO KHEL BALA', 2753),
(1057, 'BURHAN KHEL', 2754),
(1057, 'DHELY DHAR', 2755),
(1058, 'AFRIDI ABAD', 2756),
(1058, 'MANDOZAI', 2757),
(1059, 'GHARI QAMAR DIN', 2758),
(1059, 'GHARIB ABAD (THOR BABA)', 2759),
(1059, 'SADOZAI', 2760),
(1060, 'HAZAR KHAWANI-II', 2761),
(1061, 'MARYAMZAI', 2762),
(1061, 'MAURAF KHEL', 2763),
(1061, 'PASANI', 2764),
(1061, 'SHEIKH NALA', 2765),
(1061, 'YOUSAF KHEL', 2766),
(1062, 'MASHOGAGAR-I', 2767),
(1062, 'MASHOGAGAR-II', 2768),
(1062, 'MASHOGAGAR-III (MERA MASHOGAGAR #1)', 2769),
(1062, 'MASHOGAGAR-IV (MERA MASHOGAGAR #2)', 2770),
(1062, 'MASHOGAGAR-V (BEHLOL ZAI)', 2771),
(1063, 'CHAJO KHEL', 2772),
(1063, 'DARWAZGAI', 2773),
(1063, 'GULSHAN ABAD', 2774),
(1063, 'JANI GHARI', 2775),
(1063, 'MATTANI', 2776),
(1063, 'SRA KHAWARA', 2777),
(1063, 'TOKAR KHEL', 2778),
(1064, 'GHARI SHARIF ULLAH KHAN', 2779),
(1064, 'JAGRA', 2780),
(1064, 'JOGIAN', 2781),
(1064, 'MOLAGO', 2782),
(1064, 'NAWA QALA', 2783),
(1064, 'RASHEEDA /KANDI HAYAT', 2784),
(1064, 'ZAHIR ABAD', 2785),
(1065, 'GHARI BANAT', 2786),
(1065, 'GHARI FAZAL KHALIQ', 2787),
(1066, 'MUSA ZAI', 2788),
(1066, 'PANDU BALA', 2789),
(1066, 'PANDU PAYAN', 2790),
(1067, 'ALI ZAI', 2791),
(1067, 'GHONDA KHEL', 2792),
(1067, 'SHEIKH MUHAMMADI', 2793),
(1067, 'UTMAN ZAI', 2794),
(1068, 'KARA KHEL', 2795),
(1068, 'MASHO KHEL', 2796),
(1068, 'MUSHTER ZAI', 2797),
(1068, 'SHEIKHAN BALA', 2798),
(1068, 'SHEIKHAN PAYAN', 2799),
(1069, 'ADEZAI SHERAKERA', 2800),
(1069, 'MUSHTARIKA SHERAKERA', 2801),
(1070, 'GHARI MALI KHEL', 2802),
(1070, 'SHEHAB KHEL', 2803),
(1070, 'SULEMAN KHEL', 2804),
(1071, 'ABA KHEL', 2805),
(1071, 'MAROOF ZAI', 2806),
(1071, 'TELA BAND', 2807),
(1072, 'GHARIB ABAD', 2808),
(1072, 'GHAZNI KHEL', 2809),
(1072, 'MAMA KHEL', 2810),
(1073, 'GARHI BAGHBANAN', 2811),
(1073, 'GARHI CHANDAN', 2812),
(1073, 'GARHI FAIZULLAH', 2813),
(1073, 'URMAR BALA-I', 2814),
(1073, 'URMAR BALA-II', 2815),
(1074, 'BARKI KHEL', 2816),
(1074, 'URMAR MERA', 2817),
(1074, 'YOUSAF KHEL', 2818),
(1075, 'GHAZI KHEL', 2819),
(1075, 'KAMBAR KHEL', 2820),
(1075, 'LAISE KOORONA', 2821),
(1075, 'MISHAN KHEL', 2822),
(1075, 'YOUSAF KHEL', 2823),
(50, 'ALPURI', 2824),
(50, 'BASI', 2825),
(50, 'GANDAW', 2826),
(50, 'WAHABKHEL KOTKAY', 2827),
(51, 'DAMORAI', 2828),
(51, 'FAIZ DARA SUR BANR', 2829),
(51, 'KARSHUT', 2830),
(52, 'BANR', 2831),
(52, 'DAWLAT KALAY', 2832),
(52, 'DEHRAI', 2833),
(52, 'PIRABAD', 2834),
(52, 'ZARA', 2835),
(53, 'KUZ KANA', 2836),
(53, 'SERAI KANA', 2837),
(54, 'BANDA CHINA', 2838),
(54, 'KASS', 2839),
(54, 'KHWAR KALAY', 2840),
(54, 'LILOWNAI KALAY', 2841),
(54, 'MANAGAI', 2842),
(54, 'NAWAYKALAY BAIGALAI', 2843),
(54, 'SHISHAN', 2844),
(55, 'ACHAR', 2845),
(55, 'AMNAY', 2846),
(55, 'BAZARKOT', 2847),
(55, 'MALAK KHEL KOTKAY', 2848),
(56, 'PAGORAI', 2849),
(56, 'PIR ABAD', 2850),
(56, 'PITAW', 2851),
(57, 'AJMIR', 2852),
(57, 'BAR GANSHAL', 2853),
(57, 'BILKANAI', 2854),
(57, 'DERI LARRI', 2855),
(57, 'KUZ GANSHAL', 2856),
(58, 'DONAI', 2857),
(58, 'RANYAL', 2858),
(58, 'SANGRAI (RANYAL)', 2859),
(58, 'SHAH TUT', 2860),
(59, 'BAR KANA', 2861),
(59, 'NAWAY KALAY SHAHPUR', 2862),
(59, 'SHAH PUR KALAY', 2863),
(208, 'BUTYAL-1', 2864),
(208, 'BUTYAL-2', 2865),
(208, 'BUTYAL-3', 2866),
(208, 'KARAI BESHAM', 2867),
(209, 'DANDAI', 2868),
(209, 'TAKHTA', 2869),
(210, 'KORMANG', 2870),
(210, 'LAHOR', 2871),
(210, 'LAHORE', 2872),
(211, 'BARBATKOT', 2873),
(211, 'MAIRA', 2874),
(211, 'SERAI MAIRA', 2875),
(212, 'KUZ BATKOT', 2876),
(212, 'LOSAR', 2877),
(212, 'SHANG', 2878),
(221, 'BUNERWAL', 2879),
(221, 'DUNDAY SUNDIA', 2880),
(221, 'KATKOR', 2881),
(221, 'LANGBAR', 2882),
(222, 'GARAI HUJRA', 2883),
(222, 'KAMAR HUJRA', 2884),
(222, 'KHADANG', 2885),
(222, 'KUZ HUJRA', 2886),
(222, 'MANZ HUJRA', 2887),
(223, 'CHIDAM', 2888),
(223, 'DANAKOL', 2889),
(223, 'GULLI BAT', 2890),
(223, 'KARORA', 2891),
(223, 'OPAL/PUNNIAL', 2892),
(224, 'DAWOOT', 2893),
(224, 'GUNAGAR', 2894),
(224, 'JATKOOL', 2895),
(224, 'KANDAI', 2896),
(224, 'SARKOL', 2897),
(224, 'TALOON', 2898),
(681, 'ALAMI BANDA', 2899),
(681, 'BEHAR', 2900),
(681, 'DANKOOL', 2901),
(681, 'PISHLOR', 2902),
(681, 'TITWALAN', 2903),
(681, 'TORANAI', 2904),
(682, 'ASHARO SAR', 2905),
(682, 'KABALGRAM', 2906),
(682, 'KUZKALAY', 2907),
(682, 'MANDORAI', 2908),
(682, 'MANZ KALAY', 2909),
(683, 'DEDAL', 2910),
(683, 'HASHIM KHEL DAB', 2911),
(683, 'KAMACH', 2912),
(683, 'MUSAKHEL SAR', 2913),
(810, 'ALOCH', 2914),
(810, 'DARA SERAI, KOLALAI', 2915),
(810, 'KADONA', 2916),
(810, 'KOTKAY', 2917),
(810, 'NIMKALAY', 2918),
(811, 'SANDOVI', 2919),
(811, 'SANILA', 2920),
(812, 'BENGALAI', 2921),
(812, 'CHAGUM', 2922),
(813, 'BAINA', 2923),
(813, 'CHOWGA', 2924),
(814, 'GARAI', 2925),
(814, 'KUZ PAW', 2926),
(814, 'MACHKANDAI', 2927),
(814, 'SANGARAI (ISMAIL KHEL)', 2928),
(815, 'PANDORIA', 2929),
(815, 'SHIKOLAI', 2930),
(556, 'ANBAR', 2931),
(556, 'HARYAN', 2932),
(556, 'KUNDA MAIRA', 2933),
(556, 'SHEIKH DHERI', 2934),
(557, 'BAZAR', 2935),
(557, 'BEKA', 2936),
(557, 'NABI', 2937),
(557, 'TANO', 2938),
(558, 'JALBAI MERA', 2939),
(558, 'JALBAI-I', 2940),
(558, 'JALBAI-II', 2941),
(559, 'JALSAI-I', 2942),
(559, 'JALSAI-II', 2943),
(560, 'ALLAH DHER', 2944),
(560, 'JEHANGIRA-I', 2945),
(560, 'JEHANGIRA-II', 2946),
(560, 'JEHANGIRA-III', 2947),
(561, 'HUND', 2948),
(561, 'KUNDA', 2949),
(562, 'LAHOR EAST-I', 2950),
(562, 'LAHOR EAST-II', 2951),
(563, 'LAHOR WEST-I', 2952),
(563, 'LAHOR WEST-II', 2953),
(564, 'MANKI-I', 2954),
(564, 'MANKI-II', 2955),
(565, 'MATHANI CHANGAN-I', 2956),
(565, 'MATHANI CHANGAN-II', 2957),
(566, 'TORDHER-I', 2958),
(566, 'TORDHER-II', 2959),
(816, 'ADINA-I', 2960),
(816, 'ADINA-II', 2961),
(817, 'ASOTA', 2962),
(817, 'SPIN KANI', 2963),
(818, 'BACHAI', 2964),
(818, 'SIKANDARI', 2965),
(819, 'CHAK NODEH-I', 2966),
(819, 'CHAK NODEH-II', 2967),
(820, 'DAGAI-I', 2968),
(820, 'DAGAI-II', 2969),
(820, 'DAGAI-III', 2970),
(821, 'DAULAT', 2971),
(821, 'DOBIYAN-I', 2972),
(821, 'DOBYAN-II', 2973),
(822, 'ISMAILA', 2974),
(822, 'ISMAILA (NAZAR)', 2975),
(822, 'ISMAILA (SHER GHARI)', 2976),
(822, 'ISMAILA (SOUTH)', 2977),
(823, 'KALU KHAN-I', 2978),
(823, 'KALU KHAN-II', 2979),
(823, 'KALU KHAN-III', 2980),
(823, 'KALU KHAN-IV', 2981),
(823, 'KALU KHAN-V', 2982),
(824, 'KARNAL SHER KALAY (EAST)', 2983),
(824, 'KARNAL SHER KALAY (WEST)', 2984),
(825, 'NARANJI-I', 2985),
(825, 'NARANJI-II', 2986),
(826, 'GHULAMAN', 2987),
(826, 'PARMOLI NORTH', 2988),
(826, 'PARMOLI SOUTH', 2989),
(826, 'SHER DARRA', 2990),
(827, 'BAZARGAI', 2991),
(827, 'ROKHANAY', 2992),
(827, 'SARD CHINA', 2993),
(828, 'SHEIKH JANA-I', 2994),
(828, 'SHEIKH JANA-II', 2995),
(828, 'SHEIKH JANA-III', 2996),
(829, 'SHEWA BAR KALLI', 2997),
(829, 'SHEWA KOZ KALLI', 2998),
(830, 'SADRI', 2999),
(830, 'SUDHER', 3000),
(830, 'URMAL DHERI', 3001),
(831, 'MANAGAI', 3002),
(831, 'SHAHEEDA', 3003),
(831, 'TARAKAI-I', 3004),
(831, 'TARAKAI-II', 3005),
(832, 'KALU DHER', 3006),
(832, 'NODEH', 3007),
(832, 'TURLANDI', 3008),
(833, 'CHAK YAR HUSSAIN', 3009),
(833, 'YAQOOBI-I', 3010),
(833, 'YAQOOBI-II', 3011),
(834, 'YAR HUSSAIN EAST-I', 3012),
(834, 'YAR HUSSAIN EAST-II', 3013),
(834, 'YAR HUSSAIN EAST-III', 3014),
(835, 'YAR HUSSAIN WEST-I', 3015),
(835, 'YAR HUSSAIN WEST-II', 3016),
(835, 'YAR HUSSAIN WEST-III (ZIAM)', 3017),
(884, 'BAM KHEL NORTH', 3018),
(884, 'BAM KHEL SOUTH', 3019),
(885, 'GAR MUNARA', 3020),
(885, 'YOUSAFI', 3021),
(885, 'ZAIDA RURAL', 3022),
(886, 'BAJA', 3023),
(886, 'BOQA', 3024),
(886, 'JHANDA', 3025),
(887, 'MANERI BALA-I', 3026),
(887, 'MANERI BALA-II', 3027),
(887, 'MANERI BALA-III', 3028),
(888, 'MANERI PAYAN-I', 3029),
(888, 'MANERI PAYAN-II', 3030),
(888, 'MANERI PAYAN-III', 3031),
(889, 'MARGHUZ AKA KHEL', 3032),
(889, 'MARGHUZ YARA KHEL GHARBI', 3033),
(889, 'MARGHUZ YARA KHEL SHARQI', 3034),
(890, 'MALIK ABAD (PART OF TEHSIL TOPI)', 3035),
(890, 'PABAINI', 3036),
(890, 'PANJMAN', 3037),
(891, 'DARRA', 3038),
(891, 'KALA', 3039),
(891, 'PAJNPIR EAST', 3040),
(891, 'PANJPIR WEST', 3041),
(892, 'SALIM KHAN CENTRAL', 3042),
(892, 'SALIM KHAN EAST', 3043),
(892, 'SALIM KHAN WEST', 3044),
(893, 'SHAHMANSOOR-I', 3045),
(893, 'SHAHMANSOOR-II', 3046),
(894, 'SWABI KHAAS - I', 3047),
(894, 'SWABI KHAAS - II', 3048),
(894, 'SWABI KHAAS - III', 3049),
(895, 'SWABI MANERI-I', 3050),
(895, 'SWABI MANERI-II', 3051),
(896, 'DODHER', 3052),
(896, 'KADDI', 3053),
(896, 'THANDKOI NORTH', 3054),
(896, 'THANDKOI SOUTH', 3055),
(897, 'ZAIDA-I', 3056),
(897, 'ZAIDA-II', 3057),
(897, 'ZAIDA-III', 3058),
(897, 'ZAIDA-IV', 3059),
(969, 'BATAKARA', 3060),
(969, 'HIMLET GALLAH', 3061),
(969, 'TOPI RURAL', 3062),
(970, 'CHANAI', 3063),
(970, 'GABSANI', 3064),
(970, 'MANGAL CHAI', 3065),
(971, 'BADA', 3066),
(971, 'GANDAF-I', 3067),
(971, 'GANDAF-II', 3068),
(972, 'DEWAL', 3069),
(972, 'GANI CHATRA', 3070),
(972, 'UTLA', 3071),
(973, 'KABGANI', 3072),
(973, 'QADRA', 3073),
(973, 'TAKAIL', 3074),
(974, 'KALABAT-I', 3075),
(974, 'KALABAT-II', 3076),
(975, 'KOTHA-I', 3077),
(975, 'KOTHA-II', 3078),
(975, 'KOTHA-III', 3079),
(976, 'MAINI-I', 3080),
(976, 'MAINI-II', 3081),
(976, 'MAINI-III', 3082),
(977, 'TOPI GHARBI-I', 3083),
(977, 'TOPI GHARBI-II', 3084),
(977, 'TOPI GHARBI-III', 3085),
(978, 'TOPI SHARQI-I', 3086),
(978, 'TOPI SHARQI-II', 3087),
(978, 'TOPI SHARQI-III', 3088),
(979, 'ZAROBI-EAST', 3089),
(979, 'ZAROBI-WEST', 3090),
(61, 'BANJOOT', 3091),
(61, 'BISHBANR', 3092),
(61, 'KASS', 3093),
(61, 'SARSARDARAI', 3094),
(62, 'AMANKOT / FAIZ ABAD', 3095),
(62, 'AMANKOT NO. 01', 3096),
(62, 'AMANKOT NO. 02', 3097),
(63, 'BANR', 3098),
(63, 'BANR NAWAKILLI', 3099),
(64, 'DANGRAM', 3100),
(64, 'LOWEY BANR, AJRANG', 3101),
(64, 'SANGOTA', 3102),
(65, 'COLLEGE COLONY', 3103),
(65, 'GULKADA', 3104),
(65, 'PANR', 3105),
(66, 'ISLAMPUR', 3106),
(66, 'KOKRAI / CHITAWAR', 3107),
(66, 'MARGHUZAR', 3108),
(67, 'ASHARGARAI', 3109),
(67, 'JAMBIL', 3110),
(67, 'KOKARAI-01', 3111),
(67, 'KOKARAI-02', 3112),
(68, 'LANDIKASS (MALAKANAN / LANDIKASS)', 3113),
(68, 'MALAKANAN', 3114),
(69, 'MALOOK ABAD-01', 3115),
(69, 'MALOOK ABAD-02', 3116),
(70, 'MANGLAWAR EAST', 3117),
(70, 'MANGLAWAR WEST', 3118),
(71, 'NAWAKILLI-01', 3119),
(71, 'SHAHDARA NO. 01', 3120),
(71, 'SHAHDARA NO. 02', 3121),
(72, 'BALOGRAM', 3122),
(72, 'ODIGRAM NO. 01', 3123),
(72, 'ODIGRAM NO. 02', 3124),
(73, 'GULIGRAM', 3125),
(73, 'QAMBAR NO. 01', 3126),
(73, 'QAMBAR NO. 02', 3127),
(74, 'RAHIM ABAD / RAHMAN ABAD', 3128),
(74, 'RAHIM ABAD AMANKOT', 3129),
(75, 'GUMBAT MAIRA-01', 3130),
(75, 'GUMBAT MAIRA-02', 3131),
(75, 'RANG MOHALLAH -01', 3132),
(75, 'RANG MOHALLAH-02', 3133),
(76, 'SAIDU SHARIF NO. 01', 3134),
(76, 'SAIDU SHARIF NO. 02', 3135),
(76, 'SAIDU SHARIF NO. 03', 3136),
(77, 'GOGDARA', 3137),
(77, 'TINDODAG', 3138),
(93, 'BAHRAIN', 3139),
(93, 'SATAL GHARAI', 3140),
(94, 'ARYANAY', 3141),
(94, 'BALAKOT', 3142),
(94, 'KEDAM', 3143),
(95, 'BASHIGRAM', 3144),
(95, 'CHAIL', 3145),
(95, 'SHANKO', 3146),
(96, 'ASHORAN', 3147),
(96, 'KALAM', 3148),
(96, 'USHO / MATILTAN', 3149),
(97, 'KALAGAY BARANVI', 3150),
(97, 'MADYAN 01', 3151),
(97, 'MADYAN 02', 3152),
(97, 'PAKLAY', 3153),
(98, 'AYEEN', 3154),
(98, 'MANKYAL', 3155),
(99, 'SHAGAI', 3156),
(99, 'TEERAT NORTH', 3157),
(99, 'TEERAT SOUTH', 3158),
(100, 'GABRAL', 3159),
(100, 'UTROR', 3160),
(174, 'BARIKOT GHARBI', 3161),
(174, 'BARIKOT SHARQI', 3162),
(174, 'NAJIGRAM', 3163),
(175, 'AMLOK DARA', 3164),
(175, 'GHALEGAY', 3165),
(175, 'MANYAR', 3166),
(175, 'SHINGARDAR', 3167),
(176, 'ABOHA', 3168),
(176, 'KOTA GHARBI', 3169),
(176, 'KOTA SHARQI', 3170),
(177, 'GORATAI', 3171),
(177, 'PARRAI', 3172),
(177, 'TERANG', 3173),
(178, 'CHUNGAI', 3174),
(178, 'GHARAI SHAMOZAI', 3175),
(178, 'KHAZANA', 3176),
(178, 'ZARA KHELA', 3177),
(226, 'CHARBAGH 01', 3178),
(227, 'CHARBAGH 02', 3179),
(228, 'CHARBAGH 03', 3180),
(229, 'DAKORAK', 3181),
(229, 'GULIBAGH', 3182),
(229, 'RORYA', 3183),
(230, 'GANAJIR', 3184),
(230, 'KISHAWARA', 3185),
(230, 'MALAM JABA', 3186),
(231, 'SHINKAD', 3187),
(231, 'TALIGRAM', 3188),
(441, 'KABAL / CHINDAKHWARA', 3189),
(441, 'SERSENAI', 3190),
(442, 'BARA BANDAI NO. 01', 3191),
(442, 'GHOURIJA/IMAM DHERAI', 3192),
(442, 'KOZA BANDAI NO. 02', 3193),
(442, 'NINGOLAI / DELAY', 3194),
(443, 'LWARA DEOLAI NO. 01', 3195),
(443, 'LWARA DEOLAI NO. 02', 3196),
(443, 'NASRAT', 3197),
(443, 'SUM DEOLAI', 3198),
(444, 'ALIGRAMA', 3199),
(444, 'HAZARA / MALOCH', 3200),
(445, 'GALOCH', 3201),
(445, 'KALA KALAY', 3202),
(445, 'SHALHAND', 3203),
(445, 'TAGHMA', 3204),
(446, 'DAMGHAR', 3205),
(446, 'DHERAI', 3206),
(446, 'KANJU NO.1', 3207),
(446, 'KANJU NO.2', 3208),
(447, 'DADAHARA', 3209),
(447, 'DAGAY / AKHUNDKALAY', 3210),
(447, 'GADI', 3211),
(447, 'KOTLAI', 3212),
(448, 'KOZA BANDAI NO. 02', 3213),
(448, 'KOZA BANDAI NO. 1', 3214),
(448, 'KOZA BANDAI NO. 2', 3215),
(448, 'KOZA BANDAI NO. 3', 3216),
(449, 'MANJA', 3217),
(449, 'QALAGAY', 3218),
(450, 'SHAH DHERAI NO. 01', 3219),
(450, 'SHAH DHERAI NO. 02', 3220),
(451, 'BARA SAMAI', 3221),
(451, 'DARDYAL 01', 3222),
(451, 'DARDYAL 02', 3223),
(451, 'TALL', 3224),
(452, 'GHAKHI BANDA', 3225),
(452, 'TOTANO BANDAI 01', 3226),
(452, 'TOTANO BANDAI 02', 3227),
(507, 'BARHAM PATAI', 3228),
(507, 'BINAWRAY', 3229),
(507, 'FATEHPUR', 3230),
(507, 'JARRY PIA', 3231),
(508, 'BABU', 3232),
(508, 'CHAMTALAI', 3233),
(508, 'CHINKOLAI', 3234),
(508, 'JANO', 3235),
(508, 'LANGAR', 3236),
(508, 'MASHKOMAI', 3237),
(508, 'SHALPIN', 3238),
(508, 'TOPSIN', 3239),
(509, 'BANDAI', 3240),
(509, 'KHWAZA KHELA BARKALAY', 3241),
(509, 'KHWAZA KHELA KUZ KALAY', 3242),
(509, 'LANDAY KAS', 3243),
(509, 'TEKDARAI', 3244),
(510, 'ASALA', 3245),
(510, 'CHALYAR', 3246),
(510, 'CHAMTALAI', 3247),
(510, 'FARHAT ABAD', 3248),
(510, 'KOTANAI', 3249),
(511, 'JUKHTAI', 3250),
(511, 'KHAIR ABAD', 3251),
(511, 'MIANDAM', 3252),
(512, 'FAQIRA', 3253),
(512, 'SHALPIN', 3254),
(512, 'TAROGAY', 3255),
(513, 'BARGAIN', 3256),
(513, 'GHAR SHIN', 3257),
(513, 'LAKHAR', 3258),
(513, 'SUM SHIN', 3259),
(688, 'ARKOT', 3260),
(688, 'RONYAL / MIAN KALAY', 3261),
(688, 'SHANGWATAI', 3262),
(688, 'SIJBANR', 3263),
(689, 'ASHARAY', 3264),
(689, 'KALAKOT', 3265),
(690, 'BAIDARA', 3266),
(690, 'SAMBAT', 3267),
(690, 'SAMBAT CHAM', 3268),
(691, 'AGHAL', 3269),
(691, 'BARTHANA', 3270),
(691, 'LABAT', 3271),
(692, 'BEHA', 3272),
(692, 'DOGHALGAY', 3273),
(692, 'FAZAL BANDA', 3274),
(693, 'CHUPRIAL 01', 3275),
(693, 'CHUPRIAL 02', 3276),
(693, 'CHUPRIAL GHARAI', 3277),
(693, 'SHOKHDARA', 3278),
(694, 'DARMAI', 3279),
(694, 'RAHAT KOT', 3280),
(695, 'BARA DURASHKHELA', 3281),
(695, 'BAZ KHELA', 3282),
(695, 'KAS CHAQWAR', 3283),
(695, 'KUZA DURASHKHELA', 3284),
(696, 'CHINGLALAI', 3285),
(696, 'GWALERAI', 3286),
(696, 'PEOCHAR', 3287),
(696, 'RORINGAR', 3288),
(696, 'VENAI', 3289),
(697, 'BAMAKHELA', 3290),
(697, 'MATTA KHARARAI', 3291),
(697, 'SINPORA', 3292),
(698, 'GURRA', 3293),
(698, 'JURRA', 3294),
(698, 'PIR KALAY', 3295),
(698, 'SHAKARDARA', 3296),
(698, 'SHERPALAM', 3297),
(699, 'LALKOO', 3298),
(699, 'LANDAY', 3299),
(699, 'LANDAY GHARY', 3300),
(699, 'NOKHARA', 3301),
(699, 'SAKHRA', 3302),
(700, 'SHAWAR 01', 3303),
(700, 'SHAWAR 02', 3304),
(700, 'SHAWAR 03', 3305),
(936, 'AMA KHEL (FATEH KHEL)', 3306),
(936, 'AMA KHEL (SHAHI KHEL)', 3307),
(936, 'NANDOOR', 3308),
(936, 'NASRAN', 3309),
(937, 'DABBARA', 3310),
(937, 'GARWAKI', 3311),
(937, 'MAZYANI', 3312),
(938, 'GARA BALOCH', 3313),
(938, 'KIRRI AHMAD SHAH', 3314),
(938, 'YAQOOB COLONY', 3315),
(939, 'GOMAL SAHER', 3316),
(939, 'KANAZAI', 3317),
(939, 'KOT AZAM', 3318),
(939, 'RAGHZA', 3319),
(940, 'ANDARI', 3320),
(940, 'DARAKI', 3321),
(940, 'GUL IMAM', 3322),
(940, 'SHER ALI', 3323),
(941, 'BUDHA', 3324),
(941, 'FATEH CHADRAR', 3325),
(941, 'HAYAT', 3326),
(941, 'MITHU', 3327),
(941, 'PATHAR', 3328),
(941, 'TATOOR', 3329),
(942, 'KAKA KHEL', 3330),
(942, 'MULLAZAI (HAJI KHEL)', 3331),
(942, 'MULLAZAI (KHAWJI KHEL)', 3332),
(942, 'UMER KHEL', 3333),
(943, 'ABIZAR', 3334),
(943, 'MUHAMMAD AKBAR', 3335),
(943, 'PAI (CHAKI KHEL)', 3336),
(943, 'PAI (TAJU KHEL)', 3337),
(943, 'TAJORI', 3338),
(943, 'WANDAZALO', 3339),
(944, 'BARA KHEL', 3340),
(944, 'KAHO', 3341),
(944, 'KAURO KHAN', 3342),
(944, 'MANJI KHEL', 3343),
(944, 'RANWAL', 3344),
(944, 'SHAHBAZ', 3345),
(945, 'GIRDAWAI', 3346),
(945, 'KOT NAWAZ', 3347),
(946, 'KOT KAT', 3348),
(946, 'KOT PATHAN', 3349),
(946, 'NURANG', 3350),
(946, 'SHAH ALAM', 3351),
(946, 'TOURAN NOW', 3352),
(947, 'GARA SHAHDA', 3353),
(947, 'JAMAL AWAN', 3354),
(947, 'SHEIKH SULTAN', 3355),
(947, 'SHEIKH UTTAR', 3356),
(948, 'GULSHAN COLONY', 3357),
(948, 'MOHALLAH BURKI ABAD', 3358),
(948, 'MOHALLAH MAIDAN', 3359),
(948, 'QUTAB COLONY', 3360),
(949, 'MOHALLA CIVIL LINE', 3361),
(949, 'MOHALLAH DR. RABNAWAZ', 3362),
(949, 'MOHALLAH ELAHIABAD', 3363),
(949, 'MOHALLAH KHUDRIANWALA', 3364),
(949, 'MOHALLAH SABIRABAD', 3365),
(949, 'MOHALLAH SHEIKHAN WALA', 3366),
(950, 'CHASSEN KACH', 3367),
(950, 'KIRRI LATTI', 3368),
(950, 'KIRRI UMER KHAN', 3369),
(950, 'MANZAI', 3370),
(951, 'DHANA', 3371),
(951, 'JANDAR', 3372),
(951, 'KIRRI HAIDER', 3373),
(951, 'MAGHZAI', 3374),
(404, 'BIMBAL', 3375),
(404, 'MAIRA AKAZAI', 3376),
(405, 'DARBANI', 3377),
(405, 'LASHORA', 3378),
(406, 'BIO', 3379),
(406, 'GARHI HASSAN ZAI', 3380),
(407, 'DARBANI', 3381),
(407, 'DHARO', 3382),
(407, 'KAND', 3383),
(408, 'CHUND', 3384),
(408, 'DADAM MADA KHAIL', 3385),
(409, 'GOWANDLA', 3386),
(409, 'MAIRA MADA KHAIL', 3387),
(409, 'TETAI', 3388),
(410, 'DOBA BALA', 3389),
(410, 'KAROR', 3390),
(410, 'MANJAKOT', 3391),
(411, 'KANDAR', 3392),
(411, 'KUNHAR SHARIF', 3393),
(411, 'PALOSA', 3394),
(412, 'GANGUT', 3395),
(412, 'KAROON', 3396),
(412, 'TEGRAM MAIRA KHAN KHAIL', 3397),
(412, 'TILLI', 3398),
(434, 'BALKOT', 3399),
(434, 'PHAGBAN', 3400),
(434, 'SCHKA', 3401),
(435, 'BARTOONI', 3402),
(435, 'MANGRI', 3403),
(436, 'DADA BANDA', 3404),
(436, 'DAUR MAIRA', 3405),
(436, 'ZIZARI', 3406),
(437, 'CHEER', 3407),
(437, 'GITOO', 3408),
(437, 'HARNAIL', 3409),
(438, 'JUDBAH', 3410),
(438, 'SHAGAI', 3411),
(438, 'SHAHDAG', 3412),
(439, 'JHATKA', 3413),
(439, 'SHATAL', 3414),
(440, 'KALASH', 3415),
(440, 'SHINGAL DAR', 3416),
(684, 'BOONI-1', 3417),
(684, 'BOONI-2', 3418),
(684, 'CHARUN', 3419),
(684, 'RESHUN', 3420),
(685, 'AWI', 3421),
(685, 'HARCHIN', 3422),
(685, 'LASPUR', 3423),
(685, 'RAMAN', 3424),
(685, 'SONOGHORE', 3425),
(686, 'KHUZH', 3426),
(686, 'MASTUJ', 3427),
(686, 'PARKUSAP', 3428),
(686, 'PARWAK', 3429),
(687, 'BANG', 3430),
(687, 'BOROGHIL', 3431),
(687, 'BREP', 3432),
(687, 'MERAGAM', 3433),
(687, 'MERAGRAM NO 2', 3434),
(707, 'KHOT BALA', 3435),
(707, 'KHOT PAYEEN', 3436),
(707, 'RECH', 3437),
(707, 'WASHICH', 3438),
(708, 'DRUNGAGH', 3439),
(708, 'KOSHT', 3440),
(708, 'MORDER', 3441),
(708, 'SANDRAGH', 3442),
(709, 'KUSHUM', 3443),
(709, 'NOGRAM', 3444),
(709, 'SAHT', 3445),
(709, 'WARIJUN', 3446),
(710, 'BARUM', 3447),
(710, 'GOHKEER', 3448),
(710, 'OVIR  AWI', 3449),
(710, 'PAKHTURI', 3450),
(710, 'RIRI', 3451),
(711, 'MELP', 3452),
(711, 'SHAGRAM', 3453),
(711, 'WASHICH', 3454),
(711, 'WERKUP', 3455),
(712, 'MADAK', 3456),
(712, 'TERICH BALA', 3457),
(712, 'TERICH PAYEEN', 3458),
(311, 'BAR GAHEEN', 3459),
(311, 'GAIDAR ', 3460),
(311, 'KUZ GAHEEN', 3461),
(311, 'MIR SHAHI', 3462),
(312, 'BARIYAR', 3463),
(312, 'JHAMRA', 3464),
(312, 'LOHI', 3465),
(312, 'ROI BAK', 3466),
(313, 'CHUCHANG', 3467),
(313, 'DASSU ', 3468),
(313, 'TEYAL', 3469),
(313, 'UCHAR', 3470),
(314, 'GABER SAIR', 3471),
(314, 'GOSHALI', 3472),
(314, 'GUJJAR BANDA', 3473),
(314, 'QAISAR DADIR', 3474),
(315, 'BASHA', 3475),
(315, 'DARGAH', 3476),
(315, 'HARBAN ', 3477),
(316, 'CHICHAR KUZ', 3478),
(316, 'KOMILA (NC)', 3479),
(316, 'SIGAL RANGO KOMILA', 3480),
(316, 'ZAIDKHAR (VC)', 3481),
(317, 'CHERTOO ', 3482),
(317, 'KUZ JALKOT', 3483),
(317, 'PASHOT JALKOT', 3484),
(317, 'SASAK', 3485),
(318, 'DOGA BALA', 3486),
(318, 'GAYAL BAR', 3487),
(318, 'GAYAL KUZ', 3488),
(318, 'KUZ PURWA ', 3489),
(319, 'SAZEEN', 3490),
(319, 'SHATIAL VILLAGE', 3491),
(319, 'SHURI NALA', 3492),
(319, 'SUMMAR NALA', 3493),
(320, 'DHAIRGATO', 3494),
(320, 'GAIDAR', 3495),
(320, 'RAZIKA ESHNI', 3496),
(320, 'SEO VILLAGE', 3497),
(321, 'ASHIAL', 3498),
(321, 'CHAWAI ', 3499),
(321, 'RAZIKA LODHAIR', 3500),
(321, 'SIGLOO ', 3501),
(461, 'ASHPIDAR MAIDAN MOLAKHEL', 3502),
(461, 'BARIGO', 3503),
(461, 'GABRAL MOLAKHEL', 3504),
(461, 'MEER SHAHI', 3505),
(461, 'NAKHO', 3506),
(461, 'SHADAMKHEL GABRAL', 3507),
(462, 'BAGROO', 3508),
(462, 'BERTHI', 3509),
(462, 'DANSH', 3510),
(462, 'KARANG ', 3511),
(463, 'DONG ', 3512),
(463, 'JASHOWI', 3513),
(463, 'KAREEN', 3514),
(463, 'SER GARI', 3515),
(463, 'SEYAL DARA', 3516),
(464, 'ILEEL', 3517),
(464, 'KAFAR BANDA', 3518),
(464, 'SERTO', 3519),
(464, 'THOOTI', 3520),
(168, 'Aman kot', 3521),
(168, 'Amankot Barang', 3522),
(168, 'Andari', 3523),
(168, 'Bagh Barang', 3524),
(168, 'Bagh Painda Targhaw', 3525),
(168, 'Bar Kandu', 3526),
(168, 'Bar Saparai', 3527),
(168, 'Bar Solai', 3528),
(168, 'Bar Targhaw', 3529),
(168, 'Bar Targhaw Barang', 3530),
(168, 'Barraro', 3531),
(168, 'Barsaparai', 3532),
(168, 'Bartarghaw', 3533),
(168, 'Bera Gadamar', 3534),
(168, 'Dand Barang', 3535),
(168, 'Dandokai', 3536),
(168, 'Dara Ghar Shamozai', 3537),
(168, 'Gadamar', 3538),
(168, 'Gharshamozai', 3539),
(168, 'Hassan Abad', 3540),
(168, 'Kabalo Sar Barsaparai Barang', 3541),
(168, 'Kajorai', 3542),
(168, 'Kajorai Gharshamozai', 3543),
(168, 'Kamal dara', 3544),
(168, 'Kambela', 3545),
(168, 'khan Salai', 3546),
(168, 'Kohi Barang', 3547),
(168, 'kohi Sar', 3548),
(168, 'Koka Bartrass', 3549),
(168, 'Kuz Saparai', 3550),
(168, 'Lar Amankot Khandad korona', 3551),
(168, 'Lar Kando', 3552),
(168, 'Maechai Barang', 3553),
(168, 'Majal', 3554),
(168, 'Mana Barang', 3555),
(168, 'Mian khan Dara Barang', 3556),
(168, 'More Dara', 3557),
(168, 'Nakhtaro Barsapary', 3558),
(168, 'Nazar Mina', 3559),
(168, 'Nimakai', 3560),
(168, 'Painda Khel Targhaw', 3561),
(168, 'Panjkora', 3562),
(168, 'Qambar', 3563),
(168, 'Qamber Barang', 3564),
(168, 'Qurat Kani Sar', 3565),
(168, 'Rabat Dehrai', 3566),
(168, 'Roud Barang', 3567),
(168, 'Rug', 3568),
(168, 'Saparai Asilo Targhaw', 3569),
(168, 'Sara Mina Asilo Targhaw', 3570),
(168, 'Sari Begum', 3571),
(168, 'Sarkai', 3572),
(168, 'Sarlara', 3573),
(168, 'Seri sar', 3574),
(168, 'Seya Barang', 3575),
(168, 'Shah Killi Mordara Barang', 3576),
(168, 'sharbatai', 3577),
(168, 'SharBatai Bar Killi', 3578),
(168, 'Sharbatai Kuz Killi', 3579),
(168, 'Shino Killi', 3580),
(168, 'Shukar', 3581),
(168, 'Skha Band', 3582),
(168, 'Solai Barang', 3583),
(168, 'Solai Ghar Shamuzai', 3584),
(168, 'Sra Ghara Qambar', 3585),
(168, 'Taar', 3586),
(168, 'Takhat', 3587),
(168, 'Takht', 3588),
(168, 'Tar Barang', 3589),
(168, 'Wara Ghakhonko Memol  Barang', 3590),
(225, 'Bahlol Killi chamarkand', 3591),
(225, 'Chamarkand', 3592),
(225, 'Miz Dara', 3593),
(225, 'Mujahideen', 3594),
(225, 'Saduzai', 3595),
(501, 'Amankot Khar', 3596),
(501, 'Babar Shah', 3597),
(501, 'Baee China', 3598),
(501, 'Bai Khan Shah', 3599),
(501, 'Batai', 3600),
(501, 'Batai Alizai', 3601),
(501, 'Civil Colony Khar', 3602),
(501, 'College Colony', 3603),
(501, 'Dag Qilla', 3604),
(501, 'Dag Qilla Ali Jan', 3605),
(501, 'Dag Qilla Alizo', 3606),
(501, 'Dag Qilla Faiq Kili', 3607),
(501, 'Daman Shah', 3608),
(501, 'Delay Khar', 3609),
(501, 'Fazal Abad paja', 3610),
(501, 'Ghani Adai', 3611),
(501, 'Ghundo', 3612),
(501, 'Gul Derai', 3613),
(501, 'Gulo kass', 3614),
(501, 'Haji Lawang', 3615),
(501, 'Ibrahim Jan Kili', 3616),
(501, 'Inayat Killi', 3617),
(501, 'inzarai', 3618),
(501, 'Janat Shah', 3619),
(501, 'Janat Shah/Babar Shah', 3620),
(501, 'Jar', 3621),
(501, 'Jar gandaw', 3622),
(501, 'Kausar', 3623),
(501, 'Khair Abad', 3624),
(501, 'Khwaga China', 3625),
(501, 'Lakhtai', 3626),
(501, 'Lal Gul Banda', 3627),
(501, 'Landai Kaga', 3628),
(501, 'lara Banda', 3629),
(501, 'Lashora', 3630),
(501, 'Loi Baba', 3631),
(501, 'Loi jowar', 3632),
(501, 'Loi Sam', 3633),
(501, 'Maminzo', 3634),
(501, 'Mozamin Khan killi', 3635),
(501, 'Muharam Ghundai', 3636),
(501, 'Muslim Bagh', 3637),
(501, 'Nari Qilla', 3638),
(501, 'Nawa killi', 3639),
(501, 'Niazbin Jan killi', 3640),
(501, 'Nisar Abad', 3641),
(501, 'Pacha Kot', 3642),
(501, 'Qadar Khan Killi', 3643),
(501, 'Qallow Shinkay', 3644),
(501, 'Raghagan', 3645),
(501, 'Rashakai', 3646),
(501, 'Sadiq Abad', 3647),
(501, 'Sara Mina', 3648),
(501, 'Shagai', 3649),
(501, 'shah Narai', 3650),
(501, 'Shandai Moor', 3651),
(501, 'Shawoo', 3652),
(501, 'Sheikh Baba', 3653),
(501, 'Sheikh Killi', 3654),
(501, 'Shekh Meno', 3655),
(501, 'Shenkay  Palang', 3656),
(501, 'Sher Amin korona', 3657),
(501, 'Shinkai', 3658),
(501, 'Shinkot', 3659),
(501, 'Smasai', 3660),
(501, 'Sori Batai', 3661),
(501, 'Tang Khata', 3662),
(501, 'Tangai Ada', 3663),
(501, 'Tangi Charmang', 3664),
(501, 'yousaf abad Khar', 3665),
(501, 'Zoor Bandar', 3666),
(617, 'Agra', 3667),
(617, 'Agra Mamund', 3668),
(617, 'Almano', 3669),
(617, 'Almazo', 3670),
(617, 'Anga Mamund', 3671),
(617, 'Badalai', 3672),
(617, 'Badan', 3673),
(617, 'Badan Bar Killi', 3674),
(617, 'Badan Mamund', 3675),
(617, 'Bala Chinagai', 3676),
(617, 'Bandarai', 3677),
(617, 'Bar Gatkai', 3678),
(617, 'Bara Banda', 3679),
(617, 'Barhkolozo', 3680),
(617, 'Belot Mamund', 3681),
(617, 'Chamiar Jowar', 3682),
(617, 'Chopatara', 3683),
(617, 'Dabar', 3684),
(617, 'Dabar Mamund', 3685),
(617, 'Dabarai', 3686),
(617, 'Damadola', 3687),
(617, 'Damadola chinagai', 3688),
(617, 'Damadola Landai Shah', 3689),
(617, 'Gabarai', 3690),
(617, 'Gatkai', 3691),
(617, 'Ghakhai', 3692),
(617, 'Ghakhai Mamund', 3693),
(617, 'Gowatai', 3694),
(617, 'Hazar Naw', 3695),
(617, 'Inam Khawaro Chinagai', 3696),
(617, 'Inam Khwaro Chinagai No.2', 3697),
(617, 'Kaga Khas', 3698),
(617, 'Kalan', 3699),
(617, 'Kalpanai', 3700),
(617, 'Kamar', 3701),
(617, 'Kamar Mamund', 3702),
(617, 'Kass', 3703),
(617, 'kharkai', 3704),
(617, 'Kitkoi', 3705),
(617, 'Kitkot', 3706),
(617, 'lagharai', 3707),
(617, 'Landai Kaga', 3708),
(617, 'Lar Kholozo', 3709),
(617, 'Lara Mina', 3710),
(617, 'Lara Mukha', 3711),
(617, 'Larkhalozo', 3712),
(617, 'Loi Kharkai', 3713),
(617, 'Loikharkai', 3714),
(617, 'Malangai', 3715),
(617, 'Manai shah', 3716),
(617, 'Mano Zangal', 3717),
(617, 'Mataro Shah', 3718),
(617, 'Mato Chinagai', 3719),
(617, 'Mian killi Kharkai', 3720),
(617, 'Mina', 3721),
(617, 'Mukha', 3722),
(617, 'Nakhtar', 3723),
(617, 'Niag', 3724),
(617, 'Niag Mamund', 3725),
(617, 'Saparai', 3726),
(617, 'Sewai', 3727),
(617, 'Sewari', 3728),
(617, 'shago', 3729),
(617, 'Shago Mamund', 3730),
(617, 'Shah Tangi', 3731),
(617, 'Shinkotai', 3732),
(617, 'Tanai', 3733),
(617, 'Tangai', 3734),
(617, 'Tani Mamund', 3735),
(617, 'Tarkho', 3736),
(617, 'Umarai', 3737),
(617, 'Umarai Mamund', 3738),
(617, 'Wara Kharkai', 3739),
(617, 'Zagai', 3740),
(617, 'Zagai Mamund', 3741),
(617, 'Zari', 3742),
(718, 'Adam Khan Kili', 3743),
(718, 'Alif Khan Kili', 3744),
(718, 'Asghar Charmang', 3745),
(718, 'Babara', 3746),
(718, 'Bara kamangara', 3747),
(718, 'Bara Nawagai', 3748),
(718, 'Bazar Nawagai', 3749),
(718, 'Chinar Charmang', 3750),
(718, 'Civil Colony Nawagai', 3751),
(718, 'Darbano Nawagai', 3752),
(718, 'Doda Nawagai', 3753),
(718, 'Ghaljo Kamangara', 3754),
(718, 'Gud Khel Nawagai', 3755),
(718, 'Halki Charmang', 3756),
(718, 'Hasham', 3757),
(718, 'Hasham Charmang', 3758),
(718, 'Hilal Khel', 3759),
(718, 'Kamangara Charmang', 3760),
(718, 'Karkanai Charmang', 3761),
(718, 'Khair Abad Nawagai', 3762),
(718, 'Kharai Kamangara', 3763),
(718, 'Kohai Charmang', 3764),
(718, 'Kotkai Charmang', 3765),
(718, 'Lara Nawagai', 3766),
(718, 'Malkana Hilal khel', 3767),
(718, 'Malkana Nawagai', 3768),
(718, 'Manogai', 3769),
(718, 'Manogai Charmang', 3770),
(718, 'Matak Charmang', 3771),
(718, 'Minz Kamangara', 3772),
(718, 'Nawagai', 3773),
(718, 'Rayee Charmang', 3774),
(718, 'Redawan Charmang', 3775),
(718, 'Sarkari Qilla', 3776),
(718, 'Shagai', 3777),
(718, 'Shah Khani', 3778),
(718, 'Sharif Khana', 3779),
(718, 'Sida Shah', 3780),
(718, 'Sro Gato Miangan', 3781),
(718, 'Trass Nawagai', 3782),
(718, 'Umarai Ghundai', 3783),
(845, 'Anwar Abad', 3784),
(845, 'Arkanai', 3785),
(845, 'Atkai', 3786),
(845, 'Bagandil', 3787),
(845, 'Bahlolai', 3788),
(845, 'Balam Khar', 3789),
(845, 'Bar Laku', 3790),
(845, 'Bar Mulasaid', 3791),
(845, 'Bara Dara Mulasaid', 3792),
(845, 'Barani Kandaro', 3793),
(845, 'Baro', 3794),
(845, 'Barsadin Salarzai', 3795),
(845, 'Batmalai', 3796),
(845, 'Batwar', 3797),
(845, 'Buzghalo Dall', 3798),
(845, 'Changaro', 3799),
(845, 'Chargo', 3800),
(845, 'Chilargam', 3801),
(845, 'China Batwar', 3802),
(845, 'Chinagai', 3803),
(845, 'Chinagai Tehsil Salarzai', 3804),
(845, 'Chinargo', 3805),
(845, 'Chowatra', 3806),
(845, 'Dabdabo', 3807),
(845, 'Damano', 3808),
(845, 'Dandokai', 3809),
(845, 'Danqool', 3810),
(845, 'Dara Banda', 3811),
(845, 'Dara Banda Mulasaid', 3812),
(845, 'Dehrakai', 3813),
(845, 'Dolasmanai', 3814),
(845, 'Drazanda', 3815),
(845, 'Duri Mandal', 3816),
(845, 'Gambat', 3817),
(845, 'Gat Kai', 3818),
(845, 'Gedar Shai', 3819),
(845, 'Geray', 3820),
(845, 'Ghakhai', 3821),
(845, 'Ghal Salai', 3822),
(845, 'Ghundo', 3823),
(845, 'Ghuzano Shah', 3824),
(845, 'Gulo Shah', 3825),
(845, 'Gung', 3826),
(845, 'Ilmano killi', 3827),
(845, 'Jabrarai', 3828),
(845, 'Jan Khan Dehrai', 3829),
(845, 'Jawaro Oba', 3830),
(845, 'Kamal khel', 3831),
(845, 'Kandaro Bar Trass', 3832),
(845, 'Kasai', 3833),
(845, 'kharkano', 3834),
(845, 'khudmai', 3835),
(845, 'Khuna', 3836),
(845, 'Kohi', 3837),
(845, 'Lakyano Salarzai', 3838),
(845, 'Landai Bartrass', 3839),
(845, 'Lar Laku', 3840),
(845, 'Lar mulasaid', 3841),
(845, 'Lara Dagai', 3842),
(845, 'Latai Salarzai', 3843),
(845, 'Loi Jour', 3844),
(845, 'Loi Killi', 3845),
(845, 'Loi Killi Srowano', 3846),
(845, 'Loi Shah Batrass', 3847),
(845, 'Malkana', 3848),
(845, 'Malkana Batwar', 3849),
(845, 'Manai mandal', 3850),
(845, 'Mandal Salarzai', 3851),
(845, 'Mano', 3852),
(845, 'Manogai Mandal', 3853),
(845, 'Markhanai Mandal', 3854),
(845, 'Mata Shah', 3855),
(845, 'Momin Khan Killi', 3856),
(845, 'Munasab Jan Killi', 3857),
(845, 'Narai Tangai', 3858),
(845, 'Naraza', 3859),
(845, 'Nazakai', 3860),
(845, 'Okashin Salarzai', 3861),
(845, 'Pashat', 3862),
(845, 'Peshato Mandal', 3863),
(845, 'Pijigra Bartrass', 3864),
(845, 'Rahmani Gul Kili', 3865),
(845, 'Ranai', 3866),
(845, 'Rasha Deri', 3867),
(845, 'Redawano', 3868),
(845, 'Sahib Abad', 3869),
(845, 'Salih Muhammad Odigram', 3870),
(845, 'Sangairay', 3871),
(845, 'Sango Dehrai', 3872),
(845, 'Saparai', 3873),
(845, 'Sar Azghai', 3874),
(845, 'Shagai', 3875),
(845, 'Shah Dand', 3876),
(845, 'Shah Rana', 3877),
(845, 'Shah Sar', 3878),
(845, 'Shahzada Tangi', 3879),
(845, 'Shinger Gul', 3880),
(845, 'Skha Kohi', 3881),
(845, 'Soor Dagai', 3882),
(845, 'spina Tiga', 3883),
(845, 'Tabai', 3884),
(845, 'Talai', 3885),
(845, 'Tandai', 3886),
(845, 'Tangai', 3887),
(845, 'Tarano', 3888),
(845, 'Tira Bartrass', 3889),
(845, 'Toot Shah', 3890),
(845, 'Top Mandal', 3891),
(845, 'Topan Shah', 3892),
(882, 'Atkai', 3893),
(882, 'Batmalai No.2', 3894),
(882, 'Kasai', 3895),
(882, 'Koka', 3896),
(882, 'Lar Mulasaid', 3897),
(882, 'Loi Killi Tangi', 3898),
(882, 'Mano', 3899),
(882, 'Pashat Khan Killi', 3900),
(882, 'Talai', 3901),
(1079, 'Amir Zada korona', 3902),
(1079, 'Arangai Arang', 3903),
(1079, 'Ardu Arang', 3904),
(1079, 'Badizaghan', 3905),
(1079, 'Bado Arang', 3906),
(1079, 'Bagh Arang', 3907),
(1079, 'Band Hayatai', 3908),
(1079, 'Bandagai', 3909),
(1079, 'Bondai Arang', 3910),
(1079, 'Chori Arang', 3911),
(1079, 'Dag Arang', 3912),
(1079, 'Dag Farm', 3913),
(1079, 'Dawawo', 3914),
(1079, 'Derago Arang', 3915),
(1079, 'Derago Qambar Khel', 3916),
(1079, 'Dilawar khan Killi', 3917),
(1079, 'Dowawoo', 3918),
(1079, 'Gardai', 3919),
(1079, 'Ghali shah', 3920),
(1079, 'Ghano Derai', 3921),
(1079, 'Ghazi baba', 3922),
(1079, 'Ghazi baba arang', 3923),
(1079, 'Gori Shah', 3924),
(1079, 'Gul shan abad', 3925),
(1079, 'Guli Bagh Matako', 3926),
(1079, 'Hayatai Seri', 3927),
(1079, 'Hayati', 3928),
(1079, 'Jan killi', 3929),
(1079, 'Jawdaro', 3930),
(1079, 'Kandaro Sar Seri', 3931),
(1079, 'Kandro Qazafi', 3932),
(1079, 'Kariz', 3933),
(1079, 'Karr', 3934),
(1079, 'Khawrina', 3935),
(1079, 'Kohi Matako', 3936),
(1079, 'Kulala', 3937),
(1079, 'Kulala Dag Gosam', 3938),
(1079, 'kulala sher Bahadar Killi', 3939),
(1079, 'Mano Dehrai', 3940),
(1079, 'Mano Dehrai No 2', 3941),
(1079, 'Manzai Arang', 3942),
(1079, 'Masdak', 3943),
(1079, 'Matako', 3944),
(1079, 'Mazdak', 3945),
(1079, 'Mian Gul Bandagai', 3946),
(1079, 'Mir Ahmad China', 3947),
(1079, 'Mir khan Arang', 3948),
(1079, 'Mirwass Arang', 3949),
(1079, 'Muhammad Aziz Khan Killi', 3950),
(1079, 'Narang', 3951),
(1079, 'Ogai shah hayatai', 3952),
(1079, 'Pampokha', 3953),
(1079, 'Pijigram Arang', 3954),
(1079, 'Pore Shah', 3955),
(1079, 'Rahim Abad Arang', 3956),
(1079, 'Rahim Abad Matako', 3957),
(1079, 'Shukrata', 3958),
(1079, 'Sikandro', 3959),
(1079, 'Skandro Dag', 3960),
(1079, 'Spina Dehrai', 3961),
(1079, 'Swall Qilla', 3962),
(1079, 'Tangai Arang', 3963),
(1079, 'Tawhid Abad Arang', 3964),
(1079, 'Wach Khawarai Arang', 3965),
(1079, 'Wais Arang', 3966),
(1079, 'Wali Arang', 3967),
(1080, 'Chorai', 3968),
(1080, 'Chorai Arang', 3969),
(1080, 'Ghazi Baba', 3970),
(1080, 'Hayatai', 3971),
(1091, 'Abullah Jan Killa', 3972),
(1091, 'Ahmad Mir Patool Khel', 3973),
(1091, 'Akhundan Ghora Bakka Khel', 3974),
(1091, 'Aklim Khan Kila', 3975),
(1091, 'Aklim Khan Killa Kotka Habibullah', 3976),
(1091, 'Ali Khel', 3977),
(1091, 'Ali Khel Jani Khel', 3978),
(1091, 'Ali Khel Nanay Noor', 3979),
(1091, 'Aslam Roshnai', 3980),
(1091, 'Ayub Khan Killa', 3981),
(1091, 'Azim Killa', 3982),
(1091, 'Bachaki Jani Khel', 3983),
(1091, 'Badshah Khan', 3984),
(1091, 'Bakka Khel', 3985),
(1091, 'Bakka Khel Boji Khel', 3986);
INSERT INTO `vcs` (`uc_id`, `vc_name`, `id`) VALUES
(1091, 'Bakka Khel FR Bannu', 3987),
(1091, 'Bakka Khel Ghora', 3988),
(1091, 'Bakka Khel Gurbaz', 3989),
(1091, 'Bakka Khel Junai', 3990),
(1091, 'Bakka Khel Kotka Amir Sherin', 3991),
(1091, 'Bakka Khel Kotka Boji Khel', 3992),
(1091, 'Bakka Khel Kotka Malik Zal', 3993),
(1091, 'Bakka Khel Murib Khel', 3994),
(1091, 'Bakka Khel Narmi Khel', 3995),
(1091, 'Bakka Khel Rocha', 3996),
(1091, 'Bakka Khel Rocha Shoi Khel', 3997),
(1091, 'Bakka khel Sardi Khel', 3998),
(1091, 'Bakka Khel Shoi Khel', 3999),
(1091, 'Bakka Khel Zar Khan', 4000),
(1091, 'Banda Sheri Khel', 4001),
(1091, 'Bandir Killa', 4002),
(1091, 'Bara Chashmai Akram Kala', 4003),
(1091, 'Bara Rogha', 4004),
(1091, 'Baran Bakka Khel', 4005),
(1091, 'Baran Dam', 4006),
(1091, 'Besai Killa', 4007),
(1091, 'Bodin Khel', 4008),
(1091, 'Chappari', 4009),
(1091, 'Chappari Kotka Khidmat Khan', 4010),
(1091, 'Chappari Syed Khel', 4011),
(1091, 'Chery Narmi Khel', 4012),
(1091, 'Chitta Khel', 4013),
(1091, 'Custam Bakka Khel', 4014),
(1091, 'Custam Bakka Khel FR Bannu', 4015),
(1091, 'Dabak Said Khel', 4016),
(1091, 'Dabara', 4017),
(1091, 'Daryuba', 4018),
(1091, 'Daryuba Khar Sindh', 4019),
(1091, 'Dawlat Khel Village Pai Muhammad', 4020),
(1091, 'Dogar Umarzai', 4021),
(1091, 'Domel', 4022),
(1091, 'Drey Ghundari Bakka Khel', 4023),
(1091, 'Eimal Khel Tarkhuba Kalan', 4024),
(1091, 'Garerah Shah Jehan Imam Shah', 4025),
(1091, 'Ghaffar Din Ping', 4026),
(1091, 'Gharakai Daryuba', 4027),
(1091, 'Ghasa Umar Khel', 4028),
(1091, 'Ghazi Killa Bakka Khel', 4029),
(1091, 'Ghora Bakka Khel', 4030),
(1091, 'Ghora Bakka Khel Kotka Gul Zali', 4031),
(1091, 'Guli Khel Bakka Khel', 4032),
(1091, 'Gumbatti', 4033),
(1091, 'Gurbaz', 4034),
(1091, 'Gurbaz Bakka Khel', 4035),
(1091, 'Gurbaz Kotka Shewa Khan', 4036),
(1091, 'Gurbaz Lakka Tizza', 4037),
(1091, 'Habib Ali Khan Jani Khel', 4038),
(1091, 'Hafiz Abad Qamar Kala', 4039),
(1091, 'Haleef Khel Bakka Khel', 4040),
(1091, 'Hindi Khel', 4041),
(1091, 'Hindi Khel Jani Khel', 4042),
(1091, 'Isoor Ghar Kotka Mir Kazam', 4043),
(1091, 'Isoorghar Zardad Killa', 4044),
(1091, 'Jan Nrmi Khel', 4045),
(1091, 'Jani Khel', 4046),
(1091, 'Jani Khel Ali Khel', 4047),
(1091, 'Jani Khel Bachaki', 4048),
(1091, 'Jani Khel Kotka Gul Khadim', 4049),
(1091, 'Jani Khel Kotka Kamal Sultan', 4050),
(1091, 'Jani Khel Machi Khel', 4051),
(1091, 'Jani Khel Malik Shahi', 4052),
(1091, 'Jani Khel Mameetan Khel', 4053),
(1091, 'Jani Khel Nuarang Khel', 4054),
(1091, 'Jani Khel Poya', 4055),
(1091, 'Jani Khel Warika', 4056),
(1091, 'Jani Khel Zindi Ali Khel', 4057),
(1091, 'Junai Bakka khel', 4058),
(1091, 'Junai Bakka Khel P/O Custam Bakka Khel', 4059),
(1091, 'Kama Chashmai', 4060),
(1091, 'Kama Chashmai Kotka Ilyas Khan', 4061),
(1091, 'Kamar Killa', 4062),
(1091, 'Kandowai', 4063),
(1091, 'Karkarina', 4064),
(1091, 'Kaski Akhundan Amir Hamza Kot Sardi Khe', 4065),
(1091, 'Kaski Sardi Khel', 4066),
(1091, 'Khaleef Khel Bakka Khel', 4067),
(1091, 'Khar Sindh', 4068),
(1091, 'Khar Sindh Barey Khan Killa', 4069),
(1091, 'Khar Sindh Gumbatti', 4070),
(1091, 'Khar Sindh P/O Domel FR Bannu', 4071),
(1091, 'Khattakey Mela', 4072),
(1091, 'Khawajadar Khel Jani Khel', 4073),
(1091, 'Khidmat Khan Chappari', 4074),
(1091, 'Khoidad Khan', 4075),
(1091, 'Khonam Ali Khel Jani Khel', 4076),
(1091, 'Khurgai', 4077),
(1091, 'Kotka Abdullah Jan Azim Killa Jadid', 4078),
(1091, 'Kotka Adam Khan Khawajadar Khel Jani Khel', 4079),
(1091, 'Kotka Alta Mir', 4080),
(1091, 'Kotka Ayaz Wazir Muhammad Khel', 4081),
(1091, 'Kotka Ayub Khan', 4082),
(1091, 'Kotka Ghulam Sarwar Garerah Shah Jehan', 4083),
(1091, 'Kotka Gul Nabi', 4084),
(1091, 'Kotka Gul Qadir Sardi Khel', 4085),
(1091, 'Kotka Gul Sherabat Khan', 4086),
(1091, 'Kotka Haji Sardar Bander Killa', 4087),
(1091, 'Kotka Hakim Khan', 4088),
(1091, 'Kotka Issa Gul', 4089),
(1091, 'Kotka Khan Bahadar Ghazi Marjan', 4090),
(1091, 'Kotka Khan Bahadar Ghazi Marjan Asperka Wazir', 4091),
(1091, 'Kotka Khoidad Khan Musa Khel', 4092),
(1091, 'Kotka Madi Khel Bezen Khel', 4093),
(1091, 'Kotka Mohammad Rasool Azim Killa', 4094),
(1091, 'Kotka Mohammad Saddiq', 4095),
(1091, 'Kotka Muhammad Din', 4096),
(1091, 'Kotka Muhammad Khan', 4097),
(1091, 'Kotka Rab Nawaz', 4098),
(1091, 'Kotka Sher Abbas', 4099),
(1091, 'Kotka Wazir Mulla Muhammad Khel', 4100),
(1091, 'Kotka Wereshmin', 4101),
(1091, 'Kotka Zar Khan', 4102),
(1091, 'Kozsam', 4103),
(1091, 'Kuli Khel', 4104),
(1091, 'Kuli Khel Domel', 4105),
(1091, 'Kuli Khel Sher Ahmad Kot', 4106),
(1091, 'Lakari Eidal Khel', 4107),
(1091, 'Lakka Gurbaz', 4108),
(1091, 'Lakka Tizza', 4109),
(1091, 'Lakka Tizza Kotka Lais Khan', 4110),
(1091, 'Lali Shoi Khel', 4111),
(1091, 'Landi Dak', 4112),
(1091, 'Landi Dak Kotka Ali Subhan Sardi Khel', 4113),
(1091, 'Landi Dak Kotka Haji Sarwar Khan', 4114),
(1091, 'Landi Dak Sardi Khel', 4115),
(1091, 'Landi Jalandar', 4116),
(1091, 'Landi Killa Waligai', 4117),
(1091, 'Landi Mir Alai Nurar Sardi Khel', 4118),
(1091, 'Landi Mir Ali Narmi Khel', 4119),
(1091, 'Lapri Killa', 4120),
(1091, 'Machi Khel Jani Khel', 4121),
(1091, 'Machi Khel Mari Khel', 4122),
(1091, 'Madi Khel', 4123),
(1091, 'Majan Narmi Khel Sardi Khel', 4124),
(1091, 'Mali Khel Jani Khel', 4125),
(1091, 'Malik Shahi Jani Khel', 4126),
(1091, 'Malik Zal Bakka Khel', 4127),
(1091, 'Mameetan Khel', 4128),
(1091, 'Mameetan Khel Jani Khel', 4129),
(1091, 'Mandi Bakka Khel', 4130),
(1091, 'Mandi Bakka Khel Kotka Jan Noor', 4131),
(1091, 'Mando Kala Saifal Khel', 4132),
(1091, 'Marghali', 4133),
(1091, 'Marghali Pirba Khel', 4134),
(1091, 'Mataki Bezen Khel', 4135),
(1091, 'Mawer Kala Baik Khel', 4136),
(1091, 'Mian Noor Jani Khel', 4137),
(1091, 'Mir Dal Patool Khel', 4138),
(1091, 'Mir Muhammadi Killa', 4139),
(1091, 'Mir Sherin Bakka Khel', 4140),
(1091, 'Momitan Khel', 4141),
(1091, 'Muhajer Camp', 4142),
(1091, 'Muhammad Jan Eidal Khel', 4143),
(1091, 'Muhammad Khel', 4144),
(1091, 'Muhammad Khel Khadri', 4145),
(1091, 'Muhammad Khel Malik Ayaz Killa', 4146),
(1091, 'Muhammad Khel Patoona Baran Dam', 4147),
(1091, 'Muhammad Khel Wazir', 4148),
(1091, 'Musa Khel Waligai', 4149),
(1091, 'Nana Khel Umarzai Zareen garang', 4150),
(1091, 'Narai Doog', 4151),
(1091, 'Narmi Khel', 4152),
(1091, 'Narmi Khel Bakka Khel', 4153),
(1091, 'Narmi Khel Kotka Nawab', 4154),
(1091, 'Narmi Khel Kotka Nawab Bakka khel', 4155),
(1091, 'Narmi Khel Sardi Khel', 4156),
(1091, 'Nasri Khel', 4157),
(1091, 'Nazar Gul Gangi Khel', 4158),
(1091, 'Otin Khel', 4159),
(1091, 'Painda Khel', 4160),
(1091, 'Painda Mir Kala', 4161),
(1091, 'Patak Khel', 4162),
(1091, 'Ping Bodin Khel Kotka Sharif', 4163),
(1091, 'Ping Musa Khel', 4164),
(1091, 'Pizwandi Killa', 4165),
(1091, 'Poya Jani Khel', 4166),
(1091, 'Qamar Killa', 4167),
(1091, 'Rais Gangi Khel', 4168),
(1091, 'Rocha Bakka Khel', 4169),
(1091, 'Rocha Ghundi Killa', 4170),
(1091, 'Rocha P/O Custom Bakka Khel', 4171),
(1091, 'Rocha Shoi Khel', 4172),
(1091, 'Rocha Shoi Khel Bakka Khel', 4173),
(1091, 'Sada Khel', 4174),
(1091, 'Sadrawan Asperka', 4175),
(1091, 'Sadrawan Barlashti', 4176),
(1091, 'Sadrawan Kotka Amir Zad', 4177),
(1091, 'Sadrawan Kotka Faraz Khan', 4178),
(1091, 'Sadrawan Salim Khan', 4179),
(1091, 'Saidal Gangi Khel', 4180),
(1091, 'Saidgi Bakka Khel', 4181),
(1091, 'Saidgi Maney Khan Shoi Khel', 4182),
(1091, 'Sain Tanga', 4183),
(1091, 'Sain Tanga Shoi Khel P/O Custom Bakka Khel', 4184),
(1091, 'Sain Tanga Warika Jani Khel', 4185),
(1091, 'Sangari', 4186),
(1091, 'Sardi Khel', 4187),
(1091, 'Sardi Khel Bakka Khel', 4188),
(1091, 'Sardi Khel Kaski Akhundan', 4189),
(1091, 'Sarki Khel', 4190),
(1091, 'Sarmala Bakka Khel', 4191),
(1091, 'Sarobi', 4192),
(1091, 'Sarobi Roshnai', 4193),
(1091, 'Satti Killa', 4194),
(1091, 'Satti Killa FR Bannu', 4195),
(1091, 'Shah Hussain Killa', 4196),
(1091, 'Shahid Khan Kala Jani Khel', 4197),
(1091, 'Sheikh Abdul Gangi Khel', 4198),
(1091, 'Sheikh Bodin Sardi Khel', 4199),
(1091, 'Sher Jan Bakka Khel', 4200),
(1091, 'Sheri Khel', 4201),
(1091, 'Sheri Khel Banda', 4202),
(1091, 'Shin Kandi Serai', 4203),
(1091, 'Shoi Khel', 4204),
(1091, 'Sifal Khel', 4205),
(1091, 'Sra Darga', 4206),
(1091, 'Sra Darga Malik Shahi', 4207),
(1091, 'Sra Wargha Baik Khel', 4208),
(1091, 'Syed Chappari', 4209),
(1091, 'Syed Khel Dabak', 4210),
(1091, 'Taj Muhammad Bakka Khel', 4211),
(1091, 'Talgai', 4212),
(1091, 'Tarkhay Obba', 4213),
(1091, 'Tarkhuba Khurd', 4214),
(1091, 'Tharkhay Oba', 4215),
(1091, 'Toda Nar Jani Khel', 4216),
(1091, 'Toor Hindi Khel Jani Khel', 4217),
(1091, 'Umarzai', 4218),
(1091, 'Akhundan Ghora Bakka Khel', 4219),
(1091, 'Aklim Khan Killa', 4220),
(1091, 'Aziz Gul Ping', 4221),
(1091, 'Besai', 4222),
(1091, 'Daryuba', 4223),
(1091, 'Jan Noor', 4224),
(1091, 'Junai Bakka Khel', 4225),
(1091, 'Junai Bakka Khel P/O Custom Bakka Khel', 4226),
(1091, 'Lapri Killa', 4227),
(1091, 'Mian Noor', 4228),
(1091, 'Roshnai', 4229),
(1091, 'Sarobi', 4230),
(1091, 'Satti Killa', 4231),
(1091, 'Sher jan Bakka Khel', 4232),
(1091, 'Shoi Khel Takkar Khan', 4233),
(1091, 'Surat Khan Bakka Khel', 4234),
(1091, 'Walai Gangi Khel', 4235),
(1091, 'Wali Noor', 4236),
(1091, 'Wali Noor Jani Khel', 4237),
(1091, 'Waligai', 4238),
(1091, 'Waligai Musa Khel', 4239),
(1091, 'Warana Musa Khel Waligai', 4240),
(1091, 'Warika Jani Khel', 4241),
(1091, 'Warika Jani Khel Sain Tanga', 4242),
(1091, 'Wazir Killa', 4243),
(1091, 'Zareen Garang', 4244),
(1091, 'Zarwam', 4245),
(1091, 'Zindi Ali Khel', 4246),
(334, 'Almar Kalan', 4247),
(334, 'Anghezha', 4248),
(334, 'Anwar Kalan', 4249),
(334, 'Ashapalai', 4250),
(334, 'Baskai', 4251),
(334, 'Behanee', 4252),
(334, 'Behran', 4253),
(334, 'Bonga', 4254),
(334, 'Bospa', 4255),
(334, 'Cheena', 4256),
(334, 'Cheena Abdul Wahab', 4257),
(334, 'Cheena Aslam Khan', 4258),
(334, 'Cheena Sar', 4259),
(334, 'Dabar Sakhar Kona', 4260),
(334, 'Danee', 4261),
(334, 'Drazanda', 4262),
(334, 'Dinak Koroona', 4263),
(334, 'Domanda', 4264),
(334, 'Ghundi Kalan', 4265),
(334, 'Gird ghun', 4266),
(334, 'Gitkai', 4267),
(334, 'Gul Badin', 4268),
(334, 'Gur Khezai', 4269),
(334, 'Hassan Khan Koroona', 4270),
(334, 'Ilyas Khaizai', 4271),
(334, 'Jatte Aghbez', 4272),
(334, 'Jezha Pozha', 4273),
(334, 'Kalaki', 4274),
(334, 'Kali Qazian', 4275),
(334, 'Karam Haizai', 4276),
(334, 'Khar Ghoza', 4277),
(334, 'Khasarai Sharif', 4278),
(334, 'Khoi Bahara', 4279),
(334, 'Khoi Bahara Sharqi', 4280),
(334, 'Khoi Pewar', 4281),
(334, 'Khura Khel', 4282),
(334, 'Kot Falak', 4283),
(334, 'Koza', 4284),
(334, 'Landi Astanadar', 4285),
(334, 'Landi Baloch', 4286),
(334, 'Landi Kutarzai', 4287),
(334, 'Landi Matawar', 4288),
(334, 'Landi No.1', 4289),
(334, 'Landi No.2', 4290),
(334, 'Lowar Kali', 4291),
(334, 'Mala Bandoona', 4292),
(334, 'Masoora', 4293),
(334, 'Mirzai Karam', 4294),
(334, 'Morga', 4295),
(334, 'Morga Hassan Khel', 4296),
(334, 'Mughal Kot', 4297),
(334, 'Multanai', 4298),
(334, 'Musafar Koroona', 4299),
(334, 'Nai Jana', 4300),
(334, 'Nari Sar', 4301),
(334, 'New Abadi Darazanda', 4302),
(334, 'New Sargai', 4303),
(334, 'Nishpa', 4304),
(334, 'Nishpazai', 4305),
(334, 'Niskora', 4306),
(334, 'Parwara', 4307),
(334, 'Plaiwam', 4308),
(334, 'Ragha Khilizai', 4309),
(334, 'Raghasar', 4310),
(334, 'Sado Pawa', 4311),
(334, 'Sarkazai', 4312),
(334, 'Shahal Ragha', 4313),
(334, 'Shahbaz Khan Koroona', 4314),
(334, 'Shambey Zandra', 4315),
(334, 'Shana Kazha', 4316),
(334, 'Sheikh Mela', 4317),
(334, 'Spina Tangi', 4318),
(334, 'Spulmai Wam', 4319),
(334, 'Spulmaiwam', 4320),
(334, 'Tijree', 4321),
(334, 'Toor Kani', 4322),
(334, 'Toorey Baz Kor', 4323),
(334, 'Tor Kani', 4324),
(334, 'Upper Darazinda', 4325),
(334, 'Warookai Almar', 4326),
(334, 'Yaseen Koroona', 4327),
(334, 'Zarey sar', 4328),
(334, 'Zore Shahar', 4329),
(167, 'Abdul Khaliq Killi Bara', 4330),
(167, 'Abdul Qattar Killi Bara', 4331),
(167, 'AKA KHEL', 4332),
(167, 'Aka Khel Bara', 4333),
(167, 'Aka khel Jahaz Ground', 4334),
(167, 'Aka Khel Mera Bara', 4335),
(167, 'aka Khel Mera Shin Drang Bara', 4336),
(167, 'Aka Khel Meri Khel Bara', 4337),
(167, 'Aka Khel Sama Garhi Bara', 4338),
(167, 'Aka Khel Sultan khel Bara', 4339),
(167, 'Akbar Killi Bara', 4340),
(167, 'Akhtar Shah Bara', 4341),
(167, 'Akhun Talab', 4342),
(167, 'Akhun Talab Bara', 4343),
(167, 'Akhunzada Killi Bara', 4344),
(167, 'Alam Gudar (Malang Garhi)', 4345),
(167, 'Alam Gudar Bara', 4346),
(167, 'Aman Talab Bara', 4347),
(167, 'Ameer Khan Killi Bara', 4348),
(167, 'Amir Khan Paka Tara', 4349),
(167, 'Anwar Shah Killi Bara', 4350),
(167, 'Arjali Nadai', 4351),
(167, 'Aseel Khan Killi Bara', 4352),
(167, 'ASGHAR TALAB', 4353),
(167, 'Astara Khan Killi Bara', 4354),
(167, 'Ayub Killi Bara', 4355),
(167, 'Azam Din Killi Bara', 4356),
(167, 'Babar Khel Kala Khel', 4357),
(167, 'Bar Qambar Khel Bara', 4358),
(167, 'Bar Qambar Khel Kajori', 4359),
(167, 'Bara', 4360),
(167, 'Barami Alam Sher', 4361),
(167, 'Baz gara Qamar Khel Bara', 4362),
(167, 'BAZ GHARRA', 4363),
(167, 'Bazgara Kamar Khel', 4364),
(167, 'Chirlanga Habib Gul Killi', 4365),
(167, 'Chora Sara Garhi Bara', 4366),
(167, 'Dina Jan Killi Bara', 4367),
(167, 'Faqeer Abad Sheikhan Bara', 4368),
(167, 'Fazal Rahman Killi Bara', 4369),
(167, 'Fort Slop Nala Kajori', 4370),
(167, 'Forte Slop Karna Khel', 4371),
(167, 'Forte Slope Jan Muhammad Killi', 4372),
(167, 'Gandaw', 4373),
(167, 'Abdullah Jan Bara', 4374),
(167, 'Landay Kass Bara', 4375),
(167, 'Ghazi Gul Killi Bara', 4376),
(167, 'Gul  Badsha Killi', 4377),
(167, 'Gul Zamir Killi Aka Khel', 4378),
(167, 'Gulistan Killi Bara', 4379),
(167, 'Haji Bizut Killi Kandao bara', 4380),
(167, 'Haji Dhand', 4381),
(167, 'Haji Gul Killi Bara', 4382),
(167, 'Haji Jamal Baz Killi Bara', 4383),
(167, 'Haji Luqman killi Bara', 4384),
(167, 'Haji Mina Dar Killi Bara', 4385),
(167, 'Haji Said Malang Killi Bara', 4386),
(167, 'Haji Shah Gulab Killi Bara', 4387),
(167, 'Hakeem Khan Killi Bara', 4388),
(167, 'Hamish Khan Killi Bara', 4389),
(167, 'Hanif Jan Killi Bara', 4390),
(167, 'Hindu dhand bar Qambar Khel Bara', 4391),
(167, 'Hisara ', 4392),
(167, 'Hukam Khan Killi Bara', 4393),
(167, 'Hussain Gul Killi', 4394),
(167, 'Imran Killi Bara', 4395),
(167, 'Ismail Abad', 4396),
(167, 'Ismail Killi Bara', 4397),
(167, 'Jaffar Khan Killi', 4398),
(167, 'Jaffar Khan Killi Kala Khel Bara', 4399),
(167, 'Jahazono Ground Bara', 4400),
(167, 'Jamil Khan Killi Bara', 4401),
(167, 'Jan Khan Killi', 4402),
(167, 'Jehan Gul', 4403),
(167, 'Jrando Killi Bara', 4404),
(167, 'Juma Baz Killi Nala Kajori', 4405),
(167, 'Juma Khan Killi Bara', 4406),
(167, 'Kaga Ghara Shera Gul Killi', 4407),
(167, 'Kajeera Bar Qambar Bara', 4408),
(167, 'Kajori Wali khel Bara', 4409),
(167, 'Kala Khel', 4410),
(167, 'Kala Khel Adam Khel', 4411),
(167, 'Kala Khel Mathani', 4412),
(167, 'Kalanga Aka Khel Bara', 4413),
(167, 'Kalanga Bara', 4414),
(167, 'Kalanga Bara', 4415),
(167, 'Kamar Khel bara', 4416),
(167, 'KARAWAL CHOWK SOOR DHAND', 4417),
(167, 'Kari Gar Killi Bara', 4418),
(167, 'Karigar Garhi Bara', 4419),
(167, 'Khajoori Nala Bara', 4420),
(167, 'Khan Amir Killi Bara', 4421),
(167, 'Khan Wali Killi Bara', 4422),
(167, 'Khan Wazir Killi Nala bara', 4423),
(167, 'Khan Zamir Killi Bara', 4424),
(167, 'Khariab Gul Killi', 4425),
(167, 'Khawangi Bara', 4426),
(167, 'Khawna Ziarat Baz Garhi', 4427),
(167, 'Khial Zaman Killi Bara', 4428),
(167, 'Khurma Tang bara', 4429),
(167, 'Kohi Masal Bara', 4430),
(167, 'Kohi Sher Bara', 4431),
(167, 'Kohi Sher Haider', 4432),
(167, 'Kotaki Tirah', 4433),
(167, 'Lali Jan Killi', 4434),
(167, 'MADRASA STOP BQK', 4435),
(167, 'Malak Shin Akbar Killi Bara', 4436),
(167, 'Malakand Killi Bara', 4437),
(167, 'Malang Garhi bara', 4438),
(167, 'Mandi Kass', 4439),
(167, 'Manre Killi Bara', 4440),
(167, 'Mashkano Mela Bara', 4441),
(167, 'MASTAK', 4442),
(167, 'Mastak Tirah', 4443),
(167, 'Mathra Bara', 4444),
(167, 'Mawaz Killi', 4445),
(167, 'Meri Khel Bara', 4446),
(167, 'Mil ward Aka Khel Bara', 4447),
(167, 'Minar Gul Killi bara', 4448),
(167, 'Miran Talab Bara', 4449),
(167, 'Mughal Baz Killi Bara', 4450),
(167, 'Muhammad Hussain Killi Bara', 4451),
(167, 'Mula Khel Bara', 4452),
(167, 'Nala Kajori Bara', 4453),
(167, 'Nala Sepah Area', 4454),
(167, 'Nawab Killi', 4455),
(167, 'NAWAY QAMAR', 4456),
(167, 'Nazar Killi Krapa', 4457),
(167, 'Nazir Shah Killi Bara', 4458),
(167, 'Niaz Muhammad Killi Bara', 4459),
(167, 'Nogazai Baba', 4460),
(167, 'Noor Haider Bara', 4461),
(167, 'Paka Tara Bara', 4462),
(167, 'Qamar Gul Killi Sheikh abad Bara', 4463),
(167, 'Qandahar Killi', 4464),
(167, 'Rahim Shah Killi', 4465),
(167, 'Raja Khan Bara', 4466),
(167, 'Rehamtullah Dhand Bara', 4467),
(167, 'Saad Ullah Jan Killi Bara', 4468),
(167, 'Sahib Shah Bara', 4469),
(167, 'Said Karim Kili Bara', 4470),
(167, 'SAM BABA', 4471),
(167, 'Sama Garhi Mil Ward', 4472),
(167, 'sandali Killi Bara', 4473),
(167, 'Sandan killi Bara', 4474),
(167, 'Sandana Tirah', 4475),
(167, 'Sanzal Khel Aka Khel', 4476),
(167, 'Sarki Kamar Bar Qambar Khel', 4477),
(167, 'Satar Killi Bara', 4478),
(167, 'Sepah Ghaibi Khel Bara', 4479),
(167, 'Shahi Baig Bara', 4480),
(167, 'Shaloba Nogazi Baba', 4481),
(167, 'Shalobar Bara', 4482),
(167, 'Shalobar Qoom Achini Mela', 4483),
(167, 'Sheen Drang Bara', 4484),
(167, 'Sheikh Abad bara', 4485),
(167, 'Sher Ali Khan Bara', 4486),
(167, 'Sher bahadar Killi Bar', 4487),
(167, 'Shiekh Mal Khle Bara', 4488),
(167, 'Shin Akbar', 4489),
(167, 'Shin Drang Aka Khel Bara', 4490),
(167, 'Shin Drang Bara', 4491),
(167, 'Shin kabar Bara', 4492),
(167, 'Shin Kamar Bara', 4493),
(167, 'shin Kamar Bara', 4494),
(167, 'Shinki Bara', 4495),
(167, 'Speen Daranguna Zawa Aka Khel', 4496),
(167, 'Speen Dhand Bara', 4497),
(167, 'Speen Qabar', 4498),
(167, 'Speen Qabar chowk Bara', 4499),
(167, 'Speen Qabar Gujar Killi Bara', 4500),
(167, 'Spin Dhand Bara', 4501),
(167, 'Spin Qabar', 4502),
(167, 'Spin Qabar Bara', 4503),
(167, 'Spin Qabar Sepah Bara', 4504),
(167, 'Sultan Khel Bara', 4505),
(167, 'Sur dhand Bara', 4506),
(167, 'Sur Kas', 4507),
(167, 'Sur Kas Bara', 4508),
(167, 'Sur Kas Bara', 4509),
(167, 'Sur Kas No.2 Bara', 4510),
(167, 'Sur Kas No.4 Bara', 4511),
(167, 'Sur kas Sholabar NO. 3', 4512),
(167, 'Sur Kass Bara', 4513),
(167, 'Talib Jan Killi  Bara', 4514),
(167, 'Tamash Killi Bara', 4515),
(167, 'Tambo khwajali', 4516),
(167, 'Tandi Bughdad Khel', 4517),
(167, 'Tariq Killi Bara', 4518),
(167, 'Tarkho Kas Jabar Mela', 4519),
(167, 'Tarkho Kas Tirah', 4520),
(167, 'Tarkho Kass Bara', 4521),
(167, 'Tarkho Kass Tirah Bara', 4522),
(167, 'Tauda Cheena Bara', 4523),
(167, 'Tehsil Bara', 4524),
(167, 'Toor Tooth Tirah', 4525),
(167, 'Toot Dhand Bara', 4526),
(167, 'Tooth Dhand Bara', 4527),
(167, 'Vilage Jan Badshah Killi Nalay', 4528),
(167, 'Village Ala Dhand Kamar Khel', 4529),
(167, 'Village Azim Killi Bara', 4530),
(167, 'Village Chargi Dagari', 4531),
(167, 'Village Hasham Killi', 4532),
(167, 'Village Lal Muhamad Killi', 4533),
(167, 'Village mamal Mela', 4534),
(167, 'Village Meri Khel', 4535),
(167, 'Village Misri Khel', 4536),
(167, 'Village Muhammad Akbar Speen Qabar', 4537),
(167, 'Village Raza Khan Killi', 4538),
(167, 'Village SAID Rehman', 4539),
(167, 'Village Shera Khan Killi', 4540),
(167, 'Village Shien Kamar Ziodin', 4541),
(167, 'Village Speen Qabar Suran Khel', 4542),
(167, 'Village Spinki Tiga Bara', 4543),
(167, 'Village Yara Din Killi', 4544),
(167, 'Village Zaqrmat Jan Killi Karapa Aka Khel', 4545),
(167, 'Village Zawa Bara', 4546),
(167, 'Wali Khel Bara', 4547),
(167, 'Waris Killi Bara', 4548),
(167, 'Yar Jan Killi Mada Khel Bara', 4549),
(167, 'Yar Muhammad Killi Bara Gharayiza', 4550),
(167, 'YOUSAF TALAB', 4551),
(167, 'Yousaf Talab Bara', 4552),
(167, 'Zangi Tirah', 4553),
(167, 'Zangir Killi Bara', 4554),
(167, 'Zarif Killi Bara', 4555),
(167, 'Zarif Killi Bara', 4556),
(167, 'Zawa Bara', 4557),
(423, 'Ahmad Jan', 4558),
(423, 'Ahmad Jan Killi Jamrud', 4559),
(423, 'Ahmad khan Killi', 4560),
(423, 'Ahmad Khan Killi Jamrud Hawaldari Sokai', 4561),
(423, 'Ali Masjid fazal ahmad killi jamrud', 4562),
(423, 'Ali Masjid Jamrud', 4563),
(423, 'Ali shah Killi Jamrud', 4564),
(423, 'Allah Baz Killi Jamrud', 4565),
(423, 'Aqal Shah Shah Kas jamrud', 4566),
(423, 'Arsala Khan Killi Jamrud', 4567),
(423, 'Attari Jamrud', 4568),
(423, 'Azgho Mela Sur Kamar', 4569),
(423, 'Azgho Mela Sur kamar Jamrud', 4570),
(423, 'Aziz abad Mullagori', 4571),
(423, 'Badraga Ghundi Jamrud', 4572),
(423, 'Badshah Gul Killi Mian Morcha Mullagori', 4573),
(423, 'Badshah Gul Killi Mullagori', 4574),
(423, 'Bakar Abad Ghundi', 4575),
(423, 'Bakar Abad Ghundi Jamrud', 4576),
(423, 'Bakar abad Jamrud', 4577),
(423, 'Bakara Jamrud', 4578),
(423, 'Bara Dara Mullagori ', 4579),
(423, 'Baso Garhi Lora Miana', 4580),
(423, 'Bigyaray Rikalay Jamrud', 4581),
(423, 'Bughdadi Shah Jamrud', 4582),
(423, 'Chappari Jamrud', 4583),
(423, 'Chora', 4584),
(423, 'Chora Jamrud', 4585),
(423, 'Chorra', 4586),
(423, 'Do Ghundai', 4587),
(423, 'Dwa Ghundi Jamrud', 4588),
(423, 'Faizo Killi Jamrud', 4589),
(423, 'Farooq Jan Killi Shah Kas Jamrud', 4590),
(423, 'Ghalanai Ali Masjid Jamrud', 4591),
(423, 'Ghariza', 4592),
(423, 'Ghariza Jamrud', 4593),
(423, 'Ghariza Jamurd', 4594),
(423, 'Ghundi Jamrud', 4595),
(423, 'Ghundi Jamrud ', 4596),
(423, 'Ghundi welay khel', 4597),
(423, 'Gudar Jamrud', 4598),
(423, 'Gudar Jani Khel', 4599),
(423, 'Gudar Jani Khel Jamrud', 4600),
(423, 'Gudar New abadi Jamrud', 4601),
(423, 'Gujar Dhand Mullagori', 4602),
(423, 'Gul Abad Nai Abadi Jamrud', 4603),
(423, 'habib Shah killi Jamrud', 4604),
(423, 'Habib Shah Killi New Abadi Jamrud', 4605),
(423, 'Haji Abdur Rahman Killi Sherkhan Khel', 4606),
(423, 'Haji Baghwan Killi Badraga Jamrud', 4607),
(423, 'Haji Sardar Killi Ghundi Jamrud', 4608),
(423, 'Haji Sher afzal Garhi Lora Miana Jamrud', 4609),
(423, 'Haji Talam Killi Jamrud', 4610),
(423, 'Hashim Abad Jamrud', 4611),
(423, 'Hazrat Wali Jamrud', 4612),
(423, 'Husai Khula Jamrud', 4613),
(423, 'Iftikhar Killi Jamrud', 4614),
(423, 'Jabba Jamrud', 4615),
(423, 'Jalal Din Killi Jamrud', 4616),
(423, 'Jalal Din Killi Jamrudj', 4617),
(423, 'Jamal Khel Jamrud', 4618),
(423, 'Jamrud', 4619),
(423, 'Jamrud Bazar', 4620),
(423, 'Jamrud Bazar', 4621),
(423, 'Janas Khan Killi Bara Dara Mullagori', 4622),
(423, 'Jawara Miana Mullagori Jamrud', 4623),
(423, 'Jehangir Killi Jamrud', 4624),
(423, 'Jhalandar Killi Jamrud', 4625),
(423, 'Juma Gul Killi', 4626),
(423, 'Kabal Khan Killi Jamrud', 4627),
(423, 'Kam shalman', 4628),
(423, 'Kashmir Killi Jamrud', 4629),
(423, 'Katta Kushta Jamrud', 4630),
(423, 'Khaista Gul Killi Jamrud', 4631),
(423, 'Khan Akbar Killi Jamrud Gudar', 4632),
(423, 'Khan Mast Kallay Ghundi Jamrud', 4633),
(423, 'khan wali Jamrud', 4634),
(423, 'Khan wali Shah Kas Jamrud', 4635),
(423, 'lala China Jamrud', 4636),
(423, 'Lala China Jamrud ', 4637),
(423, 'Lalmat Kili  ', 4638),
(423, 'Lashora Jamrud', 4639),
(423, 'Lora Miana Jamrud ', 4640),
(423, 'Lora Miana Mullagori', 4641),
(423, 'Lora Mina Mullagori', 4642),
(423, 'Malak Abad Jamrud', 4643),
(423, 'Malak Abad Killli', 4644),
(423, 'Malak Haji Gulli shah Killi', 4645),
(423, 'Malak Wali Khan Killi Ghundi Jamrud', 4646),
(423, 'Mando Khel Ghundi Jamrud', 4647),
(423, 'manya khel Qady Khel Ghundi Jamrud', 4648),
(423, 'Mashak Khel Ghundi Jamrud', 4649),
(423, 'Mazari Ghundi Jamrud', 4650),
(423, 'Mewa Khan Killi Jamrud', 4651),
(423, 'Mewa Khan Killi Tirah Jamrud', 4652),
(423, 'Mian Gan Jamrud', 4653),
(423, 'Mian Morcha Mullagori', 4654),
(423, 'Mughal Baz Killi Jamrud', 4655),
(423, 'Mumtaz Killi Paindi Lalma Mullagori', 4656),
(423, 'Murad Dhand Jamrud', 4657),
(423, 'Murad Dhand Mullagori Jamrud', 4658),
(423, 'Nasir Killi Jamrud', 4659),
(423, 'Nehar Ghara', 4660),
(423, 'New Abadi Jamrud', 4661),
(423, 'New Abdi Gudar Road Jamrud', 4662),
(423, 'Paindi Lalma', 4663),
(423, 'Paindi Lalma Mullagori', 4664),
(423, 'Paindi Lalma Mullagori', 4665),
(423, 'Payo Noor Killi Jamrud', 4666),
(423, 'Qadam Jamrud', 4667),
(423, 'Qadoos Killi Jamrud', 4668),
(423, 'Quat Khan Killi Jamrud', 4669),
(423, 'Sadiqeen Killi Sur Kamar Jamrud', 4670),
(423, 'Safdar Killi Jamrud', 4671),
(423, 'Said Akbar Killi Jamrud', 4672),
(423, 'Sam Ghakhai Jamrud', 4673),
(423, 'Sardar Killi Ghundi NO.1', 4674),
(423, 'Sarfaraz Killi Jamrud', 4675),
(423, 'Shagai Jamrud', 4676),
(423, 'Shah Alam Killi Jamrud', 4677),
(423, 'Shah Kas Jamrud', 4678),
(423, 'Shah Kas Jamrud', 4679),
(423, 'Shah kas Raza Khan Killi', 4680),
(423, 'Shah Kas Yar Baz Killi Jamrud', 4681),
(423, 'Shah Kas Zabit Noor Killi Jamrud', 4682),
(423, 'Shah Noor Khel Jamrud', 4683),
(423, 'Shaheed Miana Mullagori', 4684),
(423, 'Shaheed Miana Mullagori Jamrud', 4685),
(423, 'Shakirullah Jamrud', 4686),
(423, 'Sher Afzal Killi Garhi Lora Miana', 4687),
(423, 'Sher Bruj Mullagori Jamrud', 4688),
(423, 'Sher Burj Mullagori Jamrud', 4689),
(423, 'Shin Sari Jamrud', 4690),
(423, 'Shin Tang Jamrud', 4691),
(423, 'Shoaib Kili Jamrud', 4692),
(423, 'Shodanai Jamrud', 4693),
(423, 'Sikandar Khel Ghundi Jamrud', 4694),
(423, 'Spelano Kas jamrud', 4695),
(423, 'Sperah Killi Jamrud', 4696),
(423, 'Sperah Qadam', 4697),
(423, 'Spilano Kas Jamrud', 4698),
(423, 'Sur Kamar Jamrud', 4699),
(423, 'Sur Kamar Jamrud', 4700),
(423, 'Sur Kamar No. 2', 4701),
(423, 'Sur Kamr Jamrud', 4702),
(423, 'Surkamar Jamrud', 4703),
(423, 'Swat Khan Killi Jamrud', 4704),
(423, 'Takhta Baig Jamrud', 4705),
(423, 'takhta baig Mastal Khel', 4706),
(423, 'Tango Tirah', 4707),
(423, 'Tar Khel Mullagori Jamrud', 4708),
(423, 'Tatara Mullagori', 4709),
(423, 'Tauda Mela Jamrud', 4710),
(423, 'Tedi Bazar ', 4711),
(423, 'Tidi Bazar Jamrud', 4712),
(423, 'Toor dara Jamrud', 4713),
(423, 'Tor Dara Tirah', 4714),
(423, 'Tora Tara Jamrud', 4715),
(423, 'Touda Mela', 4716),
(423, 'Ulas Killi Jamrud', 4717),
(423, 'Usman Killi', 4718),
(423, 'Jalaldin', 4719),
(423, 'Wali Baba', 4720),
(423, 'Wali Khan killi Jamrud', 4721),
(423, 'Wali Khel jamrud', 4722),
(423, 'Walo Mela Jamrud', 4723),
(423, 'Warmando Mela Jamrud', 4724),
(423, 'Wazir Dhand', 4725),
(423, 'Yar Afzal', 4726),
(423, 'Yar Bad shah Kas', 4727),
(423, 'zardad Kili', 4728),
(597, 'Abdal Killi', 4729),
(597, 'Abdul Latif Killi', 4730),
(597, 'Adam Khan Killi', 4731),
(597, 'Ahmad Gul Killi Bahadar Khel', 4732),
(597, 'Alacha Bazar Zakha Khel', 4733),
(597, 'Alam Khel Karamna Bazar Zakha Khel', 4734),
(597, 'Alif Killi Loi Shalman', 4735),
(597, 'Allacha Bazar Zakha Khel', 4736),
(597, 'Aman Ullah Killi Loi Shalman', 4737),
(597, 'Ash Khel', 4738),
(597, 'Ashraf Killi', 4739),
(597, 'Asif Killi Loi Shalman', 4740),
(597, 'Ayub Killi', 4741),
(597, 'Bacha Killi Loi Shalman', 4742),
(597, 'Bacha Mina Torkham', 4743),
(597, 'BadShah Mir Killi Bazar Zakha Khel', 4744),
(597, 'Bar Shanoli Loi Shalman', 4745),
(597, 'Bar Wali Khel', 4746),
(597, 'Bara Kas Zakha Khel', 4747),
(597, 'Basi Kandow', 4748),
(597, 'Bazar Zakha Khel', 4749),
(597, 'Bhai Khel Kakal Khel', 4750),
(597, 'Brag Batan Shah Killi', 4751),
(597, 'Brag Zaka Khel', 4752),
(597, 'Charbagh', 4753),
(597, 'Chinar Killi', 4754),
(597, 'Dargai Kam Shalman', 4755),
(597, 'Dargai Karamna', 4756),
(597, 'Dargai Killi Zakha Khel', 4757),
(597, 'Durma Kor Loi Shalman', 4758),
(597, 'Fateh Khel Halway Bazar', 4759),
(597, 'Gagra Landikotal', 4760),
(597, 'Gagreena Bazar Zakha Khel', 4761),
(597, 'Ghani Khan Killi Loi Shalman', 4762),
(597, 'Gulab Killi Loi Shalman', 4763),
(597, 'Gulab Shinwari Landikotal', 4764),
(597, 'Hajat Mir Kili Landikotal', 4765),
(597, 'Haji Noor Khel Killi Sultan Khel', 4766),
(597, 'Halwai Bazar Zakha Khel', 4767),
(597, 'Jamil Landikotal', 4768),
(597, 'Jehanzeb Killi Landikotal', 4769),
(597, 'Kam Shalman Landikotal', 4770),
(597, 'Kamshalman', 4771),
(597, 'Kandao Khel', 4772),
(597, 'Karamna Badshah Mir Killi', 4773),
(597, 'Khan Haider zer jamal khel', 4774),
(597, 'Khar Ghali Mada Killi', 4775),
(597, 'Kharay Mela', 4776),
(597, 'Kharghali', 4777),
(597, 'KHOUR BAZAR ZAKHA KHEL', 4778),
(597, 'Khuga Khel', 4779),
(597, 'Khuray Bazar Zakha Khel', 4780),
(597, 'Khyber Jangi Khel Ghulam Dastagir Killi', 4781),
(597, 'Koz Shanoli Loi Shalman', 4782),
(597, 'Mahmood Killi', 4783),
(597, 'Maidan Gul Killi BZK Landikotal', 4784),
(597, 'Malak Gul Ahmad Killi Landikotal', 4785),
(597, 'Malak Mroof Khan Killi Sheikh Mal Khel', 4786),
(597, 'Malak Nadar Khan Killi Landikotal', 4787),
(597, 'Malang Killi Bazar Zakha Khel Landikotal', 4788),
(597, 'Manday Karamna', 4789),
(597, 'Mangal Bagh Kandaow BZK', 4790),
(597, 'MANZOOR KILLI', 4791),
(597, 'matha Khel Landikotal', 4792),
(597, 'Meri Khel Landikotal', 4793),
(597, 'Meshtara Camp BZK', 4794),
(597, 'Miana Dar Killi Landikotal', 4795),
(597, 'Mirdad Khel Landikotal', 4796),
(597, 'Misal Khan Loi Shalman', 4797),
(597, 'Muhammad Killi Landikotal', 4798),
(597, 'Musa Khan Loi Shalman', 4799),
(597, 'Nabat Killi Bazar Zakha Khel', 4800),
(597, 'Naray dara Loi Shalman', 4801),
(597, 'Nazar Khel Jarobi Bazar', 4802),
(597, 'Neki Khel Landikotal', 4803),
(597, 'Painda Khel Landikotal', 4804),
(597, 'Paindi Cheena Gulab Khan Killi BZK', 4805),
(597, 'Pased Khel Landikotal', 4806),
(597, 'Pasto Kai Jani Khel', 4807),
(597, 'Pero Khel landikotal', 4808),
(597, 'Prang Dara', 4809),
(597, 'Raees Killi Bazar Zakha Khel', 4810),
(597, 'Rahmat Ullah Killi Landikotal', 4811),
(597, 'Rakhti Gul Killi Landikotal', 4812),
(597, 'Sadu Landikotal', 4813),
(597, 'Saleem Killi Landikotal', 4814),
(597, 'Samsai Mina Dar Killi Loi Shalman', 4815),
(597, 'Sarobi Begat Loi Shalman', 4816),
(597, 'Shah Muhammad Landikotal', 4817),
(597, 'Shan Khel Bazar Zakha Khel', 4818),
(597, 'Shawali Killi Landikotal', 4819),
(597, 'Sheikh Mal Khel', 4820),
(597, 'Sher Ali Killi Landikotal', 4821),
(597, 'Sher Rahman Killi Bazar Zakha Khel', 4822),
(597, 'Shiekhwal Landikotal', 4823),
(597, 'Shin Pokh Shalman', 4824),
(597, 'Sind Ghara Samsai', 4825),
(597, 'Sultan Khel ', 4826),
(597, 'Udga Dara Akhtar Jan Killi Loi Shalman', 4827),
(597, 'Wali Muhammad Kor Loi Shalman', 4828),
(597, 'Wazir Kor Loi Shalman', 4829),
(597, 'Zar Jan Killi brag', 4830),
(597, 'Zar Mali Shah Landikotal', 4831),
(597, 'Zarmali Shah Killi Landikotal', 4832),
(597, 'Zin Tara', 4833),
(597, 'Zulfiqar Killi Kam Shalman LKL', 4834),
(310, 'Akbar Mela', 4835),
(310, 'Alam Khel', 4836),
(310, 'Amal Gul Kalli', 4837),
(310, 'Amal Khel', 4838),
(310, 'Amal Khel Bala', 4839),
(310, 'Amal Khel Sheraki', 4840),
(310, 'Ara Khel', 4841),
(310, 'Asif Khel', 4842),
(310, 'Attariwal', 4843),
(310, 'Azadi Mela', 4844),
(310, 'Babozi', 4845),
(310, 'Bagh Kalli', 4846),
(310, 'Bazi Khel', 4847),
(310, 'Behram Khel', 4848),
(310, 'Bilal Kalli', 4849),
(310, 'Bosti Khel', 4850),
(310, 'Bulaqi Khel', 4851),
(310, 'Chapper Khel', 4852),
(310, 'Chatter', 4853),
(310, 'Dalil Khel', 4854),
(310, 'Darra Bazar', 4855),
(310, 'Depo Kalli', 4856),
(310, 'Dingan', 4857),
(310, 'Donga Taimer Khel', 4858),
(310, 'Drab Kass', 4859),
(310, 'Feroz Khel', 4860),
(310, 'Feroz Mela', 4861),
(310, 'Gadia Khel', 4862),
(310, 'Germany Kalli', 4863),
(310, 'Ghariba', 4864),
(310, 'Ghulam Saleh Kalli', 4865),
(310, 'Gul Hassan Mela', 4866),
(310, 'Gul Khan Kalli', 4867),
(310, 'Gulabaz Kalli', 4868),
(310, 'Guz Darra', 4869),
(310, 'Habibullah Kalli', 4870),
(310, 'Ibrahim Khel', 4871),
(310, 'Jammu', 4872),
(310, 'Jammu Shahi Khel', 4873),
(310, 'Janan Khel', 4874),
(310, 'Kami Khel', 4875),
(310, 'Khandad Kalli', 4876),
(310, 'Kohiwal', 4877),
(310, 'Kot Mela', 4878),
(310, 'Landi Khel', 4879),
(310, 'Landiwal', 4880),
(310, 'Las Garhi', 4881),
(310, 'Lass Garhi', 4882),
(310, 'Mazid Khel', 4883),
(310, 'Mir Ghulam Kalli', 4884),
(310, 'Miraj Gul Kalli', 4885),
(310, 'Muahmmad Hussain Mela', 4886),
(310, 'Muhammad Hussain Mela', 4887),
(310, 'Mula Khel', 4888),
(310, 'Mulayan', 4889),
(310, 'Mullan', 4890),
(310, 'Nazim Kalli', 4891),
(310, 'Noor Ali Kalli', 4892),
(310, 'Paya', 4893),
(310, 'Pirwal Khel', 4894),
(310, 'Pur Dil kalli', 4895),
(310, 'Qasim Khel', 4896),
(310, 'Qayum Mela', 4897),
(310, 'Raza Khel', 4898),
(310, 'Sabaz Ali Kalli', 4899),
(310, 'Said Kamal Kalli', 4900),
(310, 'Samandi Mela', 4901),
(310, 'Sardar Khel', 4902),
(310, 'Sardar Khel Bala', 4903),
(310, 'Sarwar Khel', 4904),
(310, 'Sarwar Mela', 4905),
(310, 'Shahabud Din Mela', 4906),
(310, 'Shahi Khel', 4907),
(310, 'Shamal Khel', 4908),
(310, 'Shapalkiwal', 4909),
(310, 'Sheen Dhand', 4910),
(310, 'Sher Hussain Mela', 4911),
(310, 'Sheraki', 4912),
(310, 'Sheraki Bala', 4913),
(310, 'Sherin Mela', 4914),
(310, 'Shin Dhand', 4915),
(310, 'Shpalkiwal', 4916),
(310, 'Sra Mela', 4917),
(310, 'Sra Mela Bala', 4918),
(310, 'Sultan Khel', 4919),
(310, 'Suni Khel', 4920),
(310, 'Surak', 4921),
(310, 'Surat Khan Kalli', 4922),
(310, 'Taimer Khel', 4923),
(310, 'Tarewal', 4924),
(310, 'Tarey Kalli', 4925),
(310, 'Tater Khel', 4926),
(310, 'Toor Chapper', 4927),
(310, 'Tor Tandi', 4928),
(310, 'Turki Ismail Khel', 4929),
(310, 'Wakil Khan Kalli', 4930),
(310, 'Wilayat Khan Kalli', 4931),
(310, 'Zorh Akhur', 4932),
(310, 'Zorh Kalli', 4933),
(310, 'Zorhi Akhur', 4934),
(216, 'Angori', 4935),
(216, 'Arghunja Ali Sherzai', 4936),
(216, 'Arwaza', 4937),
(216, 'Aud', 4938),
(216, 'Ayaz Kali Gandaw', 4939),
(216, 'Badama', 4940),
(216, 'Bari Zoona Laki Kali', 4941),
(216, 'Barizona', 4942),
(216, 'Baza', 4943),
(216, 'Bazai', 4944),
(216, 'Chaghzai', 4945),
(216, 'Chapper', 4946),
(216, 'Dambaki', 4947),
(216, 'Dand Dad Mir', 4948),
(216, 'Dappa', 4949),
(216, 'Dar Ali Sher Zai', 4950),
(216, 'Dar Alisherzai', 4951),
(216, 'Daras Pai', 4952),
(216, 'Dargai', 4953),
(216, 'Daya', 4954),
(216, 'Dogar', 4955),
(216, 'Doll Ragha', 4956),
(216, 'Dopkai', 4957),
(216, 'Dray Manry', 4958),
(216, 'Durani', 4959),
(216, 'Gandaw Spidari', 4960),
(216, 'Gawa Sharifa', 4961),
(216, 'Gawaki', 4962),
(216, 'Gawdar', 4963),
(216, 'Ghar Ghara', 4964),
(216, 'Gharbeena', 4965),
(216, 'Goganai', 4966),
(216, 'Gogani', 4967),
(216, 'Gulzara Sarpakh', 4968),
(216, 'Gundal', 4969),
(216, 'Had Mella', 4970),
(216, 'Hamish Gul Kali', 4971),
(216, 'Jalo', 4972),
(216, 'Jawdara', 4973),
(216, 'Jehan China', 4974),
(216, 'Jilamaya', 4975),
(216, 'Kam Chapper Ossai', 4976),
(216, 'Kemal Baza', 4977),
(216, 'Khani Khel (Pass Mela)', 4978),
(216, 'Khar Shah', 4979),
(216, 'Khawaga China', 4980),
(216, 'Khawo Kali', 4981),
(216, 'Khawri Sam', 4982),
(216, 'Khazeena', 4983),
(216, 'Khormana', 4984),
(216, 'Khujal Khel', 4985),
(216, 'Koda', 4986),
(216, 'Kot Meran', 4987),
(216, 'Kot Miran', 4988),
(216, 'Kotki', 4989),
(216, 'Kundali Baba', 4990),
(216, 'Kuram', 4991),
(216, 'Kurat', 4992),
(216, 'Lil Gada', 4993),
(216, 'Machaki Kali', 4994),
(216, 'Makhrani', 4995),
(216, 'Manatoo', 4996),
(216, 'Mandan', 4997),
(216, 'Marghan', 4998),
(216, 'Marghan (Kalki Mella)', 4999),
(216, 'Marghan Dara', 5000),
(216, 'Meya Patai', 5001),
(216, 'Mir Bagh', 5002),
(216, 'Mirdo Tang', 5003),
(216, 'Mirmat Khel', 5004),
(216, 'Naik Zairat', 5005),
(216, 'Narari', 5006),
(216, 'Ormegai', 5007),
(216, 'Ossai', 5008),
(216, 'Otakai', 5009),
(216, 'Paloseen', 5010),
(216, 'Parcham Kali', 5011),
(216, 'Pastawoni', 5012),
(216, 'Qalat', 5013),
(216, 'Rego', 5014),
(216, 'Rezanda', 5015),
(216, 'Said Ali Mela', 5016),
(216, 'Said Karam', 5017),
(216, 'Salo', 5018),
(216, 'Sam Khakak', 5019),
(216, 'Samandar Kali', 5020),
(216, 'Sandaghar', 5021),
(216, 'Sandaghar Mella', 5022),
(216, 'Sarkhavi Dara', 5023),
(216, 'Sarpakh', 5024),
(216, 'Shah Baz Sam', 5025),
(216, 'Sham Kanri Cham Kali', 5026),
(216, 'Shamkanri', 5027),
(216, 'Shamkhai', 5028),
(216, 'Shamkhi', 5029),
(216, 'Shamkhi Navi Kali', 5030),
(216, 'Shandawoni', 5031),
(216, 'Shekhana', 5032),
(216, 'Sher Dara', 5033),
(216, 'Sher Khan Pakha', 5034),
(216, 'Somana', 5035),
(216, 'Sormai', 5036),
(216, 'Sra Jawara', 5037),
(216, 'Star Jamat Khurmana', 5038),
(216, 'Star Kali Avidara', 5039),
(216, 'Suranga', 5040),
(216, 'Tabai Khani Khel', 5041),
(216, 'Tabi Khani Khel', 5042),
(216, 'Tabi Tangai', 5043),
(216, 'Takhtak', 5044),
(216, 'Takhtoo', 5045),
(216, 'Talo', 5046),
(216, 'Tanorak', 5047),
(216, 'Tarali', 5048),
(216, 'Tarali Ada', 5049),
(216, 'Tarali Zarif Khan', 5050),
(216, 'Tarali Zarif Khan Kali', 5051),
(216, 'Tari Khoidad Khel', 5052),
(216, 'Tari Tang', 5053),
(216, 'Tatang', 5054),
(216, 'Taudy Oba', 5055),
(216, 'Thana', 5056),
(216, 'Tindo', 5057),
(216, 'Tindo Navi Kali', 5058),
(216, 'Toor Nazoon', 5059),
(216, 'Totkai', 5060),
(216, 'Trangawali', 5061),
(216, 'Wam Alisher Zai', 5062),
(216, 'Warasta Mella', 5063),
(216, 'Yasta', 5064),
(216, 'Zara Mella', 5065),
(216, 'Zarana', 5066),
(216, 'Zawa', 5067),
(216, 'Zoor Gandaw', 5068),
(610, 'Ahmad Khan Kali Mahoora', 5069),
(610, 'Ahmadi Shama', 5070),
(610, 'Ali Zai', 5071),
(610, 'Alizai', 5072),
(610, 'Amal Kot', 5073),
(610, 'APA Colony Sadda', 5074),
(610, 'Arawali', 5075),
(610, 'Bagan', 5076),
(610, 'Bagzai', 5077),
(610, 'Balish Khel', 5078),
(610, 'Barari', 5079),
(610, 'Batoo Kali', 5080),
(610, 'Bilyamin', 5081),
(610, 'Bisato Bangash', 5082),
(610, 'Chappri', 5083),
(610, 'Chardiwar', 5084),
(610, 'Daraz Rawoz', 5085),
(610, 'Durani', 5086),
(610, 'Gharbeena', 5087),
(610, 'GHS MAHOORA LOWER KURRAM', 5088),
(610, 'Ghulam Rasool Kali Makhizai', 5089),
(610, 'Gosar', 5090),
(610, 'Hassan Zai', 5091),
(610, 'Hassan Zai Makhizai', 5092),
(610, 'Ibrahim Zai', 5093),
(610, 'Ibrahim Zai', 5094),
(610, 'Inzarai', 5095),
(610, 'Ismail Khan Kali Bilyamin', 5096),
(610, 'jilamai', 5097),
(610, 'Kas Bilyamin', 5098),
(610, 'Khapyanga', 5099),
(610, 'Khar Kali', 5100),
(610, 'Kochi', 5101),
(610, 'Kotki Bilyamin', 5102),
(610, 'Mahoora', 5103),
(610, 'Makhizai', 5104),
(610, 'Malayano Kali', 5105),
(610, 'Mandori', 5106),
(610, 'Manduri', 5107),
(610, 'Maro Khel', 5108),
(610, 'Mingak', 5109),
(610, 'Munda', 5110),
(610, 'Munda Alizai', 5111),
(610, 'Muzaffar Kot', 5112),
(610, 'Paraw', 5113),
(610, 'Pir Qayum', 5114),
(610, 'Rawooz Sadda', 5115),
(610, 'Rawoz Sadda', 5116),
(610, 'Sadda', 5117),
(610, 'Sakhi Ahmad Shah', 5118),
(610, 'Samir', 5119),
(610, 'Sangeena', 5120),
(610, 'Sara Ghurga', 5121),
(610, 'Sateen', 5122),
(610, 'Shah Ibrahim', 5123),
(610, 'Shakardara L/K', 5124),
(610, 'Shakardara Lower Kurram', 5125),
(610, 'Shalgazyan', 5126),
(610, 'Shashoo', 5127),
(610, 'Sherqi Makhizai', 5128),
(610, 'Sra Ghurga', 5129),
(610, 'Talo Kunj', 5130),
(610, 'Tangai', 5131),
(610, 'Topaki Lower Kurram', 5132),
(610, 'Uchat', 5133),
(610, 'Upper Mandori', 5134),
(610, 'Upper Manduri', 5135),
(610, 'Village Ghabeena', 5136),
(610, 'Village Yaqoobi No.2', 5137),
(610, 'Wali China', 5138),
(610, 'Warsak', 5139),
(610, 'Yaqubai', 5140),
(1077, 'Agra', 5141),
(1077, 'Arkhyo Kali', 5142),
(1077, 'Boghaki', 5143),
(1077, 'Bughaki', 5144),
(1077, 'Dangeela', 5145),
(1077, 'Duparzai', 5146),
(1077, 'East Parachinar', 5147),
(1077, 'Ghundi Khel Pewar', 5148),
(1077, 'Gosar', 5149),
(1077, 'Ismail Mela', 5150),
(1077, 'Khairadin, Shalozan', 5151),
(1077, 'Khaiwar', 5152),
(1077, 'Khamzai Pewar', 5153),
(1077, 'Kharlachi', 5154),
(1077, 'Kosher', 5155),
(1077, 'Kundizar', 5156),
(1077, 'Luqmankhel Kaskai', 5157),
(1077, 'Nari Mela', 5158),
(1077, 'Nastikot Kurram', 5159),
(1077, 'Parachinar City', 5160),
(1077, 'Paracinar City', 5161),
(1077, 'Samir', 5162),
(1077, 'Sehra Killi Pewar', 5163),
(1077, 'Vilage Natai', 5164),
(1077, 'Vilalge Shahjee Khel zeran', 5165),
(1077, 'Villae Azaki Kali', 5166),
(1077, 'Villae Japaki Kali', 5167),
(1077, 'Villae Malil Khel', 5168),
(1077, 'Villae Mata Mali Khel', 5169),
(1077, 'Villae Paraw Kirman', 5170),
(1077, 'Village Abdullah Khan kali', 5171),
(1077, 'Village Adil Colony', 5172),
(1077, 'Village Ahmadzai', 5173),
(1077, 'Village Ahmadzi', 5174),
(1077, 'Village Aka Khel', 5175),
(1077, 'Village Alam Khel', 5176),
(1077, 'Village Alamsher', 5177),
(1077, 'Village Alamsher Kurram', 5178),
(1077, 'Village Alamsher', 5179),
(1077, 'Village Alamsher Sehra', 5180),
(1077, 'Village Ali Shari', 5181),
(1077, 'Village Alishari', 5182),
(1077, 'Village Amir Khan Kali', 5183),
(1077, 'Village Amlkot', 5184),
(1077, 'Village Arif Colony', 5185),
(1077, 'Village Arkhaio Kali', 5186),
(1077, 'Village Asalat kali', 5187),
(1077, 'Village Badama', 5188),
(1077, 'Village Badama Kirman', 5189),
(1077, 'Village Bangash Kali Kharlachi', 5190),
(1077, 'Village Batakot Kirman', 5191),
(1077, 'Village Borki', 5192),
(1077, 'Village Borki Sehra', 5193),
(1077, 'Village Boshera', 5194),
(1077, 'Village Bughaki', 5195),
(1077, 'Village Bughdi', 5196),
(1077, 'Village Bughra', 5197),
(1077, 'Village Chappar', 5198),
(1077, 'Village China Zeran', 5199),
(1077, 'Village College Colony', 5200),
(1077, 'Village College Colony Parachinar', 5201),
(1077, 'Village Dago Kali', 5202),
(1077, 'Village Dalasa Kali', 5203),
(1077, 'Village Dall', 5204),
(1077, 'Village Dand', 5205),
(1077, 'Village Dangeela', 5206),
(1077, 'Village Darader', 5207),
(1077, 'Village Dargai Ghozgari', 5208),
(1077, 'Village Dindar Kali', 5209),
(1077, 'Village Dundar Road Parachinar', 5210),
(1077, 'Village dunder Road', 5211),
(1077, 'Village Dunder Sehra', 5212),
(1077, 'Village Duravi', 5213),
(1077, 'Village Gambeel', 5214),
(1077, 'Village Gandah', 5215),
(1077, 'Village Gasha Kali', 5216),
(1077, 'Village Ghozgari', 5217),
(1077, 'Village Ghujar Ghuni', 5218),
(1077, 'Village Ghundi Khel', 5219),
(1077, 'Village Gobazan', 5220),
(1077, 'Village Gram', 5221),
(1077, 'Village Hakimi Kali', 5222),
(1077, 'Village Hassanzai', 5223),
(1077, 'Village Ibrahimzai', 5224),
(1077, 'Village Inam Kali Shublan', 5225),
(1077, 'Village Isamil Mela Shalozan Tangi', 5226),
(1077, 'Village Ismail Khel Colony', 5227),
(1077, 'Village Jaba', 5228),
(1077, 'Village Jalander', 5229),
(1077, 'Village Jangal Kalil', 5230),
(1077, 'Village Japaki Kali', 5231),
(1077, 'Village Jaro Kali Boshera', 5232),
(1077, 'Village Jilamzai', 5233),
(1077, 'Village Jilamzo Kot Malana', 5234),
(1077, 'Village Kachkeena', 5235),
(1077, 'Village Kagawaga', 5236),
(1077, 'Village Kanda Abbas', 5237),
(1077, 'Village Kanda Nastikot', 5238),
(1077, 'Village Kara Khela', 5239),
(1077, 'Village Karakhela', 5240),
(1077, 'Village Kas Luqman Khel', 5241),
(1077, 'Village Khair Alil Kali Agra', 5242),
(1077, 'Village Khairadin', 5243),
(1077, 'Village Khan Shah Mela', 5244),
(1077, 'Village Kharlachi', 5245),
(1077, 'Village Kharpuchi Malana', 5246),
(1077, 'Village Kherawa', 5247),
(1077, 'Village Khomasa', 5248),
(1077, 'Village Kinaki', 5249),
(1077, 'Village Kirman', 5250),
(1077, 'Village Kirmani Kali Kirman', 5251),
(1077, 'Village Kkunj Alizai', 5252),
(1077, 'Village Koreszai Malana', 5253),
(1077, 'Village Kosher', 5254),
(1077, 'Village Kotri', 5255),
(1077, 'Village Kunj Alizai', 5256),
(1077, 'Village Lala Main Kali Nastikot', 5257),
(1077, 'Village Lali Mela', 5258),
(1077, 'Village Lalmai', 5259),
(1077, 'Village Landiwan', 5260),
(1077, 'Village Larzar Shalozan', 5261),
(1077, 'Village Lewan Khel Malana', 5262),
(1077, 'Village Lower Ghozgari', 5263),
(1077, 'Village Luqman Khel', 5264),
(1077, 'Village Luqman Khel', 5265),
(1077, 'Village Luqman Khel Sehra', 5266),
(1077, 'Village Mahoora', 5267),
(1077, 'Village Maikai', 5268),
(1077, 'Village Malana', 5269),
(1077, 'Village Mali Kali', 5270),
(1077, 'Village Mali Khel', 5271),
(1077, 'Village Mardan Ali Kali Agra', 5272),
(1077, 'Village Mata Kirman', 5273),
(1077, 'Village Matasanger', 5274),
(1077, 'Village Mindanak Sehra', 5275),
(1077, 'Village Mir Alam Sehra', 5276),
(1077, 'Village Mirdat Khel', 5277),
(1077, 'Village Mirjamal', 5278),
(1077, 'Village Mirjamal Agra', 5279),
(1077, 'Village Mirmai', 5280),
(1077, 'Village Mirmai Pewar Tangai', 5281),
(1077, 'Village Mula Bagh', 5282),
(1077, 'Village Mulabagh Zeran', 5283),
(1077, 'Village Musa Khel', 5284),
(1077, 'Village Nastikot', 5285),
(1077, 'Village Nastikot Sehra', 5286),
(1077, 'Village Natai', 5287),
(1077, 'Village Navi Kali Zeran', 5288),
(1077, 'Village New Darader', 5289),
(1077, 'Village Noor Khan Kanda', 5290),
(1077, 'Village Noor Ullah Khan', 5291),
(1077, 'Village Noorki', 5292),
(1077, 'Village Parachinar City', 5293),
(1077, 'Village Parat Pewar', 5294),
(1077, 'Village Pewar', 5295),
(1077, 'Village Pewar Doperzai', 5296),
(1077, 'Village Pewar Ghundi Khel', 5297),
(1077, 'Village Pish Imama Colony', 5298),
(1077, 'Village Pokhra', 5299),
(1077, 'Village Prat Kali Pewar', 5300),
(1077, 'Village Pukhra Zeran', 5301),
(1077, 'Village Qubad Shah Khel', 5302),
(1077, 'Village Qubad Shah Khel Zeran', 5303),
(1077, 'Village Qubadshah Khel', 5304),
(1077, 'Village Samir', 5305),
(1077, 'Village Sehra Kali Pewar', 5306),
(1077, 'Village Shakardara', 5307),
(1077, 'Village Shakh', 5308),
(1077, 'Village Shakh Daulat Khel', 5309),
(1077, 'Village Shalozan', 5310),
(1077, 'Village Shalozan Road Parachinar', 5311),
(1077, 'Village Shanai Sehra', 5312),
(1077, 'Village Sherma Khel', 5313),
(1077, 'Village Shidani Sehra', 5314),
(1077, 'Village Shingak', 5315),
(1077, 'village Shingak', 5316),
(1077, 'Village Shublan', 5317),
(1077, 'Village Sidara', 5318),
(1077, 'Village Spina Mela', 5319),
(1077, 'Village Sra Galla Yardah', 5320),
(1077, 'Village Sra Kanda', 5321),
(1077, 'Village sragalla', 5322),
(1077, 'Village Sultan', 5323),
(1077, 'Village Sultan Kanda', 5324),
(1077, 'Village Sultan Kanda', 5325),
(1077, 'Village Sursurang', 5326),
(1077, 'Village Taida', 5327),
(1077, 'Village Takai Zeran', 5328),
(1077, 'Village Tander', 5329),
(1077, 'Village Teremangal', 5330),
(1077, 'Village Terimangal', 5331),
(1077, 'Village Termangal', 5332),
(1077, 'Village Tola Zeran', 5333),
(1077, 'Village Toothmandata', 5334),
(1077, 'Village Uzba zeran', 5335),
(1077, 'Village Village Larzar', 5336),
(1077, 'Village Wacha Dara', 5337),
(1077, 'Village Yardah', 5338),
(1077, 'Village Yousaf Khel Zeran', 5339),
(1077, 'Village Zeran', 5340),
(1077, 'Villalge Kotki Mehdi Abad', 5341),
(1077, 'Villlage Karakhela', 5342),
(1077, 'Villlage Qubadshah Khel Zeran', 5343),
(1077, 'Villlage Shalozan', 5344),
(1077, 'West Parachinar City', 5345),
(1077, 'Yaquoobi', 5346),
(1077, 'Yousaf Khel', 5347),
(213, 'Adizai Guli Khel Taleb Khel Bhettani', 5348),
(213, 'Ali Khel', 5349),
(213, 'Ayub Khel Warmola', 5350),
(213, 'Azad Khel', 5351),
(213, 'Azad Khel FR Lakki', 5352),
(213, 'Chichandi', 5353),
(213, 'Farid Khel', 5354),
(213, 'Farid Khel Adizai', 5355),
(213, 'Farid Khel Bhettani', 5356),
(213, 'Gabbar Shadi Khel', 5357),
(213, 'Gaz Baba', 5358),
(213, 'Ghaza Khel Bhettani FR Lakki', 5359),
(213, 'Ghundi Hussain Khel', 5360),
(213, 'Guli Kaskai', 5361),
(213, 'Guli Khel', 5362),
(213, 'Guli Khel Bhettani', 5363),
(213, 'Hussain Khel', 5364),
(213, 'Hussain Khel Dabak', 5365),
(213, 'Khan Khel Kotka Adil Shah', 5366),
(213, 'Khan Khel Masti Khel', 5367),
(213, 'Kota Khawa FR Lakki', 5368),
(213, 'Kotka Amin Gul', 5369),
(213, 'Kotka Azad Khel FR Lakki', 5370),
(213, 'Kotka Fazal Khan Gaz Baba', 5371),
(213, 'Kotka Haji Mirak Khan', 5372),
(213, 'Kotka Sattar Bhettani', 5373),
(213, 'Madi Khel', 5374),
(213, 'Mangara Pa Khel', 5375),
(213, 'Maroof Khel Wargara Faqirano Koroona', 5376),
(213, 'Masti Khel', 5377),
(213, 'Masti Khel Dabak Sardar Khel Bhettani', 5378),
(213, 'Masti Khel FR Lakki', 5379),
(213, 'Pa Khel', 5380),
(213, 'Pa Khel Chiga Lar', 5381),
(213, 'Pa Khel Gaz Baba', 5382),
(213, 'Pa Khel Wateen', 5383),
(213, 'Ping Azad Khel', 5384),
(213, 'Rami Khel Tarkha', 5385),
(213, 'Rasool Khel', 5386),
(213, 'Sar Pa Khel Wateen', 5387),
(213, 'Sargara Muhammad Khan', 5388),
(213, 'Shadi Khel', 5389),
(213, 'Shadi Khel Gabbar FR Lakki', 5390),
(213, 'Shadi Khel Kara Khel', 5391),
(213, 'Shadi Khel P/O Tajori', 5392),
(213, 'Sra Ghundi', 5393),
(213, 'Sra Ghundi Khan Khel', 5394),
(213, 'Tajbi Khel', 5395),
(213, 'Tajbi Khel Bhettani', 5396),
(213, 'Tajbi Khel Chichandi', 5397),
(213, 'Tajbi Khel Hafiz Abad', 5398),
(213, 'Tajbi Khel Kotka Qureshan', 5399),
(213, 'Tatti Palosa Shadi Khel', 5400),
(213, 'Toor Gabbar Bagh Chiga Lar', 5401),
(213, 'Wara Tarai', 5402),
(213, 'Wargara Bangi Khan', 5403),
(213, 'Wargara FR Lakki', 5404),
(213, 'Wargara Kotka Bangi Khan', 5405),
(213, 'Wargara Saman Maroof Khel', 5406),
(213, 'Wargara Samman Maroof Khel Raghzi Killa', 5407),
(213, 'Wargara Sor Dag', 5408),
(213, 'Wargara Wacha Khola', 5409),
(60, 'Bakhmal Shah', 5410),
(60, 'Chargulai', 5411),
(60, 'Dara Khari No,1', 5412),
(60, 'Faiz Abad Ambar', 5413),
(60, 'Gumbatai Ambar', 5414),
(60, 'Had Kore Amabar', 5415),
(60, 'Kamangara', 5416),
(60, 'Kharai Dara', 5417),
(60, 'Kota Trap Ambar', 5418),
(60, 'Kota Trup', 5419),
(60, 'Loya Shah', 5420),
(60, 'Musa Kore', 5421),
(60, 'Olay Amabar', 5422),
(60, 'Olay Shah', 5423),
(60, 'Ora Kore Ambar', 5424),
(60, 'Pai Khan', 5425),
(60, 'Pampokha', 5426),
(60, 'Prikarai ambar', 5427),
(60, 'Sangar Ambar', 5428),
(60, 'Shati Maina Ambar', 5429),
(60, 'Soor tangi', 5430),
(101, 'Aba Kor', 5431),
(101, 'Abdul Kor', 5432),
(101, 'Adam Saz', 5433),
(101, 'Aman Wali', 5434),
(101, 'Ashraf Abad', 5435),
(101, 'Atam Killi', 5436),
(101, 'Atmar Khel', 5437),
(101, 'Badmani', 5438),
(101, 'Bagi Kore', 5439),
(101, 'Bahadar Killi', 5440),
(101, 'Bahai Dag Khwazai', 5441),
(101, 'Bahi Dag', 5442),
(101, 'Baizai Imdad Ullah', 5443),
(101, 'Bakhmal Shah Baizai', 5444),
(101, 'Baki Kore', 5445),
(101, 'Bar Chinari', 5446),
(101, 'Faqir Abad', 5447),
(101, 'Gat Warsak', 5448),
(101, 'Gat Warsak Khwaizai Nasim Kore', 5449),
(101, 'Gat Warsak Khwazai', 5450),
(101, 'Ghanam Shah', 5451),
(101, 'Ghanam Shah Musa Khel', 5452),
(101, 'Ghulai Ghanam Shah Musa Khel', 5453),
(101, 'Imdad Ullah Khwazai', 5454),
(101, 'Inzair Zahir', 5455),
(101, 'Jalal Kor Khwazai', 5456),
(101, 'Jalal Lor Khawazai', 5457),
(101, 'Juma Khel Khwazai', 5458),
(101, 'Kach Kool', 5459),
(101, 'Kaka Korre', 5460),
(101, 'Khadi Khel Laal Khan', 5461),
(101, 'Khali Kore Baizai', 5462),
(101, 'Khalo Dag', 5463),
(101, 'Khand Bakhmal Shah', 5464),
(101, 'Kung Farman Ullah Khwazai', 5465),
(101, 'Kuzo Kass Khawazai', 5466),
(101, 'Kuzo Kass Khwazai', 5467),
(101, 'Lakhkar Kalai', 5468),
(101, 'Malakana', 5469),
(101, 'Malik Jafar Musa Khel', 5470),
(101, 'Mamad Kor Khwazai', 5471),
(101, 'Manzari Cheena', 5472),
(101, 'Mariz Khan', 5473),
(101, 'Masti Kor', 5474),
(101, 'Mata Ghulam Baizai', 5475),
(101, 'Mazullah Khan Khwaizai', 5476),
(101, 'Mazullah Khan Killi', 5477),
(101, 'M-Bahadar Khan (Khwaizai) Zanawar Cheena', 5478),
(101, 'Metai Baizai', 5479),
(101, 'Mora Suran', 5480),
(101, 'Nazar Kor', 5481),
(101, 'Palosai', 5482),
(101, 'Qalagai Khawazai', 5483),
(101, 'Rahman Wali Khwazai', 5484),
(101, 'Sam Ghahai', 5485),
(101, 'Sara Khwa', 5486),
(101, 'Sara Khwa Baizai', 5487),
(101, 'Sara Khwa Zarif', 5488),
(101, 'Selai Baizai', 5489),
(101, 'Sham Shah Guno', 5490),
(101, 'Shamsai Baizai', 5491),
(101, 'Shandara Sana Khel', 5492),
(101, 'Soor Daag Khwai zai', 5493),
(101, 'Spiki Tangi Nadar', 5494),
(101, 'Suran Dara', 5495),
(101, 'Suran Dara Baizai', 5496),
(101, 'Toor Khel', 5497),
(101, 'Toota Khel Khwazai', 5498),
(101, 'Ucha Jawara Khwazai', 5499),
(101, 'Wacha Jawara', 5500),
(101, 'Yaqoob Khan Killi Baizai', 5501),
(101, 'Zabari Jowar Baizai', 5502),
(101, 'Zanawar Cheena (Gul Said )', 5503),
(101, 'Zore Kalai', 5504),
(101, 'Prang Ghan Khwazai', 5505),
(101, 'Zanawar Cheena', 5506),
(342, 'Afzal Kore', 5507),
(342, 'Aman Tabar', 5508),
(342, 'Aqil Kore', 5509),
(342, 'Aqil Kore Ekka Ghund', 5510),
(342, 'Aqrab Daag', 5511),
(342, 'Aqrab Dag', 5512),
(342, 'Aqrab Dag Hashmali Kore', 5513),
(342, 'Asil Khan Killi', 5514),
(342, 'Aslam Kore', 5515),
(342, 'Banglow', 5516),
(342, 'Banglow Ajab', 5517),
(342, 'Baz Mhammad Kore', 5518),
(342, 'Baz Muhammad', 5519),
(342, 'Baz Muhammad Kore', 5520),
(342, 'Bhai Kore', 5521),
(342, 'Dab Kor', 5522),
(342, 'Dab Kor Ekka Ghund', 5523),
(342, 'Dab Kore', 5524),
(342, 'Ekka Ghund', 5525),
(342, 'Ekka Ghund Rawal Kore', 5526),
(342, 'Ghami Kor', 5527),
(342, 'Ghami Kore', 5528),
(342, 'Ghulam Jan Kor', 5529),
(342, 'Gul Asghar Kor', 5530),
(342, 'Gul Bad Shah', 5531),
(342, 'Gurgurai', 5532),
(342, 'Hafiz Kore', 5533),
(342, 'Haleem Sheer Ekka Ghund', 5534),
(342, 'Haleem Sher', 5535),
(342, 'Haleem Sher Ekka Ghund', 5536),
(342, 'Halki Gandhab', 5537),
(342, 'Hastam Kore', 5538),
(342, 'Karirai', 5539),
(342, 'Karirai Ekka Ghund', 5540),
(342, 'Khan Sahib', 5541),
(342, 'Khatki Sharif', 5542),
(342, 'Khudak Kore', 5543),
(342, 'Konra Colony', 5544),
(342, 'Latif Kore', 5545),
(342, 'Liaqat Kore', 5546),
(342, 'Majar Habib Ullah', 5547),
(342, 'Major Habib Ullah', 5548),
(342, 'Malook Kore', 5549),
(342, 'Malook Kore Ekka Ghund', 5550),
(342, 'Mateen Kore', 5551),
(342, 'Muqadar Shah Ekka Ghund', 5552),
(342, 'Musim Kore Halki Ganhab', 5553),
(342, 'Muslim Kore', 5554),
(342, 'Naseem Kor', 5555),
(342, 'Noor Biland', 5556),
(342, 'Rahim Kore', 5557),
(342, 'Rawal Kor', 5558),
(342, 'Rawal Kore', 5559),
(342, 'Rustam Kor Ekka Ghund', 5560),
(342, 'Said Kamal Banglow', 5561),
(342, 'Said Shah Kore', 5562),
(342, 'Samanadar', 5563),
(342, 'Saparai', 5564),
(342, 'Saparai Ekka Ghund', 5565),
(342, 'Shaal Kore', 5566),
(342, 'Shah Alam Salai', 5567);
INSERT INTO `vcs` (`uc_id`, `vc_name`, `id`) VALUES
(342, 'Shah Alam Sali', 5568),
(342, 'Shaheed Banda Ekka Ghund', 5569),
(342, 'Shal Kore Ekka Ghund', 5570),
(342, 'Sher Din Kore', 5571),
(342, 'Sherano Kalai', 5572),
(342, 'Shno Ghundai', 5573),
(342, 'Siraj Kore Ekka Ghund', 5574),
(342, 'Sra Khpa Michanai', 5575),
(342, 'Sro Kalai', 5576),
(342, 'Sro Killi', 5577),
(342, 'Subhan Khwar', 5578),
(342, 'Subhan Khwar Shabqadar', 5579),
(342, 'Subkhan Khwar Shabqadar', 5580),
(342, 'Sur Bridge', 5581),
(342, 'Wadan Shah', 5582),
(342, 'Wali Said', 5583),
(342, 'Zarif Kore', 5584),
(342, 'Zarif Kore Rahmat Said', 5585),
(342, 'Zarif Kotre', 5586),
(342, 'Zarif Rahmat Said', 5587),
(342, 'Bhai Kore', 5588),
(342, 'Halki Gandahab', 5589),
(342, 'Shah Alam Sali', 5590),
(354, 'Akhunzadgan', 5591),
(354, 'Aslam Kore Baro Khel', 5592),
(354, 'Asmarai', 5593),
(354, 'Ato Khel', 5594),
(354, 'Babi Khel', 5595),
(354, 'Babi Khel Kamalai', 5596),
(354, 'Badsai', 5597),
(354, 'Badsai Halimzai Mohmand Aegncy', 5598),
(354, 'Baghi Shah Ato Khel', 5599),
(354, 'Baro Khel', 5600),
(354, 'Baro Khel Kamali', 5601),
(354, 'Busha Khel Kamali', 5602),
(354, 'Chanda Halimzai', 5603),
(354, 'Civil Colony Ghallanai', 5604),
(354, 'Daim Kor Ghazi Baig', 5605),
(354, 'Dara Gandhab', 5606),
(354, 'Darra Gandhab', 5607),
(354, 'Dawai Khan Babi Khel', 5608),
(354, 'Dawat Kor', 5609),
(354, 'Dawat Kore', 5610),
(354, 'Dilawar Ghallanai', 5611),
(354, 'Duran Ghazi Baig', 5612),
(354, 'Durba Khel Halimzai', 5613),
(354, 'Elan Killi', 5614),
(354, 'Ghaljee Killi', 5615),
(354, 'Ghallanai Civil Colony', 5616),
(354, 'Ghallanai Navi Killi', 5617),
(354, 'Ghazai Baig', 5618),
(354, 'Ghazi Baig', 5619),
(354, 'Ghunda Khel Ghallanai', 5620),
(354, 'Gula jan Mian Mandi', 5621),
(354, 'Haji Yar Jan Killi', 5622),
(354, 'Haji Yar Jan Killi Ghazi Kor', 5623),
(354, 'Haji Yar Jan Killi Halimzai', 5624),
(354, 'Hameed Khan Killi', 5625),
(354, 'Hameed Khan Kore', 5626),
(354, 'Hamid Khan Killi Mohmand Aency', 5627),
(354, 'Hamid Khan Killi', 5628),
(354, 'Hazrat Jan Kor Baro Khel', 5629),
(354, 'Ingar Killi', 5630),
(354, 'Irfan Kor Ghazi Kor', 5631),
(354, 'Jalat Kor Ghallanai', 5632),
(354, 'Jan Muhammad', 5633),
(354, 'Kadi Ghallanai', 5634),
(354, 'Kamalai Munda Khel', 5635),
(354, 'Kasai mandi Halimzai Mohmand Aegncy', 5636),
(354, 'Kashmir Kor Yousaf Khel', 5637),
(354, 'Kashmir Kore', 5638),
(354, 'Katar Wali Baig Halimzai', 5639),
(354, 'Katasar', 5640),
(354, 'Khail Jan Ato Khel', 5641),
(354, 'Khalil Babi Khel', 5642),
(354, 'Khan Muhammad Kore', 5643),
(354, 'Khuram Cheena', 5644),
(354, 'Khuram Cheena Sultan Khel', 5645),
(354, 'Kuz Kadi', 5646),
(354, 'Main Mandi', 5647),
(354, 'Mian Jan Baro Khel', 5648),
(354, 'Mian Mandi', 5649),
(354, 'Mian Mandi Gandhab', 5650),
(354, 'Momin Abad Ghazi Baig', 5651),
(354, 'Mozi Kor', 5652),
(354, 'Muambar Killi', 5653),
(354, 'Munda kHel', 5654),
(354, 'Musafar Killi', 5655),
(354, 'Musafer kalai', 5656),
(354, 'Musha Khel Kamali', 5657),
(354, 'Nadar Baro Khel', 5658),
(354, 'Naeem Kore', 5659),
(354, 'Nahaqai', 5660),
(354, 'Nahaqi Ghazi Baig', 5661),
(354, 'Nasapai', 5662),
(354, 'Nasrat Kore Halimzai Baro Khel', 5663),
(354, 'Navi Killi Gandhab', 5664),
(354, 'Prata', 5665),
(354, 'Qaldara', 5666),
(354, 'Qari Killi', 5667),
(354, 'Rahat Kor Baro Khel', 5668),
(354, 'Sabz Ali Baro Khel', 5669),
(354, 'Sahib dad Nahaqi', 5670),
(354, 'Said Kamal Ghallanai', 5671),
(354, 'Samad Kor Ghallanai', 5672),
(354, 'Sanak Kore Ghazi Baig', 5673),
(354, 'Sangar', 5674),
(354, 'Sangar Nadar Kore', 5675),
(354, 'Shah Baig Ghazi Baig', 5676),
(354, 'Shani Khel', 5677),
(354, 'Shani Khel Gandahab Halimzai ', 5678),
(354, 'Shati Kore', 5679),
(354, 'Soor Dagi', 5680),
(354, 'Sultan Khel', 5681),
(354, 'Sultan Khel Nasapi', 5682),
(354, 'Ucha Jawara', 5683),
(354, 'Uchka Sultan Khel', 5684),
(354, 'Umat Khan', 5685),
(354, 'Umat Khan Killi Katasar', 5686),
(354, 'Wadan Kor Ghallanai', 5687),
(354, 'Wazir Kalai', 5688),
(354, 'Wazir Killi', 5689),
(354, 'Yousaf Khel', 5690),
(354, 'Yousaf Khel Kamali', 5691),
(354, 'Yousaf khel Mumtaz', 5692),
(354, 'Zafar Killi', 5693),
(354, 'Zafar Killi Halimzai', 5694),
(354, 'Ato Khel', 5695),
(354, 'Mata  Kore', 5696),
(567, 'Abdul Baqi', 5697),
(567, 'Abdul Hanan Lakarai', 5698),
(567, 'Abdul Jabar Village', 5699),
(567, 'Adam Kamal Khel', 5700),
(567, 'Adin Khel', 5701),
(567, 'Adin Khel Zargar', 5702),
(567, 'Ahmad Kore', 5703),
(567, 'Akram Baig Kore', 5704),
(567, 'Ali zaman Kore', 5705),
(567, 'Alingar', 5706),
(567, 'Amarai Kor', 5707),
(567, 'Amrai Kor', 5708),
(567, 'Amrai Kore', 5709),
(567, 'Ara Kore Safi', 5710),
(567, 'Aslam Kore', 5711),
(567, 'Aslam Kore Safi', 5712),
(567, 'Atham Khel Safi', 5713),
(567, 'Azeem Kor Safi', 5714),
(567, 'Azeem Kore', 5715),
(567, 'Azeem Kore Safi', 5716),
(567, 'Bacha Kandaw', 5717),
(567, 'Bacha Masood', 5718),
(567, 'Bakhmal Shah', 5719),
(567, 'Banda Safi', 5720),
(567, 'Chamarkand', 5721),
(567, 'Chinarai', 5722),
(567, 'Chinari', 5723),
(567, 'Daag Mula', 5724),
(567, 'Daag Mula Safi Tehsil', 5725),
(567, 'Daag Mula Tehsil Safi', 5726),
(567, 'Dawai Khan Safi', 5727),
(567, 'Gagaizai', 5728),
(567, 'Gagizai', 5729),
(567, 'Gariba Gurbaz', 5730),
(567, 'Ghulam Habib', 5731),
(567, 'Gongat Johar', 5732),
(567, 'Gul Baz Safi', 5733),
(567, 'Gurbaz Safi', 5734),
(567, 'Habib zai', 5735),
(567, 'Hasan Khel', 5736),
(567, 'Hawara Gurbaz', 5737),
(567, 'Itbar Khan Killi', 5738),
(567, 'Janda', 5739),
(567, 'Janda Masood', 5740),
(567, 'Juma Khan Safi', 5741),
(567, 'Kalim Kor Mamad Gat', 5742),
(567, 'Kamal Khel', 5743),
(567, 'KARIR', 5744),
(567, 'Karir Habibzai', 5745),
(567, 'Karir Musaf', 5746),
(567, 'Khair Jan Killi', 5747),
(567, 'Khazena Masood', 5748),
(567, 'Khazina Masud', 5749),
(567, 'Khushhal Kore', 5750),
(567, 'kog Pand', 5751),
(567, 'Kog Pand Lakarai', 5752),
(567, 'Lakarai', 5753),
(567, 'Lakarai Safi', 5754),
(567, 'Mansoor Kor', 5755),
(567, 'Qalagai', 5756),
(567, 'Qalagai Safi', 5757),
(567, 'Qamar Din', 5758),
(567, 'Qandarai', 5759),
(567, 'Rahim Kor', 5760),
(567, 'Safi', 5761),
(567, 'Sagi', 5762),
(567, 'Sagi Bala', 5763),
(567, 'Sagi Bala Lakarai', 5764),
(567, 'Sagi Payan Lakarai', 5765),
(567, 'Said Khan Kor', 5766),
(567, 'Said Khan Kore', 5767),
(567, 'Said Rahman Gurbaz', 5768),
(567, 'Sandu Khel', 5769),
(567, 'Shah Alam Khel Safi', 5770),
(567, 'Sharab Kore', 5771),
(567, 'Shawa Farsh', 5772),
(567, 'sheikh baba', 5773),
(567, 'Shewa Farsh', 5774),
(567, 'Taraki Tangi', 5775),
(567, 'Toor Kore', 5776),
(567, 'Tore Koor', 5777),
(567, 'Turangzai Bab Jee', 5778),
(567, 'Wali Kor Yousaf Khan', 5779),
(567, 'Wali Kore', 5780),
(567, 'Zarat Masood', 5781),
(567, 'Abdullah Jan', 5782),
(567, 'Fazli Akbar', 5783),
(567, 'Wali jan Kore', 5784),
(791, 'Ahmadi Kore Pandilai', 5785),
(791, 'AHMADI KOR', 5786),
(791, 'ARANDAI Kasorai Tamanzai', 5787),
(791, 'Asal Khan Killi', 5788),
(791, 'BANO KHEL', 5789),
(791, 'Bira Shah Kashmali', 5790),
(791, 'Brangola', 5791),
(791, 'BURKHAN KHEL ROZI KHAN', 5792),
(791, 'chapoor kali', 5793),
(791, 'Dag tamanzai meral kor', 5794),
(791, 'Daryab Korona Tehsil Pandilai', 5795),
(791, 'Dawizai Rahmat Ullah', 5796),
(791, 'Dhand Ekka Ghund', 5797),
(791, 'Esa khel Kasam kor', 5798),
(791, 'Garang', 5799),
(791, 'Garang Pandilai', 5800),
(791, 'Gardai', 5801),
(791, 'HAJI KHAN WALI DAG TAMANZAI', 5802),
(791, 'Hasham Kore', 5803),
(791, 'Hayati Kore', 5804),
(791, 'Ismail Kor', 5805),
(791, 'Ismail Sher Kore', 5806),
(791, 'KAHI MIANGAN', 5807),
(791, 'KAISAM KOR', 5808),
(791, 'KAM KOR', 5809),
(791, 'KARAM KOR', 5810),
(791, 'KHADI KHEL DANISHKOL', 5811),
(791, 'khaista kor', 5812),
(791, 'Lachi Mansoor Khel', 5813),
(791, 'loya shah', 5814),
(791, 'MAMO KOR', 5815),
(791, 'MAMO KORE Kandi Issa Khel', 5816),
(791, 'Marai Kore', 5817),
(791, 'Nasafai', 5818),
(791, 'pandiali', 5819),
(791, 'pardis kor danish kol', 5820),
(791, 'QALA KALLI Danish Kool', 5821),
(791, 'QASIM TABAR', 5822),
(791, 'Qazyan', 5823),
(791, 'Rawaili Kore Pandilai', 5824),
(791, 'SAF KHAN KOR', 5825),
(791, 'Shahbaz Kore', 5826),
(791, 'Shaheed Banda', 5827),
(791, 'Shin Sari', 5828),
(791, 'Soundara', 5829),
(791, 'Sra Shaha Gulab Jan', 5830),
(791, 'Suhbat Dawezai', 5831),
(791, 'Surkha Kor Pandilai', 5832),
(791, 'Surkha Kore PANDIALI', 5833),
(791, 'SURKHA KRAPA', 5834),
(791, 'Taj Muhammad Dawazai', 5835),
(791, 'Toora Garai', 5836),
(791, 'Tora Garai Tamanzai', 5837),
(791, 'Village sikander khel', 5838),
(791, 'Yakh Dand Tamanzai', 5839),
(791, 'yakh dhand', 5840),
(809, 'Khra Shah', 5841),
(809, 'Navey Dhand', 5842),
(809, 'Ajab Kor', 5843),
(809, 'Asghar Kali', 5844),
(809, 'Asghar Killi', 5845),
(809, 'Bocha Prang Ghar', 5846),
(809, 'Dev Dehri', 5847),
(809, 'Dev Dhreai', 5848),
(809, 'Khadi Kass`', 5849),
(809, 'Khan Badshah', 5850),
(809, 'Kirra Zardin Kore', 5851),
(809, 'Kirrha No1 Prang Ghar', 5852),
(809, 'Kirrha Prang Ghar', 5853),
(809, 'Manori', 5854),
(809, 'Munda Saparai', 5855),
(809, 'Nao Kalai', 5856),
(809, 'Nao Killi', 5857),
(809, 'Nari Killi', 5858),
(809, 'Nari Killi Prang Ghar', 5859),
(809, 'Navi Killi', 5860),
(809, 'Navi Killi Prang Ghar', 5861),
(809, 'Palo Jour Prang Ghar', 5862),
(809, 'Prang Ghar', 5863),
(809, 'Prang Ghar Chowk', 5864),
(809, 'Prang Ghar Karkanra', 5865),
(809, 'Samad Kore', 5866),
(809, 'Samad Kore Fiaz Muhammad', 5867),
(809, 'Serai Prang Ghar', 5868),
(809, 'Shewa Garhi', 5869),
(809, 'Spina Khawra', 5870),
(809, 'Spina Khwara', 5871),
(809, 'Sra Shah', 5872),
(809, 'Sra Shah Prang Ghar', 5873),
(809, 'Sro Shaheed', 5874),
(809, 'Tarakai', 5875),
(809, 'Toor Zerak', 5876),
(809, 'Yousaf baba', 5877),
(809, 'Ziarat Prang Ghar', 5878),
(322, 'Barakat Khan Kot Land Mohammad Khel Datta Khel', 5879),
(322, 'Bilawar Kot Land Mohammad Khel Datta Khel', 5880),
(322, 'Boya Datta Khel', 5881),
(322, 'Boya Tehsil Datta Khel', 5882),
(322, 'Dari Wasta Khadar Khel Datta Khel', 5883),
(322, 'Datta khel', 5884),
(322, 'Datta Khel Teshsil Datta Khel', 5885),
(322, 'Degan Tehsil Datta Khel', 5886),
(322, 'Ghazlama Peran', 5887),
(322, 'Ghzlama Peran', 5888),
(322, 'Godi Walla Tehsil Datta Khel', 5889),
(322, 'GPS Assar Mada khel Tehsil Datta khel', 5890),
(322, 'Idal Khel Datta Khel', 5891),
(322, 'Kani Rogha Manzar Khel Datta Khel', 5892),
(322, 'Kani Rogha Manzar Khel Tehsil Datta Khel', 5893),
(322, 'Khadar Khel Datta Khel', 5894),
(322, 'Khadar Khel Tehsil Datta Khel', 5895),
(322, 'Khaddar Khel Datta Khel', 5896),
(322, 'Kharsin Datta Khel', 5897),
(322, 'Kvillage Mami Rogha Manzar Khel Datta Khel', 5898),
(322, 'Lais Khan Kot Khadar Khel Datta Khel', 5899),
(322, 'Land Char Khel Tehsil Datta Khel', 5900),
(322, 'Land Mohammad Khel Datta Khel', 5901),
(322, 'Land Mohammad Khel Tehsil Datta Khel', 5902),
(322, 'Land Tehsil Datta Khel', 5903),
(322, 'Landl Syed abad', 5904),
(322, 'Lwarga Manzar Khel Datta Khel', 5905),
(322, 'Lwarga Manzar Khel Tehsil Datta Khel', 5906),
(322, 'Mamai Rogha Manzar Khel', 5907),
(322, 'Mamai Rogha Manzar Khel Datta Khel', 5908),
(322, 'Mami Rogha Manzar Khel Datta Khel', 5909),
(322, 'mami Rogha Manzar Khel Qalandar Khel', 5910),
(322, 'Manay Kala Teeth Narai Manzar Khel Datta Khel', 5911),
(322, 'Manzar Khel Tehsil', 5912),
(322, 'Minazar Kot Mohammad Khel Datta Khel', 5913),
(322, 'Mohammad Khel Datta Khel', 5914),
(322, 'Mohammad Khel Datta Khel Phone NO. 314079', 5915),
(322, 'Mohammad Khel Tehsil Datta Khel', 5916),
(322, 'Nek Daraz Kot Mohammad Khel Datta Khel', 5917),
(322, 'Pai Khel', 5918),
(322, 'Pakki Killa Tehsil Datta Khel', 5919),
(322, 'Payo Lal Kot Land Datta Khel', 5920),
(322, 'Pir Saman Kot village Mohammad Khel Datta Khel', 5921),
(322, 'Said Amir Khan Kot Sherani Mada Khel Datta Khel', 5922),
(322, 'Teet Narai Manzar Khel Datta Khel', 5923),
(322, 'Teeth Narai Manzar Khel Datta Khel', 5924),
(322, 'Teetki Narai Manzar Khel Datta Khel', 5925),
(322, 'Usman Kot Land Mohammad Khel Tehsil Data Khel', 5926),
(322, 'Vilaage Pir Samand Mohd Khel Datta khel', 5927),
(322, 'Vill: Alwara Kazza Mada khel tehsil Datta Khel', 5928),
(322, 'Vill: Degan Tehsil Boya', 5929),
(322, 'Vill: Gur gushti Maizer Mada Khel The: & P/O Datta Khel', 5930),
(322, 'Vill: Macha mada khel Maizer Tehsil Datta Khel', 5931),
(322, 'Vill: Sherani Mada khel Tehsil Datta Khel', 5932),
(322, 'Vill: Sroom Macha Mada khel', 5933),
(322, 'Village  Pai Khel Datta Khel', 5934),
(322, 'Village Bara Khuzai Khadar Khel', 5935),
(322, 'Village Boya Daur', 5936),
(322, 'Village Chashma Khadar Khel Datta Khel', 5937),
(322, 'Village Datta Khel Tehsil Datta khel', 5938),
(322, 'Village Degan Datta Khel', 5939),
(322, 'Village Doga Mada Khel Datta Khel', 5940),
(322, 'Village Ghazlama', 5941),
(322, 'Village Ghazlama Tehsil Datta Khel', 5942),
(322, 'Village Ghazlama Tehsil Datta Khwl', 5943),
(322, 'Village Idal Khel Daur', 5944),
(322, 'Village Idal Khel Tehsil Datta Khel', 5945),
(322, 'Village Idar Khel Tehsil Datta Khel', 5946),
(322, 'Village Jamal Khel Tehsil Datta Khel', 5947),
(322, 'Village Kani rugha Manzer Khel Datta Khel', 5948),
(322, 'Village Khadar Khel', 5949),
(322, 'Village Khadar Khel Datta Khel', 5950),
(322, 'Village Khadar Khel Tehsil Datta Khel', 5951),
(322, 'Village Khader Khel Tehsil Datta Khel', 5952),
(322, 'Village Lakey Narai Inzar Kass Tehsil Datta Khel', 5953),
(322, 'Village Land  Turka Khel Sherin Zeb Kot', 5954),
(322, 'Village Land Mohammad Khel Datta Khel', 5955),
(322, 'Village Land Mohammad khel Tehsil Datta khel', 5956),
(322, 'Village Land Syed Abad Tehsil Datta Khel', 5957),
(322, 'Village Lattaka Macha Mada Khel Tehsil Datta Khel', 5958),
(322, 'Village Macha Mada Khel Datt Khel', 5959),
(322, 'Village Mada Khel Tehsil Datta Khel', 5960),
(322, 'Village Mamam Ziarat Datta Khel', 5961),
(322, 'Village Mami Rogha Manzar Khel Datta Khel', 5962),
(322, 'Village Mami Rugha Manzer Khel Datta Khel', 5963),
(322, 'Village Mohammad Khel', 5964),
(322, 'Village Mohammad Khel  Datta Khel', 5965),
(322, 'Village Mohammad Khel Datta Khel', 5966),
(322, 'Village Mohammad Khel Tehsil Datta Khel', 5967),
(322, 'Village Mohd Khel Tehsil Datta Khel', 5968),
(322, 'Village Muhammad Khel Tehsil Datta Khel', 5969),
(322, 'Village Pai Khel Datta Khel', 5970),
(322, 'Village Pai Khel Tehsil Datta Khel', 5971),
(322, 'Village Sherani Mada Khel Tehsil Datta Khel', 5972),
(322, 'Village Sherani Madda Khel Tehsil Datta Khel', 5973),
(322, 'Village Small Khel Tehsil Datta Khel', 5974),
(322, 'Village Taudebi  Datta Khel', 5975),
(322, 'Village Tith Narai Manzer Khel Tehsil Datta Khel', 5976),
(322, 'Villahe Mami Rugha Manzer Khel', 5977),
(322, 'Villand Char Khel', 5978),
(322, 'Villge Manzar Khel Tehsil Datta Khel', 5979),
(322, 'Maizar mada Khel Tehsil Datta Khel', 5980),
(333, 'Asad Khel Dossali', 5981),
(333, 'Dossali Village', 5982),
(333, 'Gardi Rogha Dirdooni', 5983),
(333, 'Kohe Pari Dirdooni', 5984),
(333, 'Lake Asad Khel Nizam Kot', 5985),
(333, 'Mandey Khel Dossali', 5986),
(333, 'Manzar Gai Dossali', 5987),
(333, 'Musaki Dissali', 5988),
(333, 'Nasir Kot Vilage Dossali', 5989),
(333, 'Salim Abad Dossali Fort  Dirdooni', 5990),
(333, 'Tamray Oba Dir Dooni', 5991),
(333, 'Vilage Bobali Tehsil Dossali', 5992),
(333, 'Vilagge Kohe Pari Dirdooni', 5993),
(333, 'Villag Dossali', 5994),
(333, 'Villag Star Saroobi Diridooni', 5995),
(333, 'Village Asad Khel', 5996),
(333, 'Village Asad Khel Damdil Dossali', 5997),
(333, 'Village Asad Khel Zerna Jan Kot', 5998),
(333, 'Village Bobali Tangari Tehsil Dossali', 5999),
(333, 'Village Bobali Toori Khel Dossali', 6000),
(333, 'Village Damdil Tehsil Dossali', 6001),
(333, 'Village Dossali', 6002),
(333, 'Village Dossali Tehsil Dossali', 6003),
(333, 'Village Gardi Rogha Tehsil Dossali', 6004),
(333, 'Village Jamal Khel Dirdooni', 6005),
(333, 'Village Kohe Pari', 6006),
(333, 'Village Kohe Pari Dirdooni', 6007),
(333, 'Village Laky Asad Khel', 6008),
(333, 'Village Mande Khel Dossali', 6009),
(333, 'Village Mande Khel Tehsil Doosali', 6010),
(333, 'Village Mandey Khel Dossali', 6011),
(333, 'Village Mandi Khel Tehsil Dossali', 6012),
(333, 'Village Mandy Khel Tehsil Dossali', 6013),
(333, 'Village Milawgi', 6014),
(333, 'Village Musaki', 6015),
(333, 'Village Musaki Dossali', 6016),
(333, 'Village Paryat Asad Khel', 6017),
(333, 'Village Paryat Dirdooni', 6018),
(333, 'Village Paryat Razoni Tehsil Dossali', 6019),
(333, 'Village Paryat Tehsil Dossali', 6020),
(333, 'Village Razooni Dossali', 6021),
(333, 'Village Razooni Paryat Dossali', 6022),
(333, 'Village Saroobi Dirdooni', 6023),
(333, 'Village Spin Khora Bora Khel Tehsil Dossali', 6024),
(333, 'Village Spin Kwara Bora Khel', 6025),
(333, 'Village Star Saroobi Dirdooni', 6026),
(333, 'Village Star Saroobi Tehsil Dossali', 6027),
(333, 'Village Star Sarrobi Dirdooni', 6028),
(333, 'Village Tamray Oba', 6029),
(333, 'Village Tangari Toori khel Khaisoor Tehsil Dossali', 6030),
(333, 'Village Zebi Killa', 6031),
(333, 'Wache Faqiran Dossali', 6032),
(333, 'Wara Dossali', 6033),
(353, 'Bora Khel Gul Zarey Garyum', 6034),
(353, 'Kaka Khel Garyum Toori Khel', 6035),
(353, 'Muhammad Amin Kot Garyum Bobali', 6036),
(353, 'Qutab khan Kot Garyum', 6037),
(353, 'Shah Mehmood Kot Garyum Toori Khel', 6038),
(353, 'Shwalai Garyum', 6039),
(353, 'Village Bobali Toori Khel Garyum', 6040),
(353, 'Village Garyum', 6041),
(353, 'Village Garyum Toori khel', 6042),
(353, 'Village Nasrullah Kot Toori Khel Garyum', 6043),
(353, 'Village Panga Sham Kaka Khel Garyum', 6044),
(353, 'Village Righa Budar Garyum Toori Khel', 6045),
(353, 'Village Shaktooi Madi Khel Toori Khel', 6046),
(353, 'Wala Din Kot Garyum Toori Khel', 6047),
(363, 'Dewgar Saidgi Ghulam Khan', 6048),
(363, 'Dirdooni Ghulam Khan', 6049),
(363, 'Gagali Tabbi Tehsil Ghulam Khan', 6050),
(363, 'Loli Faqiran Saidgi Ghulam Khan', 6051),
(363, 'Muqtada Kot Tabi Tool Khan Ghulam Khan', 6052),
(363, 'Tabbi Toll Khel', 6053),
(363, 'Tabi Warikai Tehsil Ghulam Khan', 6054),
(363, 'Vill: Dandey Dirdooni Tehsil Ghulam Khan', 6055),
(363, 'Villag Ghulam Khan Tehsil GhulamKhan', 6056),
(363, 'Villag Sadgi Tehsil Ghulam Khan', 6057),
(363, 'Village Dandy Saidgi Tehsil Ghulam khan', 6058),
(363, 'Village Sadgi Tehsil Ghulam Khan', 6059),
(363, 'Village Saidgi Tehsil Ghulam Khan', 6060),
(363, 'Village Tabbi Bora Khel Tehsil Ghulam Khan', 6061),
(363, 'Village Tabbi Ghulam Khan', 6062),
(701, 'Dalil Khel', 6063),
(701, 'Eidak Mirali', 6064),
(701, 'GPS Abdul Salam Kot Haider Khel', 6065),
(701, 'Haider Khel', 6066),
(701, 'Haider Khel Tehsil Mirali NWA', 6067),
(701, 'Haider Khel Zeshan Kot', 6068),
(701, 'Hasso Khel Mirali', 6069),
(701, 'Hassu Khel Tehsil Mirali', 6070),
(701, 'Hurmaz Mirali', 6071),
(701, 'Hurmaz', 6072),
(701, 'Ippi', 6073),
(701, 'Jahangir Kot  village Haidar Khel Mirali', 6074),
(701, 'Khashir Khel Mirali', 6075),
(701, 'Khushali', 6076),
(701, 'Khushali Kashmir Khel', 6077),
(701, 'Khushali Kashmir Khel Mirali', 6078),
(701, 'Machi Khel', 6079),
(701, 'Mama Khel Khushali Mirali', 6080),
(701, 'Mirali Camp Mirali', 6081),
(701, 'Mirali Wazir Abad', 6082),
(701, 'Mohammad Daraz Kot Khushali Kashmir Khel  Mirali', 6083),
(701, 'Mohd Azam Kot Zerini Teh:  & P/O Mirali Khaisoor', 6084),
(701, 'Musaki', 6085),
(701, 'Musaki Tehsil Mirali', 6086),
(701, 'Mussaki Village Daur Mirali', 6087),
(701, 'Naurak Marci Khel', 6088),
(701, 'Nawana Kili Khel Tehsil Mirali', 6089),
(701, 'Nawana Kule Khel', 6090),
(701, 'Netasi Sher Mohammad Kot  Khushali Mirali', 6091),
(701, 'Saba Khon Netasi  Mama Khel Khushali Mirali', 6092),
(701, 'Shadi Khan Kot Village Baro Khel  Mirali', 6093),
(701, 'Shahi Khel  Khushali Mirali', 6094),
(701, 'Shami Khe Khaisur  Mirali', 6095),
(701, 'Sheratala Tehsil Mirali', 6096),
(701, 'Shogi Ali Khel Khaisoor', 6097),
(701, 'Tehsil Mirali Mussaki', 6098),
(701, 'Viilage Ali Khel Toori Khel Khaisoor Tehsil Mirali', 6099),
(701, 'Vilagge Marci Khel Naurak', 6100),
(701, 'Villag Ali Khel', 6101),
(701, 'Villag Ali Khel Khaisoor', 6102),
(701, 'Villag Issori Patasi Ada Mirali', 6103),
(701, 'Villag Palasin Marci Khel Naurak', 6104),
(701, 'Villag Sheratalla', 6105),
(701, 'Village  Khushali', 6106),
(701, 'Village Abdi Khel Khaisur  Mirali', 6107),
(701, 'Village Ali Khaisoor', 6108),
(701, 'Village Ali Khel Khaisoor', 6109),
(701, 'Village Ali Khel Khaisoor Toori  Khel', 6110),
(701, 'Village Ali Khel Khaisur Mirali', 6111),
(701, 'Village Ali Khel Toori Khel Kahisoor Tehsil Mirali', 6112),
(701, 'Village Ayaz Kot Khshali toori khel', 6113),
(701, 'Village Baro khel', 6114),
(701, 'Village Baro Khel Tehsil Mirali', 6115),
(701, 'Village Dakai Khula Mirali', 6116),
(701, 'Village Dakay Khula Mirali', 6117),
(701, 'Village Dauli Khel Ali Khel Khaisoor', 6118),
(701, 'Village Eidak', 6119),
(701, 'Village Eidak Dawar', 6120),
(701, 'Village Eidak Dawar Mirali', 6121),
(701, 'Village Eidak Tehsil Mirali', 6122),
(701, 'village Eppi tehsil Mirali', 6123),
(701, 'village Haidar Khel  Mirali', 6124),
(701, 'Village Haidar Khel Mirali', 6125),
(701, 'Village Haidar Khel Tehsil Mirali', 6126),
(701, 'Village Haider Khel Dawar', 6127),
(701, 'Village Haider Khel North Waziristan', 6128),
(701, 'Village Haider Khel Tehsil Mirali', 6129),
(701, 'Village Hakim Khel Mubarik Shai', 6130),
(701, 'Village Hakim Khel Zoni Khel', 6131),
(701, 'Village Hasso Khel Tehsil Mirali', 6132),
(701, 'Village Hassu Khel Dawar Mirali', 6133),
(701, 'Village Hassu Khel Mirali', 6134),
(701, 'Village Hurmaz  Mirali', 6135),
(701, 'Village Hurmaz Dawar Mirali', 6136),
(701, 'Village Hurmaz Mirali', 6137),
(701, 'Village Hurmaz Tehsil Mirali', 6138),
(701, 'village hurmaz Tehsil Mirali', 6139),
(701, 'Village Iddak', 6140),
(701, 'Village Iddak Mirali', 6141),
(701, 'Village Iddak Tehsil Mirali', 6142),
(701, 'Village Ikam Khel Mirali', 6143),
(701, 'Village Imarki Killa Tehsil Mirali', 6144),
(701, 'Village Ippi Mirali', 6145),
(701, 'Village Isha Piran', 6146),
(701, 'Village Issori Patassi Ada', 6147),
(701, 'Village Jalira Zakar Khe Khaisur  Mirali', 6148),
(701, 'Village Kajoori Madi Khel', 6149),
(701, 'Village Kajoori Zakar Khel Mirali', 6150),
(701, 'Village Kankar Wam  Mirali', 6151),
(701, 'Village Karam koot Bora Khel', 6152),
(701, 'Village Karam Kot Bora Khel', 6153),
(701, 'Village Karkanry Khaisoor', 6154),
(701, 'Village Karken Wam Khaisur Mirali', 6155),
(701, 'Village Karken Wam Mirali', 6156),
(701, 'Village Kashmir Khel Khushali Mirali', 6157),
(701, 'Village Khaddi', 6158),
(701, 'Village Khaddi Mirali', 6159),
(701, 'Village Khaddi New Abadi', 6160),
(701, 'Village Khaddi Tehsil Mirali', 6161),
(701, 'Village Khaddi Tochi Par', 6162),
(701, 'Village Khadi', 6163),
(701, 'Village Khadi Tehsil Mirali', 6164),
(701, 'Village Khadii Tehsil Mirali', 6165),
(701, 'village Khadri Mirali', 6166),
(701, 'Village Khaisoor', 6167),
(701, 'Village Khaisur Mirali', 6168),
(701, 'Village Khaisur Tehsil Mirali', 6169),
(701, 'village Khushali', 6170),
(701, 'Village Khushali Mirali', 6171),
(701, 'Village Khushali Tehsil Mirali', 6172),
(701, 'Village Khushali Toori Khel', 6173),
(701, 'Village Kika Khel Khushali  Mirali', 6174),
(701, 'Village Kirkanwam Khaisoor', 6175),
(701, 'Village Machi Khel  Mirali', 6176),
(701, 'Village Machi Khel Tehsil Mirali', 6177),
(701, 'Village Madi Khel Shera tala Tehsil Mirali', 6178),
(701, 'Village Madi Khel Sheratalla', 6179),
(701, 'Village Madi Khel Tehsil  Mirali', 6180),
(701, 'Village Mamadi', 6181),
(701, 'Village Mamadi Tehsil & P/O Mirali', 6182),
(701, 'Village Marci khel Bora Khel Naurak', 6183),
(701, 'Village Marci Khel Naurak', 6184),
(701, 'Village Marci Khel Naurak Tehsil Mirali', 6185),
(701, 'Village Miralai Tehsil Mirali', 6186),
(701, 'Village Mirali Badar Khel Tehsil Mirali', 6187),
(701, 'Village Mirali Tehsil  Mirali', 6188),
(701, 'Village Mubarak Shahi', 6189),
(701, 'Village Mubarashahi', 6190),
(701, 'Village Mubarik Shahi', 6191),
(701, 'Village Mubarik Shahi Tehsil Mirali', 6192),
(701, 'Village Mulagan Tehsil Mirali', 6193),
(701, 'Village Musaki Mirali  Mirali', 6194),
(701, 'Village Musaki Tehsil Mirali', 6195),
(701, 'Village Nanawana Quli Khel Tehsil Mirali', 6196),
(701, 'Village Naurak Bora Khel Tehsil Mirali', 6197),
(701, 'Village Naurak Marci Khel', 6198),
(701, 'Village Naurak Marci Khel Tehsil Mirali', 6199),
(701, 'Village Naurak Urmar', 6200),
(701, 'Village Nawana Quli Khel Mirali', 6201),
(701, 'Village Nazam Khel  Ali Khel Khaisoor Mirali', 6202),
(701, 'Village Nazam Khel Ali Khel', 6203),
(701, 'Village Nazam Khel Ali Khel Khaisoor', 6204),
(701, 'Village Nazam Khel Ali Khel Khaisur Mirali', 6205),
(701, 'Village Nowrak Marci Khel Mirali', 6206),
(701, 'Village Rafi Gul Kot Tehsil Mirali', 6207),
(701, 'Village Shera Talla Tehsil Mirali', 6208),
(701, 'Village Sheratal Tehsil Mirali', 6209),
(701, 'Village Sheratalla', 6210),
(701, 'Village Sheratalla Toori khel', 6211),
(701, 'VillAGE Shogi Ali Khel Khaisoor', 6212),
(701, 'Village Siman Mirali', 6213),
(701, 'Village Tangari Khaisoor', 6214),
(701, 'Village Tangari Khaisoor Mirali', 6215),
(701, 'Village Wary Mirali', 6216),
(701, 'Village Zarini Khaisoor', 6217),
(701, 'Village Zeraki', 6218),
(701, 'Village Zeraki Daur', 6219),
(701, 'Village Zeraki Daur Mirali', 6220),
(701, 'Village Zeraki Tehsil Mirali', 6221),
(701, 'Village Zerini Khaisoor Tehsil Mirali', 6222),
(701, 'Village Zernini Khaisur  Mirali', 6223),
(701, 'Village Zernini Khaisur Mirali', 6224),
(701, 'Villagew Khadi', 6225),
(701, 'Villah Jan kot Nawana Quli Khel', 6226),
(701, 'Villahe Hader Khel', 6227),
(701, 'Villahe Hassu khel Dawar Mirali', 6228),
(701, 'Villlage Nazam Khel Khaisoor', 6229),
(701, 'Wali Jan Kot Mama Khel Khushali Mirali', 6230),
(701, 'Waray Mirali Tehsil Mirali', 6231),
(701, 'Wazi Mamadi', 6232),
(702, 'Aghzan Killa Tehsil Miranshah', 6233),
(702, 'Ali Mar Khan Kot Spulga Miranshah', 6234),
(702, 'Anghar Killa', 6235),
(702, 'Anghar killa Tehsil Miranshah', 6236),
(702, 'Arghund Spulga Miranshah', 6237),
(702, 'Bahadar Kot Khatti Killa Tehsil Miranshah', 6238),
(702, 'Chashma', 6239),
(702, 'Civil Colony, Miranshah', 6240),
(702, 'Dandey Darpa Khel Miranshah', 6241),
(702, 'Darpa Khel', 6242),
(702, 'Datta Khel', 6243),
(702, 'GPS Ali Khel Hamzooni Mireanshah', 6244),
(702, 'Gul Khandan Kot Village Spulga Tehsil Miranshah', 6245),
(702, 'hamzoni', 6246),
(702, 'Hamzoni Ali Khel', 6247),
(702, 'HQ Civil Colony Miranshah', 6248),
(702, 'Kaji Kot  ChashmaTehsil Miranshah', 6249),
(702, 'Khair Killa', 6250),
(702, 'Khatti Killa', 6251),
(702, 'Khuzai', 6252),
(702, 'Khuzai Tehsil Miranshah', 6253),
(702, 'Maroof Khan Kot Toll Khel Miranshah', 6254),
(702, 'Miranhah', 6255),
(702, 'Miranshah', 6256),
(702, 'Miranshah City', 6257),
(702, 'Miranshah Srai Tehsil Miranshah Phone#300763', 6258),
(702, 'Miranshah Tehsil Miranshah', 6259),
(702, 'Miranshah Village Dawar', 6260),
(702, 'Mohammad Amin Kot Dandey Darpa Khel', 6261),
(702, 'Mohammad Hayat Kot Khuzai Miranshah', 6262),
(702, 'Noor Salam Kot Chashma Miranshah', 6263),
(702, 'Omerzai Kot Hamzooni Tehsil Miranshah', 6264),
(702, 'Palali Tappi', 6265),
(702, 'Patti Khel', 6266),
(702, 'Patti Khel Miranshah', 6267),
(702, 'Qazi Kot Miranshah', 6268),
(702, 'Quat Khel', 6269),
(702, 'Qutab Khel Miranshah', 6270),
(702, 'Raghzi Killa', 6271),
(702, 'Said Malook Kot Khatti Killa Tehsil Miranshah', 6272),
(702, 'Seer Kot Miranshah', 6273),
(702, 'Seer Kot Spulga', 6274),
(702, 'Spulga', 6275),
(702, 'Spulga Miranshah', 6276),
(702, 'Spulga Tehsil Miranshah', 6277),
(702, 'Spulga Zarni', 6278),
(702, 'Tappi', 6279),
(702, 'Tappi Miranshah', 6280),
(702, 'Toll Khel', 6281),
(702, 'Tool Khan Tehsil and P/O Miransh', 6282),
(702, 'Tool Khan Tehsil and P/O Miranshah', 6283),
(702, 'Villag Gul Shah Jan Kot Anghar Killa Tehsil Miranshah', 6284),
(702, 'Villag Tall Village Bora Khel Tehsil Miranshah', 6285),
(702, 'Village  Banda Miranshah', 6286),
(702, 'Village Ahmad Khel Hamzooni Miranshah', 6287),
(702, 'Village Ahmad Khel, Miranshah', 6288),
(702, 'Village Ahmad Miranshah', 6289),
(702, 'Village Ali Khel Hamzooni Mireanshah', 6290),
(702, 'Village Anghar Killa Tehsil Miranshah', 6291),
(702, 'Village Atha Mohammad Kot Miranshah Dawar', 6292),
(702, 'Village Atta Mohammad Kam Saroobi Bora Khel Miranshah', 6293),
(702, 'Village Badami Killa Miranshah Near Khatti Killa Touchi Par', 6294),
(702, 'Village Bonda Tehsil Miranshah', 6295),
(702, 'Village Chashma Miranshah Tehsil Miranshah', 6296),
(702, 'Village Chatoon  Miranshah.', 6297),
(702, 'Village Chitoon Hamzoni Tehsil Miranshah', 6298),
(702, 'Village Danday Darpa Khel  Tehsil Miranshah', 6299),
(702, 'Village Dandy dar Pa Khel Tehsil Miranshah', 6300),
(702, 'Village Dandy Darpa Khel Tehsil Miranshah', 6301),
(702, 'Village Darpa Khel  Tehsil Mrianshah', 6302),
(702, 'Village Darpa Khel Tehsil Miranshah', 6303),
(702, 'Village Gul Shah Jan Kot Anghar Killa Tehsil Miranshah', 6304),
(702, 'Village Hamzoni Ali Khel Miranshah', 6305),
(702, 'Village Jalaira Kam Saroobi Tehsil Miranshah', 6306),
(702, 'Village Kam Saroobi', 6307),
(702, 'Village Kam saroobi Tehsil Miranshah', 6308),
(702, 'Village Khair Killa Hamzooni Dawar Miranshah', 6309),
(702, 'Village Khair Killa Hamzooni Miranshah', 6310),
(702, 'Village Khaney Kot Toori Khel Miranshah', 6311),
(702, 'Village Khany Kjot toori KhelTehsil Miranshah', 6312),
(702, 'Village Khatti Killa Tehsil Miranshah', 6313),
(702, 'Village Khuzai Darpa Khel Tehsil Miranshah', 6314),
(702, 'Village Miranshah Tehsil Miranshah', 6315),
(702, 'Village Missori Khati Killa Tehsil Miranshah', 6316),
(702, 'Village Palangzi Bora Khel Tehsil Miranshah', 6317),
(702, 'Village Qutab Khel Tehsil Miranshah', 6318),
(702, 'Village Raghzi Killa Hamzooni Miranshah', 6319),
(702, 'Village Sarband Ki Killa Miranshah', 6320),
(702, 'Village Shazada Kot Darpa Khel  Miranshah', 6321),
(702, 'Village Shna Khura Hamzooni Miranshah', 6322),
(702, 'Village Spulga Mianshah', 6323),
(702, 'Village Spulga Miranshah', 6324),
(702, 'Village Spulga Tehsil  Miranshah', 6325),
(702, 'Village Spulga Tehsil Miranshah', 6326),
(702, 'Village Spulga Toori khel', 6327),
(702, 'Village Star Saroobi Teyhsil Dossali', 6328),
(702, 'Village Tall Killa Bora Khel', 6329),
(702, 'Village Tall Killa Miranshah', 6330),
(702, 'Village Tall Tehsil Miranshah', 6331),
(702, 'Village Tapi', 6332),
(702, 'Village Tappi', 6333),
(702, 'Village Tappi Dawar Miranshah', 6334),
(702, 'Village Tappi Tehsil Miranshah', 6335),
(702, 'Village Tappi Tochi Par Tehsil Miranshah', 6336),
(702, 'Village Tappi Tory Kot', 6337),
(702, 'Village Toll Khel  Miranshah', 6338),
(702, 'Village Toll Khel Miranshah', 6339),
(702, 'Village Toray Kot Tappi', 6340),
(702, 'Village Toray Kot Tappi Tehsil Miranshah', 6341),
(702, 'Village: Raghzi Killa Humzooni Toor Langi Tehsil Miranshah', 6342),
(702, 'Villah Anghazr Killa Dirdooni', 6343),
(702, 'Villahe Khatti killa Hamzooni Dawar', 6344),
(702, 'Vuillage Kam Saroobi', 6345),
(702, 'Zartooni Kot Kam Saroobi Tehsil Mirnanshah', 6346),
(836, 'Khushali Razmak', 6347),
(836, 'Khushali Toori Khel Razmak', 6348),
(836, 'Malik Khel Razmak', 6349),
(836, 'Malik Shahi Razmak', 6350),
(836, 'Razmak Camp Toori Khel', 6351),
(836, 'Sahib Rehman Kot Tehsil Razmak', 6352),
(836, 'Shoogi Toori Khel Razmak', 6353),
(836, 'village Ali Khel Toori Khel Tehsil Razmak', 6354),
(836, 'Village Asad Khel', 6355),
(836, 'Village Aziz Khel Bora Khel Tehsil Razmak', 6356),
(836, 'Village Aziz Khel Razmak', 6357),
(836, 'Village Bora Khe Razmak', 6358),
(836, 'Village Bora Khel Tehsil Razmak', 6359),
(836, 'Village Danat Khel Bora Khel Razmak', 6360),
(836, 'Village Ghuzak Khel Bora Khel Razmak', 6361),
(836, 'Village Inga Mal Ramak Toori Khel', 6362),
(836, 'Village Kashmir Khel Khushali Toori Khel Tehsil Razmak', 6363),
(836, 'Village Kati Panga Toori Khel', 6364),
(836, 'Village Khushali Tehsil Razmak', 6365),
(836, 'Village Machi Khel Tehsil Razmak NWA', 6366),
(836, 'Village Malakn Tehsil Razmak', 6367),
(836, 'Village Malik Shahi Bora Khel Tehsil Razmak', 6368),
(836, 'Village Nekbal Toori Khel Razmak', 6369),
(836, 'Village Razmak Srai Tehsil Razmak', 6370),
(836, 'Village Razmak Tehsil Razmak', 6371),
(836, 'Village Shakhi Mar Tehsil Razmak', 6372),
(836, 'Village Shakhi Mar Toori Khel Razmak', 6373),
(836, 'Village Shogi  Razmak', 6374),
(836, 'Village Shogi Fateh Kot Razmak', 6375),
(836, 'Village Shogi Toori Khel Razmak', 6376),
(836, 'Village Slimi Khel Ali Khel Tehsil Razmak', 6377),
(836, 'Village Sola Bora Khel', 6378),
(836, 'Village Sola Razmak', 6379),
(836, 'Village Spanoon Khel Bora Khel Tehsil Razmak', 6380),
(836, 'Village Surdar Nek Bal Toori Khel Tehsil Razmak', 6381),
(876, 'Maimi Kabul Khel Shewal', 6382),
(881, 'Karera Miami Kabal Khel', 6383),
(881, 'Miami Kabal khel Shewa', 6384),
(881, 'Mvillage Malik shahi Kabal khel Tehsil Shewa', 6385),
(881, 'Villag Miami Kabal Khel Almara', 6386),
(881, 'Village  Darozanda Shah Mazan Shewa', 6387),
(881, 'Village Almara Miami Kabal Khel', 6388),
(881, 'village Almara Shewa', 6389),
(881, 'Village Almara Tehsil Shewa', 6390),
(881, 'Village Dandi Shewa', 6391),
(881, 'Village Drozanda Shewa', 6392),
(881, 'Village Drozanda Tehsil Shewa', 6393),
(881, 'Village Druzandy Shewa', 6394),
(881, 'Village Karea Shewa', 6395),
(881, 'Village Karera Saifali Shewa', 6396),
(881, 'Village Karera Saifally Kabal Khel Tehsil Shewa', 6397),
(881, 'Village Kirera Shewa', 6398),
(881, 'Village Krira Saifali Kabul Khel', 6399),
(881, 'Village Malik Ajab Khan Kot Shewa', 6400),
(881, 'Village Malik Shahi Akbar Khan kot Shewa', 6401),
(881, 'Village Malik Shahi Kabal Khel Tehsil Shewa', 6402),
(881, 'Village Malik Shahi Kabul Khel Shewa', 6403),
(881, 'Village Miami Darozanda Tehsil Shewa', 6404),
(881, 'Village Miami Kabal Khel', 6405),
(881, 'Village Miami Kabal Khel Shewa', 6406),
(881, 'Village Miami Kabul Khel Shewa', 6407),
(881, 'Village Muzamil Kot Malik Shahi Kabul Khel Shewa', 6408),
(881, 'Village Olam Kabul Khel Shewa', 6409),
(881, 'Village Pashay Khan Kot Shewa', 6410),
(881, 'Village Raghzi Killa Shewa', 6411),
(881, 'Village Saifali Tandi Shewa', 6412),
(881, 'Village Saifalli Kabal Khel Tehsil Shewa', 6413),
(881, 'Village Saifally  kabal Khel Tehsil Shewa', 6414),
(881, 'Village Sarkhana  Malik Shahi Kabal Khel Tehsil Shewa', 6415),
(881, 'Village Sarkhana Shewa', 6416),
(881, 'Village Shewa', 6417),
(881, 'Village Shewa Nawab Kot', 6418),
(881, 'Village Tandi Pipali Shewa', 6419),
(881, 'Village Tandi Shewa', 6420),
(881, 'Village Tandi Tehsil Shewa', 6421),
(881, 'Village Tundi Tehsil Shewa', 6422),
(881, 'Village Warana Miami Kabal Khel Tehsil Shewa', 6423),
(881, 'Village Zakha Tehsil Shewa', 6424),
(883, 'Abba Khel Toori Khel Spinwam', 6425),
(883, 'Awal Khan Kot Tehsil Spinwam', 6426),
(883, 'Datta Khel Usman Khal  Tehsil Spinwam', 6427),
(883, 'Hassan Khel Tehsil Spinwam', 6428),
(883, 'Miralai Spinwam', 6429),
(883, 'Mirali Spinwam', 6430),
(883, 'Shamiri Toori Khel', 6431),
(883, 'Shashi Khel Tehsil Spinwam', 6432),
(883, 'Sheratala Mirkhun Khel Spinwam', 6433),
(883, 'Sheratala Tehsil Spinwam', 6434),
(883, 'Usman Khel Datta Khel Tehsil Spinwam', 6435),
(883, 'Vilage Mirali Toori khel Spinwam', 6436),
(883, 'Village Aba Khel Tehsil Spinwam', 6437),
(883, 'Village Aba Khel Toori Khel Spinwam', 6438),
(883, 'Village Abba Khel Spinwam', 6439),
(883, 'Village Bobali Shahshi Khel', 6440),
(883, 'Village Bobali Shera Tala', 6441),
(883, 'Village Bobali Spinwam', 6442),
(883, 'Village Bobali Tehsil Spinwam', 6443),
(883, 'Village Bobali Toori Khel Spinwam', 6444),
(883, 'Village Bobali Troori Khel Spinwam', 6445),
(883, 'Village Datta Khel Spinwam', 6446),
(883, 'Village Datta Khel tehsil Spinwam', 6447),
(883, 'Village Dri Plari Hassan khel tehsil Spinwam', 6448),
(883, 'Village Hassan Khel', 6449),
(883, 'Village Hassan khel Spinwam', 6450),
(883, 'Village Hassan Khel Tehsil Spinwam', 6451),
(883, 'Village Miralai Tehsil Spinwam', 6452),
(883, 'Village Miralai Toori Khel Spinwam', 6453),
(883, 'Village Mirali Spinwam', 6454),
(883, 'Village Mirali Sspinwam', 6455),
(883, 'Village Mirali Toori Khel Spinwam', 6456),
(883, 'Village Noor Mohd Kot Spinwam', 6457),
(883, 'Village Shamiri Spinwam Toori khel', 6458),
(883, 'Village Shamiri tehsil Spinwam', 6459),
(883, 'Village Shamiri Toori Khel', 6460),
(883, 'Village Shamiri Toori Khel Spinwam', 6461),
(883, 'Village Shashi Khel', 6462),
(883, 'Village Shashi Khel Spinwam', 6463),
(883, 'Village Shashi Khel tehsil Spinwam', 6464),
(883, 'Village Shashi Khel Toori Khel Spinwam', 6465),
(883, 'Village Shera Tall Toori Khel Spinwam', 6466),
(883, 'Village Shera Tallah Toori Khel  Spinwam', 6467),
(883, 'Village Shera Tallah Toori Khel Spinwam', 6468),
(883, 'Village Shmiri Mirali Toori khel', 6469),
(883, 'Village Spinwam Tehsil Spinwam', 6470),
(883, 'Village Titi Mada Khel', 6471),
(883, 'Village Titi mada Khel  Zaker Khel Tehsil Spinwam', 6472),
(883, 'Village Titi Mada Khel Tehsil Spinwam', 6473),
(215, 'Abishal', 6474),
(215, 'Baghnak, Ali Khel', 6475),
(215, 'Dran Sheikhan', 6476),
(215, 'Mishti Bazar', 6477),
(215, 'Rangeen Khel', 6478),
(215, 'Tagha Sam', 6479),
(215, 'Wam Panra, Sheikhan', 6480),
(215, 'Ziarat Mela Essa Khel', 6481),
(422, 'Biland Khel', 6482),
(422, 'Ghiljo', 6483),
(422, 'Ghuzgarh', 6484),
(609, 'Abishal', 6485),
(609, 'And khel Bala', 6486),
(609, 'Anjani', 6487),
(609, 'Anjani, Stori Khel', 6488),
(609, 'Bezot', 6489),
(609, 'Chapri Feroz khel', 6490),
(609, 'Dargai', 6491),
(609, 'Jalaka mela Feroz khel', 6492),
(609, 'Kalat', 6493),
(609, 'kalaya', 6494),
(609, 'Kari Taal', 6495),
(609, 'Khial mat khan kilay', 6496),
(609, 'Khwah dara', 6497),
(609, 'Kuraiz', 6498),
(609, 'Kuraiz, Baramat Khel', 6499),
(609, 'Palosi', 6500),
(609, 'Qasim khel', 6501),
(609, 'Tanda, Utman Khel', 6502),
(609, 'Trangi', 6503),
(609, 'Zera', 6504),
(609, 'Zera, Sepoy', 6505),
(611, 'Aba Khel', 6506),
(611, 'Abdur Rahim Killi', 6507),
(611, 'Abi Shal', 6508),
(611, 'Abo Dag', 6509),
(611, 'Ahmed Khel', 6510),
(611, 'Ain Posh', 6511),
(611, 'Alwala Mela', 6512),
(611, 'And Khel', 6513),
(611, 'And Khel Payan', 6514),
(611, 'Anj Ghali', 6515),
(611, 'Anjani', 6516),
(611, 'Anjghali', 6517),
(611, 'Assi Khelo Akhpa', 6518),
(611, 'Avi Mela', 6519),
(611, 'Avi Melagp', 6520),
(611, 'Babera Laki', 6521),
(611, 'Bada Khel', 6522),
(611, 'Bada Sheikhan', 6523),
(611, 'Bal Kot', 6524),
(611, 'Bara Mela', 6525),
(611, 'Baza', 6526),
(611, 'Baza (Lower)', 6527),
(611, 'Bazar Garhi', 6528),
(611, 'Bazed Khel', 6529),
(611, 'Bezot', 6530),
(611, 'Bramzai', 6531),
(611, 'Bugara Mishti', 6532),
(611, 'Chaman Jana', 6533),
(611, 'Chaman Sheikhan', 6534),
(611, 'Chapper Mishti', 6535),
(611, 'Char Khela', 6536),
(611, 'Cheri', 6537),
(611, 'Chota Bezot', 6538),
(611, 'Chuntra', 6539),
(611, 'Dader Khel', 6540),
(611, 'Dago Takhtak', 6541),
(611, 'Damber Lasti', 6542),
(611, 'Dana Khawala', 6543),
(611, 'Darrah Garhi', 6544),
(611, 'Darrah Sultan Nawasi', 6545),
(611, 'Dat Khel', 6546),
(611, 'Dauly', 6547),
(611, 'Dergai', 6548),
(611, 'Derma', 6549),
(611, 'Derwizai', 6550),
(611, 'Dio Sam', 6551),
(611, 'Dippa', 6552),
(611, 'Dop Sanna', 6553),
(611, 'Dopsana', 6554),
(611, 'Dran Sheikhan', 6555),
(611, 'Dray Soti', 6556),
(611, 'Dubandi', 6557),
(611, 'Duranki', 6558),
(611, 'Garhi Mani Khel', 6559),
(611, 'Garhi Mishti', 6560),
(611, 'Garo Killi', 6561),
(611, 'Gaz Darrah', 6562),
(611, 'Ghari Sara Mela', 6563),
(611, 'Goeen', 6564),
(611, 'Goeen Bala', 6565),
(611, 'Hassan Shah Killi', 6566),
(611, 'Hassanzai', 6567),
(611, 'Hindarrah', 6568),
(611, 'Hussaini Garhi', 6569),
(611, 'Ibrahimo', 6570),
(611, 'Ibrahimzona', 6571),
(611, 'Inzar Akhpa', 6572),
(611, 'Inzero Mela', 6573),
(611, 'Issa Khel', 6574),
(611, 'Jaba Kada', 6575),
(611, 'Jaber Ghakhy', 6576),
(611, 'Jalaka Mela', 6577),
(611, 'Jatta Mishti', 6578),
(611, 'Kach Mela', 6579),
(611, 'Kalaki Mishti', 6580),
(611, 'Kalat', 6581),
(611, 'Kalaya', 6582),
(611, 'Kamer Garhi', 6583),
(611, 'Kandi Mishti', 6584),
(611, 'Kangani', 6585),
(611, 'Kar Ghar', 6586),
(611, 'Kar Mela', 6587),
(611, 'Karghan', 6588),
(611, 'Karhi Tal', 6589),
(611, 'Kas Mama Khel', 6590),
(611, 'Kas Mishti', 6591),
(611, 'Kasha', 6592),
(611, 'Kaso Killi', 6593),
(611, 'Kata Kanri', 6594),
(611, 'Kata Panra', 6595),
(611, 'Khair Ali Killi', 6596),
(611, 'Khamal Mahora', 6597),
(611, 'Khanan Mela', 6598),
(611, 'Khando', 6599),
(611, 'Khangar Boor', 6600),
(611, 'Kharkai', 6601),
(611, 'Kharkhushta', 6602),
(611, 'Khawa Stori Khel', 6603),
(611, 'Khawaja Khizar', 6604),
(611, 'Khialmat Khan Killi', 6605),
(611, 'Khinsar', 6606),
(611, 'Khura', 6607),
(611, 'Kurez', 6608),
(611, 'Kurgha', 6609),
(611, 'Laghar Darrah', 6610),
(611, 'Lak Kanri', 6611),
(611, 'Lal Baz Garay', 6612),
(611, 'Lal Mela', 6613),
(611, 'Lal Pura', 6614),
(611, 'Landa Ghari', 6615),
(611, 'Lando Ka', 6616),
(611, 'Leary', 6617),
(611, 'Mahora', 6618),
(611, 'Mamani', 6619),
(611, 'Mandai', 6620),
(611, 'Mandra Khel', 6621),
(611, 'Mast Ali Khel', 6622),
(611, 'Mazar', 6623),
(611, 'Melo Sar', 6624),
(611, 'Mian Chan', 6625),
(611, 'Mian Khel Tara', 6626),
(611, 'Mir Garha', 6627),
(611, 'Mir Ghara', 6628),
(611, 'Mir Mela', 6629),
(611, 'Mir Mela Mishti', 6630),
(611, 'Mir Mela Sheikhan', 6631),
(611, 'Mirako Bala', 6632),
(611, 'Mirako Payan', 6633),
(611, 'Mirazai', 6634),
(611, 'Mirbak', 6635),
(611, 'Mirobak', 6636),
(611, 'Mishti Bazar', 6637),
(611, 'Mitto', 6638),
(611, 'Mulla Koor', 6639),
(611, 'Nadir Garhi', 6640),
(611, 'Naflo Shadal', 6641),
(611, 'Naka Mela', 6642),
(611, 'Nakata Sheikhan', 6643),
(611, 'Naqi Killi', 6644),
(611, 'Nari Kada', 6645),
(611, 'Navi Mela', 6646),
(611, 'Nazino Sheikhan', 6647),
(611, 'Noor Ali Garhi', 6648),
(611, 'Oat Mela', 6649),
(611, 'Oblan', 6650),
(611, 'Oosi', 6651),
(611, 'Ooti', 6652),
(611, 'Paloosi', 6653),
(611, 'Penzari', 6654),
(611, 'Pertangi', 6655),
(611, 'Qalat', 6656),
(611, 'Qamber Ali Killi', 6657),
(611, 'Qamber Mela Sarobi', 6658),
(611, 'Qasim Khel', 6659),
(611, 'Rangin Khel', 6660),
(611, 'Sabora Khel', 6661),
(611, 'Sabzi Khel', 6662),
(611, 'Safri Feroz Khel', 6663),
(611, 'Safri Utman Khel', 6664),
(611, 'Sangra', 6665),
(611, 'Sangra Mishti', 6666),
(611, 'Sara Ghal', 6667),
(611, 'Sara Khuna', 6668),
(611, 'Sara Mela', 6669),
(611, 'Saray Garay', 6670),
(611, 'Sarla Mishti', 6671),
(611, 'Sarobi Garhi', 6672),
(611, 'Seri Mela', 6673),
(611, 'Seronai', 6674),
(611, 'Shaker Tangi', 6675),
(611, 'Shamer', 6676),
(611, 'Shamer Bala', 6677),
(611, 'Shana Mela', 6678),
(611, 'Shana Naka', 6679),
(611, 'Shangirhi', 6680),
(611, 'Sharo Dogula', 6681),
(611, 'Shiraz Garhi', 6682),
(611, 'Spin Begi', 6683),
(611, 'Spin Darrah', 6684),
(611, 'Ster Bezot', 6685),
(611, 'Ster Killi Sheikhan', 6686),
(611, 'Ster Sam', 6687),
(611, 'Stera Akhpa', 6688),
(611, 'Suleman Khel', 6689),
(611, 'Sultanzai', 6690),
(611, 'Sungrani', 6691),
(611, 'Swaro Kot', 6692),
(611, 'Syed Jamal Killi', 6693),
(611, 'Syed Khalil Baba', 6694),
(611, 'Tagha Mela', 6695),
(611, 'Tagha Sam', 6696),
(611, 'Takhtak', 6697),
(611, 'Takhtak Mian Chan', 6698),
(611, 'Tanda Utman Khel', 6699),
(611, 'Tanday Garay', 6700),
(611, 'Tara Mela', 6701),
(611, 'Tarangi', 6702),
(611, 'Tari Mani Khel', 6703),
(611, 'Tari Stori Khel', 6704),
(611, 'Tazi Khel', 6705),
(611, 'Tirai', 6706),
(611, 'Toor Khawri', 6707),
(611, 'Toor Smat', 6708),
(611, 'Toori Mela', 6709),
(611, 'Umarzai Sheikhan', 6710),
(611, 'Urmar Sheikhan', 6711),
(611, 'Urmer Sheikhan', 6712),
(611, 'Vill: Musa Khan Killi Oat Mela Sheikhan', 6713),
(611, 'Village Nari Kada Sheikhan', 6714),
(611, 'Wach Pal', 6715),
(611, 'Wacha Darrah', 6716),
(611, 'Wam Panra', 6717),
(611, 'Yar Koli Khel', 6718),
(611, 'Zaina Khel', 6719),
(611, 'Zango Darrah', 6720),
(611, 'Zaridar', 6721),
(611, 'Zawan', 6722),
(611, 'Zera', 6723),
(611, 'Zera Navi Killi', 6724),
(611, 'Ziarat Mela', 6725),
(611, 'Ziarat Mela (Issa Khel)', 6726),
(611, 'Zoor Chapper', 6727),
(1076, 'Balazaway', 6728),
(1076, 'Ghiljo', 6729),
(1076, 'Pakhtanay', 6730),
(1078, 'Ado Garhi', 6731),
(1078, 'Akhonzad Gan', 6732),
(1078, 'Akhoon Kot', 6733),
(1078, 'Alaf Khel', 6734),
(1078, 'Ali Khan Garhi', 6735),
(1078, 'Arghonja', 6736),
(1078, 'Arghunja', 6737),
(1078, 'Arkhio Killi', 6738),
(1078, 'Badama', 6739),
(1078, 'Badan', 6740),
(1078, 'Bagh Nak', 6741),
(1078, 'Bar Khan Nawasi', 6742),
(1078, 'Bari Khel', 6743),
(1078, 'Baza (Upper)', 6744),
(1078, 'Beropi Ali Khel', 6745),
(1078, 'Biland Khel', 6746),
(1078, 'Biland Khel No.02', 6747),
(1078, 'Bilazawi', 6748),
(1078, 'Bugara Mishti', 6749),
(1078, 'Chana Mamozai', 6750),
(1078, 'Chapper Ali Khel', 6751),
(1078, 'Chinar Ali Khel', 6752),
(1078, 'Daburi Mula Khel', 6753),
(1078, 'Dapper', 6754),
(1078, 'Dara Dar Mamazai', 6755),
(1078, 'Farid Khan Mela', 6756),
(1078, 'Gal Ali Khel', 6757),
(1078, 'Gandi Tal', 6758),
(1078, 'Gandti', 6759),
(1078, 'Ghiljo', 6760),
(1078, 'Ghotak Issa Khel', 6761),
(1078, 'Ghundaki', 6762),
(1078, 'Ghutak Ali Khel', 6763),
(1078, 'Ghuz Garh', 6764),
(1078, 'Goda Rabia Khel', 6765),
(1078, 'Gori Chak', 6766),
(1078, 'Gul Seri', 6767),
(1078, 'Gulistan', 6768),
(1078, 'Hanif Jan Killi', 6769),
(1078, 'Injawar', 6770),
(1078, 'Inzar Pati', 6771),
(1078, 'Inzerkai', 6772),
(1078, 'Jalo', 6773),
(1078, 'Kagnai Sher Khel', 6774),
(1078, 'Kago Kamer', 6775),
(1078, 'Karapa Aakhel', 6776),
(1078, 'Karapa Samana', 6777),
(1078, 'Karbogha', 6778),
(1078, 'Khadizai', 6779),
(1078, 'Khadizai No.01', 6780),
(1078, 'Khadizai No.02', 6781),
(1078, 'Khan Mir Garhi', 6782),
(1078, 'Kharkai', 6783),
(1078, 'Khawaga Seri', 6784),
(1078, 'Khawaja Khizar', 6785),
(1078, 'Khawas Khel', 6786),
(1078, 'Khee Kada No.01', 6787),
(1078, 'Khee Kada No.02', 6788),
(1078, 'Kohi Killi', 6789),
(1078, 'Kool', 6790),
(1078, 'Kot Ali Khel', 6791),
(1078, 'Kotak Ali Khel', 6792),
(1078, 'Koz Koruna', 6793),
(1078, 'Krunchki', 6794),
(1078, 'Kunj Killi', 6795),
(1078, 'Laloo Garhi', 6796),
(1078, 'Madudar', 6797),
(1078, 'Malang Garhi', 6798),
(1078, 'Manz Garhi', 6799),
(1078, 'Mazari Garhi', 6800),
(1078, 'Mazeed Garhi', 6801),
(1078, 'Mian Khan Chapper', 6802),
(1078, 'Mir Kalam Khel', 6803),
(1078, 'Mohsin Khel', 6804),
(1078, 'Moo Pati', 6805),
(1078, 'Musa Mela', 6806),
(1078, 'Nareek Aakhel', 6807),
(1078, 'Nari Garhi', 6808),
(1078, 'Narik No.01', 6809),
(1078, 'Narik No.02', 6810),
(1078, 'Navi Killi Saman', 6811),
(1078, 'Nazo Khel', 6812),
(1078, 'Oat Mela', 6813),
(1078, 'Oat Mela Mallah Khel', 6814),
(1078, 'Oni', 6815),
(1078, 'Oribar', 6816),
(1078, 'Pacho Panra', 6817),
(1078, 'Panjam Ali Khel', 6818),
(1078, 'Prishan Tang', 6819),
(1078, 'Rakhshi Abad', 6820),
(1078, 'Rambic Salai', 6821),
(1078, 'Rego', 6822),
(1078, 'Saifal Darrah', 6823),
(1078, 'Saloor Chulay', 6824),
(1078, 'Sama Mamozai', 6825),
(1078, 'Samana', 6826),
(1078, 'Sar Mela', 6827),
(1078, 'Sara Khawa', 6828),
(1078, 'Sarka Aakhel', 6829),
(1078, 'Sarki Khel', 6830),
(1078, 'Sawab Gul Killi', 6831),
(1078, 'Sawaro Kot', 6832),
(1078, 'Shaway Killi', 6833),
(1078, 'Spidar', 6834),
(1078, 'Ster Killi Malla Khel', 6835),
(1078, 'Ster Sam Adu Khel', 6836),
(1078, 'Stera Kada', 6837),
(1078, 'Taghi Killi', 6838),
(1078, 'Taghnai', 6839),
(1078, 'Talai Aakhel', 6840),
(1078, 'Talai Ali Khel', 6841),
(1078, 'Taroopi Ali Khel', 6842),
(1078, 'Taropi Ali Khel', 6843),
(1078, 'Teri Ali Khel', 6844),
(1078, 'Theezai', 6845),
(1078, 'Toor Kanri', 6846),
(1078, 'Ugda Akhpa', 6847),
(1078, 'Yakho Kandow', 6848),
(1078, 'Yousaf Khel', 6849),
(1078, 'Zakhtan', 6850),
(1078, 'Zanda', 6851),
(1078, 'Zanka Khel', 6852),
(403, 'Abas Khel Gulab Sher Killi', 6853),
(403, 'Abdullah Khel', 6854),
(403, 'Afzal Khan Killi', 6855),
(403, 'Ali Khel', 6856),
(403, 'Ali Khel FR Peshawar.', 6857),
(403, 'Allah Dad Khel', 6858),
(403, 'Amir Khe Kandaw', 6859),
(403, 'Amir Khel', 6860),
(403, 'Arab Khel', 6861),
(403, 'Asmat Khan Kalli Janakor', 6862),
(403, 'Awal Sher Killi Sama Badber', 6863),
(403, 'Babar Khel', 6864),
(403, 'Babar Khel Hassan Khel', 6865),
(403, 'Bakar Khel', 6866),
(403, 'Barki Janakor', 6867),
(403, 'Bashi Khel', 6868),
(403, 'Bibi Khel', 6869),
(403, 'Bora', 6870),
(403, 'Bora Jawaki', 6871),
(403, 'Darvesh Khel', 6872),
(403, 'Daulat Khan Killi Sama Badaber', 6873),
(403, 'Faqeer Hussain Kohi Hassan', 6874),
(403, 'Faridi', 6875),
(403, 'Faridi Asho Khel', 6876),
(403, 'Faridi Asho Khel FR Peshawar', 6877),
(403, 'Feroz Khan Kalli', 6878),
(403, 'Gani Khel', 6879),
(403, 'Garay Shamat Khel Musa Dara', 6880),
(403, 'Garhi Sher Baz Jetan', 6881),
(403, 'Ghari Hakim Khan Kalli', 6882),
(403, 'Ghulam Muhammad Killi', 6883),
(403, 'Gul Akbar Kalli', 6884),
(403, 'Hari Chand', 6885),
(403, 'Hazrat Khan Hassan Khel', 6886),
(403, 'Hussain Khan Kalli', 6887),
(403, 'Janakor', 6888),
(403, 'janat Khan Killi FR Peshawar', 6889),
(403, 'Jawaki Bora', 6890),
(403, 'Kandaw Ali Khel', 6891),
(403, 'Kandaw Amir Khel', 6892),
(403, 'Kandaw Janakor', 6893),
(403, 'Khewa Gul Kalli', 6894),
(403, 'Kohi Hassa Khel', 6895),
(403, 'Kohi Hassan Khel', 6896),
(403, 'Kohi Khel', 6897),
(403, 'koi khel janakor', 6898),
(403, 'Koi Khel Mandai Sama Badaber', 6899),
(403, 'Labi Khel', 6900),
(403, 'Mada Khel', 6901),
(403, 'Mada Khel Sama Badaber', 6902),
(403, 'Manadai Koi Khel', 6903),
(403, 'Mandai', 6904),
(403, 'Mandai Amir Muhamamd Killi', 6905),
(403, 'Mandai Bakar Khel', 6906),
(403, 'Mandai Guli Khel', 6907),
(403, 'Mandai Raj Mir Khel', 6908),
(403, 'Mandai Said Azam Killi', 6909),
(403, 'Mandai Shamshatoo Said Azam Kalli', 6910),
(403, 'Mazeed Khel', 6911),
(403, 'Meta Khel', 6912),
(403, 'Miam Khel', 6913),
(403, 'Mir Dad Khel', 6914),
(403, 'Mohabat Khel', 6915),
(403, 'Mohabat Khel FR Peshawar', 6916),
(403, 'Muhammad Gul Kalli', 6917),
(403, 'Muhammad Shah killi Sama Badaber', 6918),
(403, 'Muhammadi Shah Killi Sama badber', 6919),
(403, 'Murad Khel', 6920),
(403, 'Murid Khel Hassan Khel', 6921),
(403, 'Musa Darra Janakor', 6922),
(403, 'Nadar Khan Kally Janakor', 6923),
(403, 'Nadar Khan Sama Badaber', 6924),
(403, 'Pai Khel', 6925),
(403, 'Pakhi Bala', 6926),
(403, 'Pakhi Bala Bazmir Killi', 6927),
(403, 'Pakhi Bala Kawanr Killi', 6928),
(403, 'Palosa Landi', 6929),
(403, 'Pastawani', 6930),
(403, 'Rukhan Khel', 6931),
(403, 'Sadat Khel', 6932),
(403, 'Sama Badaber', 6933),
(403, 'Sama Badaber FR Peshawar', 6934),
(403, 'Samand Khan Kalli', 6935),
(403, 'Samand Khan Kalli Kandawa', 6936),
(403, 'Sambi Khel', 6937),
(403, 'Sambi Khel Asho Khel', 6938),
(403, 'Shad Khel', 6939),
(403, 'Shamat Khel', 6940),
(403, 'Shamshad Kalli', 6941),
(403, 'Shamshatoo', 6942),
(403, 'Spena Mila Larto Janakor', 6943),
(403, 'Sra Bana Bakar Khel', 6944),
(403, 'Taj Muhammad Sama Badber', 6945),
(403, 'Tatkay Janakor', 6946),
(403, 'Tella Khel', 6947),
(403, 'tor Khel Janakor', 6948),
(403, 'Wali Dad Khel', 6949),
(403, 'Yar Ahamd Kohi Hassan Khel', 6950),
(403, 'Zain Gul Kalli', 6951),
(403, 'Zaka Khel Hassan Khel', 6952),
(403, 'Zara Garhi', 6953),
(403, 'Zarin Khel', 6954),
(403, 'Zarin Khel Hassan Khel', 6955),
(403, 'Zarin Khel Kohi hassan Khel', 6956),
(403, 'Zwerhi', 6957),
(214, 'Adda Khel Kot Azam Warsak', 6958),
(214, 'Angoor Adda', 6959),
(214, 'Angoor Adda Birmal', 6960),
(214, 'Azam Warsak', 6961),
(214, 'Bibak', 6962),
(214, 'Drablay Azam Warsak', 6963),
(214, 'Gangi Khel Dana', 6964),
(214, 'Kalosha', 6965),
(214, 'Kara Bagh Azam Warsak', 6966),
(214, 'Kazha Punga', 6967),
(214, 'Kham Rang', 6968),
(214, 'Khangai Birmal', 6969),
(214, 'Landi Doag', 6970),
(214, 'Manra', 6971),
(214, 'Salemai', 6972),
(214, 'Sera Khawra', 6973),
(214, 'Shin Warsak', 6974),
(214, 'Sholam Adda', 6975),
(214, 'Warai Noor', 6976),
(214, 'Woucha Dana', 6977),
(214, 'Woucha Dana Malak Khel', 6978),
(214, 'Zalai', 6979),
(214, 'Zalai Birmal', 6980),
(214, 'Zam China', 6981),
(214, 'Gul Shah Jan Kot Azam Warsak', 6982),
(214, 'Manra Khullah', 6983),
(214, 'Nargasai Matak Khel', 6984),
(214, 'Zeri Noor Azam Warsak', 6985),
(555, 'Abdul Wadani', 6986),
(555, 'Addana Habib Kot Ladha', 6987),
(555, 'Amzarai', 6988),
(555, 'Bader Bridge', 6989),
(555, 'Bader Bridge No.2', 6990),
(555, 'Badinzai Tangi', 6991),
(555, 'Banga Malak Shai', 6992),
(555, 'Barati Nargosa', 6993),
(555, 'Bazai Shabi Khel', 6994),
(555, 'Bibizai Raghzai', 6995),
(555, 'Bibzai Raghzai', 6996),
(555, 'Borakai Patwelai', 6997),
(555, 'Chalweshti', 6998),
(555, 'Dawatoi', 6999),
(555, 'Dowa Toi', 7000),
(555, 'Ghowak', 7001),
(555, 'Jenai Patonai Dawatoi', 7002),
(555, 'Kach Langer Khel', 7003),
(555, 'Kacha Langer Khel', 7004),
(555, 'Kalo Raghzai Kot Kai', 7005),
(555, 'Kanigurram', 7006),
(555, 'Karach Khel', 7007),
(555, 'Karach Khel Shaktoi', 7008),
(555, 'Karam Garrai', 7009),
(555, 'Karama', 7010),
(555, 'Karashti Shaktoi', 7011),
(555, 'Kazakai Sarang Khel', 7012),
(555, 'Kot Langer Khel', 7013),
(555, 'Ladha', 7014),
(555, 'Laka Tizha Tangi Badinzai', 7015),
(555, 'Larimai Tangi Bodinzai', 7016),
(555, 'Lower Kanigurram', 7017);
INSERT INTO `vcs` (`uc_id`, `vc_name`, `id`) VALUES
(555, 'Maidan Ladha', 7018),
(555, 'Malak Mela', 7019),
(555, 'Manzai Shamirai', 7020),
(555, 'Marobi', 7021),
(555, 'Marobi Shabi Khel', 7022),
(555, 'Masap Mela', 7023),
(555, 'Murdar Algad', 7024),
(555, 'Nargosa', 7025),
(555, 'Pamana Bromi Khel', 7026),
(555, 'Patwelai', 7027),
(555, 'Patwelai Pandy Khel', 7028),
(555, 'Patwelai Sharkai', 7029),
(555, 'Piazha Sharkai', 7030),
(555, 'Punga Bromi Khel', 7031),
(555, 'Sam', 7032),
(555, 'Sarkhawrai Bobar', 7033),
(555, 'Sega', 7034),
(555, 'Shaga', 7035),
(555, 'Shaga Warzikai', 7036),
(555, 'Shahoor', 7037),
(555, 'Shakha Sultanai', 7038),
(555, 'Shaktoi Miran Kot', 7039),
(555, 'Shaktoi Punga Malak Shai', 7040),
(555, 'Shaktoi Sarkhawrai', 7041),
(555, 'Shaktoi Shami Khullah', 7042),
(555, 'Small Bobar Shaktoi', 7043),
(555, 'Spin Kot Badinzai Tangi', 7044),
(555, 'Spina Mela', 7045),
(555, 'Spina Mela Sarang Khel', 7046),
(555, 'Spinkai Bromi Khel', 7047),
(555, 'Sultana', 7048),
(555, 'Sultana Shabi Khel Dowa Toi', 7049),
(555, 'Tangarai Bader Bridge No.2', 7050),
(555, 'Tangi Badinzai', 7051),
(555, 'Tangi Patonai', 7052),
(555, 'Taparghai', 7053),
(555, 'Tattai Langer Khel', 7054),
(555, 'Tatti Langer Khel', 7055),
(555, 'Trikh Talai Shaktoi', 7056),
(555, 'Upper Kanigurram', 7057),
(555, 'Village Marobi', 7058),
(555, 'Warzikai', 7059),
(555, 'Wouch Wam Shawal', 7060),
(555, 'Zadrana', 7061),
(555, 'Zai Langer Khel', 7062),
(555, 'Zawar Kalai Dawatoi', 7063),
(555, 'Zhai Langer Khel', 7064),
(555, 'Bader Chalweshti', 7065),
(555, 'Bobar Shaktoi', 7066),
(555, 'Ghowak', 7067),
(555, 'Ghowak Eidarai', 7068),
(555, 'Gidara Patwelai', 7069),
(555, 'Jeenai Kalai Dawatoi', 7070),
(555, 'Karashti', 7071),
(555, 'Landai Manda Khel Shaktoi', 7072),
(555, 'Lower Kanigurram', 7073),
(555, 'Maidan AbaK Ghundai', 7074),
(555, 'Malik Shai Zodai Shaktoi', 7075),
(555, 'Manda Khel Shaktoi', 7076),
(555, 'Mandi Wam Shaktoi', 7077),
(555, 'Marobi', 7078),
(555, 'Marobi Shabi Khel', 7079),
(555, 'Marsanzai Shaktoi', 7080),
(555, 'Nargosa', 7081),
(555, 'Pamana Shabi Khel', 7082),
(555, 'Patonai Izha Kalai Makin', 7083),
(555, 'Shaga Shabi Khel', 7084),
(555, 'Shaktoi Mir Khunai', 7085),
(555, 'Sharkai Shabi Khel', 7086),
(555, 'Spin Kharai Shabi Khel', 7087),
(555, 'Tanak Kanigurram', 7088),
(555, 'Trikh Talai', 7089),
(555, 'Upper Kanigurram', 7090),
(555, 'Zangara', 7091),
(616, 'Adda Bazar Makin', 7092),
(616, 'Ashkar Kot Makin', 7093),
(616, 'Band Khel', 7094),
(616, 'Band Khel Makin', 7095),
(616, 'Bisht Misht Spin Kamar', 7096),
(616, 'Chalarai Makin', 7097),
(616, 'Dara Makin', 7098),
(616, 'Dara Malak Shai', 7099),
(616, 'Dara Pul Makin', 7100),
(616, 'Dara Pul Malak Shai Makin', 7101),
(616, 'Dashka Makin', 7102),
(616, 'Inside A.E.O Office', 7103),
(616, 'Khujai Spin Kamar', 7104),
(616, 'Makin Aba Khel', 7105),
(616, 'Makin Azdi Khel', 7106),
(616, 'Makin Band Khel', 7107),
(616, 'Makin Umar Khel', 7108),
(616, 'Mandech Makin', 7109),
(616, 'Narakai Shamak Khel', 7110),
(616, 'Nawaz Kot Wedoon', 7111),
(616, 'Pal Spin Kamar Makin', 7112),
(616, 'Palgai Band Khel', 7113),
(616, 'Pash Ziarat', 7114),
(616, 'Pate Obah Zer Sar', 7115),
(616, 'Qalander Khullah Spin Kamar', 7116),
(616, 'Sarwai Narai Dara', 7117),
(616, 'Ser Rogh Makin', 7118),
(616, 'Shawal Dara Haibat Khel', 7119),
(616, 'Sir Rogh Lale Khel Makin', 7120),
(616, 'Spin Kamar', 7121),
(616, 'Sultan Kot Makin', 7122),
(616, 'Towda China Ali Zar Kot Makin', 7123),
(616, 'Towda China Makin', 7124),
(616, 'Village Ashkar Kot Makin', 7125),
(616, 'Wastay Dowa Sarak', 7126),
(616, 'Weedon Makin', 7127),
(616, 'Weedon Nawaz Kot Makin', 7128),
(616, 'Wouchubai Makin', 7129),
(616, 'Zerakai Sir Rogh Makin', 7130),
(616, 'Zeraki Lali Khel', 7131),
(616, 'Band Khel', 7132),
(616, 'Dashka Makin', 7133),
(616, 'Khorinkai Spin Kamar', 7134),
(616, 'Lale Khel Makin', 7135),
(616, 'Makin Shah Jahan Kot', 7136),
(616, 'Qalander Khullah Makin', 7137),
(616, 'Usman Raghzai Makin', 7138),
(616, 'Weedon Malak Shai Makin', 7139),
(616, 'Zer Sar Aba Khel Makin', 7140),
(616, 'Zer Sar Gana Khel Makin', 7141),
(861, 'Bangewala', 7142),
(861, 'Gam Kot Haibat Khel', 7143),
(861, 'Ganra Haibat Khel', 7144),
(861, 'Kachara Faridai', 7145),
(861, 'Kama Ghurlama Galishai', 7146),
(861, 'Poi Khel Shamirai', 7147),
(861, 'Saidan Janjal Woucha Khura', 7148),
(861, 'Shawal', 7149),
(861, 'Shawal Haibat Khel', 7150),
(861, 'Shinkai Kai Khel', 7151),
(861, 'Shugai Galishai', 7152),
(861, 'Weshtanai Galishai', 7153),
(861, 'Ahmad Wam', 7154),
(861, 'Ahmad Wam Garerai', 7155),
(861, 'Amzari Allah Jan Kot', 7156),
(861, 'Arni Tangi', 7157),
(861, 'Bangewala', 7158),
(861, 'Barora Badiwai', 7159),
(861, 'Chapara Gulgai Kot', 7160),
(861, 'Chouda Sar', 7161),
(861, 'Dadakar Raghzai', 7162),
(861, 'Dagai Shalmanzai', 7163),
(861, 'Dam Kachkai', 7164),
(861, 'Dara Haibat Khel', 7165),
(861, 'Dawood Shahi', 7166),
(861, 'Dowa Dara Dara Haibat Khel', 7167),
(861, 'Ganera Haibat Khel', 7168),
(861, 'Ganra Haibat Khel', 7169),
(861, 'Ganra Ishangi', 7170),
(861, 'Ghurlama Kot Kai', 7171),
(861, 'Gurgura Shamirai', 7172),
(861, 'Inzar', 7173),
(861, 'Janatta', 7174),
(861, 'Janjal', 7175),
(861, 'Jawakai', 7176),
(861, 'Jawakai Langer Khel', 7177),
(861, 'Kakai Raghzai', 7178),
(861, 'Kalo Raghzai Kot Kai', 7179),
(861, 'Kalu Raghzai', 7180),
(861, 'Kamachi Murghi Band', 7181),
(861, 'Karangai Kot Kai', 7182),
(861, 'Karangai Kotkai', 7183),
(861, 'Karkanrai', 7184),
(861, 'Kazha Kach', 7185),
(861, 'Kazhikai Iral Khel', 7186),
(861, 'Khon Khella Shinkai', 7187),
(861, 'Kitali Faridai', 7188),
(861, 'Kot Kai', 7189),
(861, 'Malkhel Raghzai', 7190),
(861, 'Mandana', 7191),
(861, 'Manzai (Shinkai)', 7192),
(861, 'Manzai Shinkai Kai Khel', 7193),
(861, 'Marki Khel Janatta', 7194),
(861, 'Mera Galishai', 7195),
(861, 'Mezhi Wam', 7196),
(861, 'Mezhi Wam Kot Kai', 7197),
(861, 'Mir Wash Khel Janatta', 7198),
(861, 'Mira Galishai Pizha', 7199),
(861, 'Mirgan Kalai Woucha Khouara', 7200),
(861, 'Murghi Band', 7201),
(861, 'Mushai', 7202),
(861, 'Novi Kach', 7203),
(861, 'Partigai Hidarai', 7204),
(861, 'Poi Khel Shamirai', 7205),
(861, 'Raghzai Shinkai', 7206),
(861, 'Sararogha', 7207),
(861, 'Shabozai Galishai', 7208),
(861, 'Shakari', 7209),
(861, 'Shakha Khel', 7210),
(861, 'Shalmanzai', 7211),
(861, 'Sharawangai', 7212),
(861, 'Sharif Khel Wajamin Kot', 7213),
(861, 'Shawa Badewai', 7214),
(861, 'Shawal', 7215),
(861, 'Shawal Dinga', 7216),
(861, 'Shinkai', 7217),
(861, 'Shinkai Raghzai', 7218),
(861, 'Shouzai Band Khel', 7219),
(861, 'Shouzai Shakha Khel', 7220),
(861, 'Shugai', 7221),
(861, 'Spin Mazak', 7222),
(861, 'Spinkai Raghzai', 7223),
(861, 'Suleman Shahi', 7224),
(861, 'Tabe Langer Khel', 7225),
(861, 'Tit Servek Langer Khel', 7226),
(861, 'Titkai Zhai', 7227),
(861, 'Trai Faridai', 7228),
(861, 'Trai Maresai', 7229),
(861, 'Umar Raghzai', 7230),
(861, 'Walma Faridai', 7231),
(861, 'Walma Langer Khel', 7232),
(861, 'Warza Ashangi', 7233),
(861, 'Woucha Dara Shawal', 7234),
(861, 'Woucha Khora', 7235),
(861, 'Woucha Khowara Bahadar Khel', 7236),
(861, 'Zeri Wam', 7237),
(862, 'Babarkai Wam Sina Tizha Bader', 7238),
(862, 'Badar Zawar', 7239),
(862, 'Darakai', 7240),
(862, 'Gardakai Raghzai', 7241),
(862, 'Gazh Ganrai A.R.Khel', 7242),
(862, 'Jalal Khan Kot Barwand', 7243),
(862, 'Maula Khan Sarai', 7244),
(862, 'Mishta Nazar Khel', 7245),
(862, 'Nekam Khan Kot Barwand', 7246),
(862, 'Sareena Jalal Khel', 7247),
(862, 'Village Tangi Nazar Khel Mishta', 7248),
(862, 'Alimai', 7249),
(862, 'Ame Zawar', 7250),
(862, 'Bader Zawar', 7251),
(862, 'Barwand', 7252),
(862, 'Chagmalai', 7253),
(862, 'Chalweshti Mano Chalai', 7254),
(862, 'Chargulai', 7255),
(862, 'Charkhunai Jalal Khel', 7256),
(862, 'China Zawar', 7257),
(862, 'Dand Raghzai', 7258),
(862, 'Dargai Nano Khel', 7259),
(862, 'Deeba', 7260),
(862, 'Dir Jaterai', 7261),
(862, 'Fazal China Serwekai', 7262),
(862, 'Ganderai', 7263),
(862, 'Gazhganrai', 7264),
(862, 'Ghurghurai', 7265),
(862, 'Ghurlama', 7266),
(862, 'Haider Kach', 7267),
(862, 'Haider Kach Shahoor', 7268),
(862, 'Halal Algade', 7269),
(862, 'Izha Kachkai', 7270),
(862, 'Jamat Pall', 7271),
(862, 'Kalam Kot Kot Kai', 7272),
(862, 'Khal Khel Zhawar', 7273),
(862, 'Khozha Mir Kot Nazar Khel', 7274),
(862, 'Lakarai Tangarai', 7275),
(862, 'Laswandi', 7276),
(862, 'Madi Jan', 7277),
(862, 'Madina More', 7278),
(862, 'Mantoi', 7279),
(862, 'Manzai Kalai Upper Siplatoi', 7280),
(862, 'Mishta Murdar Algade', 7281),
(862, 'Mishta Nazar Khel', 7282),
(862, 'Mishta Tangi', 7283),
(862, 'Nanak Raghzai', 7284),
(862, 'Nano', 7285),
(862, 'Narai Kach Chagmalai', 7286),
(862, 'Nazar Khel Bospa', 7287),
(862, 'Nazar Khel Tangarai', 7288),
(862, 'New Raghzai', 7289),
(862, 'New Raghzai Barwand', 7290),
(862, 'Old Serwekai', 7291),
(862, 'Pakai', 7292),
(862, 'Punga Nazar Khel', 7293),
(862, 'Reshawrai', 7294),
(862, 'Sarella', 7295),
(862, 'Shahoor', 7296),
(862, 'Shamkai', 7297),
(862, 'Shawal', 7298),
(862, 'Shawal Razin', 7299),
(862, 'Shin Wam Jalal Khel', 7300),
(862, 'Shin Warsak Old Sarwekai', 7301),
(862, 'Sina Tizha', 7302),
(862, 'Siplatoi', 7303),
(862, 'Slami Khel Tangi', 7304),
(862, 'Spinkai', 7305),
(862, 'Taghikai', 7306),
(862, 'Tangarai Nazar Khel', 7307),
(862, 'Tangi Malakdinai Slemi Khel', 7308),
(862, 'Teroon China', 7309),
(862, 'Toor Raghzai', 7310),
(862, 'Upper Kanigurram', 7311),
(862, 'Kazha Kot Kai', 7312),
(862, 'Wospane Raghzai Barwand', 7313),
(875, 'Khonei Khel Shaki', 7314),
(875, 'Landi Noor Khojal Khel Shaki', 7315),
(875, 'Miami Shaki', 7316),
(875, 'Mughal Khel Shaki', 7317),
(875, 'Pira Khel Shaki', 7318),
(875, 'Potei Khel Shaki', 7319),
(875, 'Sada Khel Kot Shaki', 7320),
(875, 'Sanga Khojal Khel Shaki', 7321),
(875, 'Sangtoi Miami Shaki', 7322),
(875, 'Shaki', 7323),
(875, 'Shaki Jahangir Kot', 7324),
(875, 'Shodiakai Mantoi', 7325),
(875, 'Shodiakai Shaki', 7326),
(875, 'Sperkai Shaki', 7327),
(875, 'Ada Punga', 7328),
(875, 'Central Bazar Shaki', 7329),
(875, 'Dangai Shodia Kai Shaki', 7330),
(875, 'Landi Noor Khojal Khel', 7331),
(875, 'Landi Noor Shaki', 7332),
(875, 'New Kot Shaki', 7333),
(875, 'Ojai Shaki', 7334),
(875, 'Pira Khel Shaki', 7335),
(875, 'Sanga Shaki', 7336),
(875, 'Sangtoi Shaki Kabal Khel', 7337),
(875, 'Shaki', 7338),
(875, 'Wozie Potie Khel Shaki', 7339),
(875, 'Zahoor Kot Shaki', 7340),
(961, 'Baskai Barwand', 7341),
(961, 'Dir Jaterai Matin Kot', 7342),
(961, 'Jalander Kalai Dir Jaterai', 7343),
(961, 'Mantoi', 7344),
(961, 'Said Umar Kot Tehsil Tiarza', 7345),
(961, 'Tangi Pare Khel', 7346),
(961, 'Abass Khel Tangi', 7347),
(961, 'Ahmad Gul Kalai', 7348),
(961, 'Ahmad Gul Kalai Khaisora', 7349),
(961, 'Astar Machi Khel Khaisora', 7350),
(961, 'Bader Giga Khel', 7351),
(961, 'Bader Kikarai', 7352),
(961, 'Bader Nekzan Khel', 7353),
(961, 'Bader Painda Khel', 7354),
(961, 'Bader Sharkai', 7355),
(961, 'Dargai Nano Khel', 7356),
(961, 'Faqir Kalai Khaisora', 7357),
(961, 'Gurgura Dani Khel', 7358),
(961, 'Gurgurai Mamit Khel', 7359),
(961, 'Khaisora Star Kalai', 7360),
(961, 'Khaisora Star Kalai Alam Khon Khel', 7361),
(961, 'Khar Pul', 7362),
(961, 'Lalazai', 7363),
(961, 'Maisara', 7364),
(961, 'Mantoi', 7365),
(961, 'Manzara Kundi Wam', 7366),
(961, 'Nazari Nar Barwand', 7367),
(961, 'Oss Pass', 7368),
(961, 'Sanzala', 7369),
(961, 'Sperawanai Bader Giga Khel', 7370),
(961, 'Tangi Pare Khel', 7371),
(961, 'Toor Wam Khaisora', 7372),
(961, 'Upper Sholam Nano Khel', 7373),
(961, 'Bader Kikarai', 7374),
(961, 'Warza Khaisora', 7375),
(968, 'Anwar Khan Kot Toi Khullah', 7376),
(968, 'Dottani Toi Khullah', 7377),
(968, 'Gul Kach', 7378),
(968, 'Gul Kach Jalal Khel', 7379),
(968, 'Gul Kach Toi Khullah', 7380),
(968, 'Kabal Khan Kot Gul Kach', 7381),
(968, 'Momin Kot Dinar Khel Gul Kach', 7382),
(968, 'Mula Qadir Kot Toi Khullah', 7383),
(968, 'Musa Khan Kot Toi Khullah', 7384),
(968, 'Pandiwal Kot Toi Khullah', 7385),
(968, 'Spin Tangi Toi Khullah', 7386),
(968, 'Toi Khullah', 7387),
(968, 'Toi Khullah Ghulam Kot', 7388),
(968, 'Village Gul Kach Jalal Khel', 7389),
(968, 'Warokai Kot Gul Kach', 7390),
(968, 'Zarmillan', 7391),
(968, 'Zarmillan Chahano Ghundai', 7392),
(968, 'Zarmillan Toi Khullah', 7393),
(968, 'Bargharai Toi Khullah', 7394),
(968, 'Dinar Khel', 7395),
(968, 'Gul Kach', 7396),
(968, 'Gul Kach Jalal Khel', 7397),
(968, 'Gul Kach Said Khan Kot', 7398),
(968, 'Khan Kot', 7399),
(968, 'Kharakai Ghundai', 7400),
(968, 'Kot Kai Kalai Toi Khullah', 7401),
(968, 'Kot Kai Toi Khullah', 7402),
(968, 'Sply Poran', 7403),
(968, 'Sply Poran Toi Khullah', 7404),
(968, 'Tehsil Kalai Toi Khullah', 7405),
(968, 'Warghar Dinar Khel', 7406),
(968, 'Zarif Kot Gul Kach', 7407),
(968, 'Zarmillan', 7408),
(968, 'Zarmillan Kashmir Kot', 7409),
(1081, 'Alyum Wana', 7410),
(1081, 'Dab Kot', 7411),
(1081, 'Dab Kot Kariz', 7412),
(1081, 'Doag', 7413),
(1081, 'Ghawa Khawa', 7414),
(1081, 'Sarki Khel Kot Wana', 7415),
(1081, 'Shin Warsak', 7416),
(1081, 'Woucha Khura', 7417),
(1081, 'Alyum Ashraf Khel', 7418),
(1081, 'Babar Ghundai Spin', 7419),
(1081, 'Bezan Khel Mughal Khel', 7420),
(1081, 'Dab Kot', 7421),
(1081, 'Daza Ghondai', 7422),
(1081, 'Doag', 7423),
(1081, 'Gangi Khel Kariz', 7424),
(1081, 'Ghani Khel Tanai', 7425),
(1081, 'Ghawa Khawa', 7426),
(1081, 'Hindi Kach', 7427),
(1081, 'Ibri Kalai', 7428),
(1081, 'Inzar Woucha Khora', 7429),
(1081, 'Juni Mela', 7430),
(1081, 'Kabir Khel Zeri Noor', 7431),
(1081, 'Kalotai', 7432),
(1081, 'Karab Kot', 7433),
(1081, 'Kari Kot', 7434),
(1081, 'Kuet Tanai', 7435),
(1081, 'Laman Ghawa Khawa', 7436),
(1081, 'Lower Camp Wana', 7437),
(1081, 'Mechan Baba', 7438),
(1081, 'Mughal Khel', 7439),
(1081, 'Muslim Kach Wana', 7440),
(1081, 'Nizi Narai New Zeri Noor', 7441),
(1081, 'Sarki Khel', 7442),
(1081, 'See Kach', 7443),
(1081, 'Shah Wala Ghalma', 7444),
(1081, 'Shin Warsak', 7445),
(1081, 'Shin Warsak Dazha Ghundai', 7446),
(1081, 'Shin Warsak Khan Zada Kot', 7447),
(1081, 'Spin', 7448),
(1081, 'Spin Nazar Jan Kot', 7449),
(1081, 'Spin Raghzai Tanai', 7450),
(1081, 'Talabani', 7451),
(1081, 'Tanai', 7452),
(1081, 'Taran', 7453),
(1081, 'Tatti Dottani', 7454),
(1081, 'Tatti Hazrab', 7455),
(1081, 'Toran', 7456),
(1081, 'Wana Town', 7457),
(1081, 'Zerai Spin', 7458),
(1081, 'Zeri Noor', 7459),
(424, 'Aba Khel', 7460),
(424, 'Abdul Aziz Koroona', 7461),
(424, 'Ajab Khan Koroona', 7462),
(424, 'Allah Dad Kawa', 7463),
(424, 'Amal Khan Koroona', 7464),
(424, 'Asal Mir Koroona', 7465),
(424, 'Babar Mala Khel', 7466),
(424, 'Babar Mala Khel Ping', 7467),
(424, 'Baghul Jadeed', 7468),
(424, 'Bakhta Mir koroona', 7469),
(424, 'Bangi Khan', 7470),
(424, 'Bazid Khel', 7471),
(424, 'Bazzai Saraghar', 7472),
(424, 'Dabak Kalai', 7473),
(424, 'Dada Taka', 7474),
(424, 'Daulat Khan Koroona', 7475),
(424, 'Deewana Baba', 7476),
(424, 'Faqir Kalai', 7477),
(424, 'Faqir Mela', 7478),
(424, 'Farmanullah Kor; Babar Mala Khel Ping', 7479),
(424, 'Farooq koroona', 7480),
(424, 'Gabar Ali Khel', 7481),
(424, 'Gabar Ali Khel No.2', 7482),
(424, 'Ghazi Khan Koroona', 7483),
(424, 'Ghazi Marjan Kor', 7484),
(424, 'Ghulam Sakhi Koroona', 7485),
(424, 'Ghundi Sheikhan', 7486),
(424, 'Girni', 7487),
(424, 'Gul Marjan Koroona', 7488),
(424, 'Gulab Khan Koroona', 7489),
(424, 'Guli Jan Koroona', 7490),
(424, 'Hafiz Rehmatullah Koroona', 7491),
(424, 'Haibat Khan Koroona', 7492),
(424, 'Hayat Khan Koroona', 7493),
(424, 'Hukam Khan Koroona', 7494),
(424, 'Ikramullah Koroona', 7495),
(424, 'Issori Kalai, Ping', 7496),
(424, 'Jadeed Abad', 7497),
(424, 'Jan Gul Koroona', 7498),
(424, 'Jandola', 7499),
(424, 'Kabal Khan Mela', 7500),
(424, 'Karam Bobai', 7501),
(424, 'Khaisarai', 7502),
(424, 'Khalay Khan Kor', 7503),
(424, 'Khecha', 7504),
(424, 'Khidmat Khan Koroona', 7505),
(424, 'Khirgi', 7506),
(424, 'Kir Rai', 7507),
(424, 'Kirriwam', 7508),
(424, 'Kotka Hassan Khel', 7509),
(424, 'Laghar Mela', 7510),
(424, 'Mangleen Ali Khel', 7511),
(424, 'Manzai', 7512),
(424, 'Mir Azam Koroona', 7513),
(424, 'Molana Abad', 7514),
(424, 'Nawa Kalai', 7515),
(424, 'Nezam Khan Koroona', 7516),
(424, 'Niamat Khel Jadeed', 7517),
(424, 'Ping', 7518),
(424, 'Pir Tangi', 7519),
(424, 'Qismat Khan Koroona', 7520),
(424, 'Sadi Khel', 7521),
(424, 'Said Amin Koroona, Sobati Kach', 7522),
(424, 'Sakhi Dar koroona', 7523),
(424, 'Sakhi Marjan Koroona', 7524),
(424, 'Sara Ghar (Yar Khan)', 7525),
(424, 'Sara Kata Gram', 7526),
(424, 'Saraghar', 7527),
(424, 'Saraghar Kanda', 7528),
(424, 'Saraghar Khecha', 7529),
(424, 'Saraghar Tariza', 7530),
(424, 'Saraghar Yar Khan Kor', 7531),
(424, 'Shaista Jan Koroona, Mangleen Ali Khel', 7532),
(424, 'Sheikha Bat Koroona', 7533),
(424, 'Shin Kach', 7534),
(424, 'Shuza', 7535),
(424, 'Sillah Khan', 7536),
(424, 'Sobati Kach', 7537),
(424, 'Surat Khan Koroona Dabak', 7538),
(424, 'Taib Khan Koroona', 7539),
(424, 'Taimur shah Koroona', 7540),
(424, 'Umar Khel', 7541),
(424, 'Umar Khel, Jandola', 7542),
(424, 'Usmanullah Kor', 7543),
(424, 'Ayub Khan Kor', 7544),
(424, 'Gabar Ali Khel', 7545),
(424, 'Mir Azam', 7546),
(424, 'Pewa Sar', 7547),
(424, 'Warhoor', 7548),
(424, 'Warookai Khaisarai', 7549),
(424, 'Zar Kali Shah Koroona', 7550),
(424, 'Zhaley Gul Koroona', 7551);

-- --------------------------------------------------------

--
-- Table structure for table `vec_models`
--

CREATE TABLE `vec_models` (
  `id` int(10) UNSIGNED NOT NULL,
  `meeting_place` varchar(255) COLLATE utf8mb4_unicode_ci DEFAULT NULL,
  `meeting_date` datetime DEFAULT NULL,
  `meeting` varchar(255) COLLATE utf8mb4_unicode_ci DEFAULT NULL,
  `agenda` varchar(255) COLLATE utf8mb4_unicode_ci DEFAULT NULL,
  `proceeding` varchar(255) COLLATE utf8mb4_unicode_ci DEFAULT NULL,
  `absent_member` int(11) DEFAULT NULL,
  `present_member` int(11) DEFAULT NULL,
  `att_sheet_image` varchar(255) COLLATE utf8mb4_unicode_ci DEFAULT NULL,
  `group_image` varchar(255) COLLATE utf8mb4_unicode_ci DEFAULT NULL,
  `created_at` timestamp NULL DEFAULT NULL,
  `updated_at` timestamp NULL DEFAULT NULL
) ENGINE=InnoDB DEFAULT CHARSET=utf8mb4 COLLATE=utf8mb4_unicode_ci;

-- --------------------------------------------------------

--
-- Table structure for table `visitors`
--

CREATE TABLE `visitors` (
  `id` int(10) UNSIGNED NOT NULL,
  `name` varchar(255) COLLATE utf8mb4_unicode_ci DEFAULT NULL,
  `visit_date` datetime DEFAULT NULL,
  `designation` varchar(255) COLLATE utf8mb4_unicode_ci DEFAULT NULL,
  `organization` varchar(255) COLLATE utf8mb4_unicode_ci DEFAULT NULL,
  `contact_number` varchar(255) COLLATE utf8mb4_unicode_ci DEFAULT NULL,
  `purpose_of_visit` varchar(255) COLLATE utf8mb4_unicode_ci DEFAULT NULL,
  `remark` varchar(255) COLLATE utf8mb4_unicode_ci DEFAULT NULL,
  `created_at` timestamp NULL DEFAULT NULL,
  `updated_at` timestamp NULL DEFAULT NULL
) ENGINE=InnoDB DEFAULT CHARSET=utf8mb4 COLLATE=utf8mb4_unicode_ci;

--
-- Indexes for dumped tables
--

--
-- Indexes for table `afghans`
--
ALTER TABLE `afghans`
  ADD PRIMARY KEY (`id`);

--
-- Indexes for table `assesments`
--
ALTER TABLE `assesments`
  ADD PRIMARY KEY (`id`);

--
-- Indexes for table `blood_groups`
--
ALTER TABLE `blood_groups`
  ADD PRIMARY KEY (`id`);

--
-- Indexes for table `class_subjects`
--
ALTER TABLE `class_subjects`
  ADD PRIMARY KEY (`id`);

--
-- Indexes for table `contact_forms`
--
ALTER TABLE `contact_forms`
  ADD PRIMARY KEY (`id`);

--
-- Indexes for table `countries`
--
ALTER TABLE `countries`
  ADD PRIMARY KEY (`id`);

--
-- Indexes for table `designations`
--
ALTER TABLE `designations`
  ADD PRIMARY KEY (`id`);

--
-- Indexes for table `districts`
--
ALTER TABLE `districts`
  ADD PRIMARY KEY (`id`);

--
-- Indexes for table `dmo_models`
--
ALTER TABLE `dmo_models`
  ADD PRIMARY KEY (`id`),
  ADD UNIQUE KEY `dmo_models_email_unique` (`email`);

--
-- Indexes for table `enrollments`
--
ALTER TABLE `enrollments`
  ADD PRIMARY KEY (`id`);

--
-- Indexes for table `enrollment_summary_metas`
--
ALTER TABLE `enrollment_summary_metas`
  ADD PRIMARY KEY (`id`);

--
-- Indexes for table `esef_contactus`
--
ALTER TABLE `esef_contactus`
  ADD PRIMARY KEY (`AutoId`);

--
-- Indexes for table `esef_lookup_school_class`
--
ALTER TABLE `esef_lookup_school_class`
  ADD PRIMARY KEY (`ClassID`);

--
-- Indexes for table `examinations`
--
ALTER TABLE `examinations`
  ADD PRIMARY KEY (`id`);

--
-- Indexes for table `exam_types`
--
ALTER TABLE `exam_types`
  ADD PRIMARY KEY (`id`);

--
-- Indexes for table `expenses`
--
ALTER TABLE `expenses`
  ADD PRIMARY KEY (`id`);

--
-- Indexes for table `expense_categories`
--
ALTER TABLE `expense_categories`
  ADD PRIMARY KEY (`id`);

--
-- Indexes for table `facilities`
--
ALTER TABLE `facilities`
  ADD PRIMARY KEY (`id`);

--
-- Indexes for table `failed_jobs`
--
ALTER TABLE `failed_jobs`
  ADD PRIMARY KEY (`id`),
  ADD UNIQUE KEY `failed_jobs_uuid_unique` (`uuid`);

--
-- Indexes for table `fees`
--
ALTER TABLE `fees`
  ADD PRIMARY KEY (`id`);

--
-- Indexes for table `fee_categories`
--
ALTER TABLE `fee_categories`
  ADD PRIMARY KEY (`id`);

--
-- Indexes for table `fee_collects`
--
ALTER TABLE `fee_collects`
  ADD PRIMARY KEY (`id`);

--
-- Indexes for table `fee_histories`
--
ALTER TABLE `fee_histories`
  ADD PRIMARY KEY (`id`),
  ADD KEY `fee_histories_fee_collect_id_index` (`fee_collect_id`);

--
-- Indexes for table `fee_installments`
--
ALTER TABLE `fee_installments`
  ADD PRIMARY KEY (`id`);

--
-- Indexes for table `fee_structures`
--
ALTER TABLE `fee_structures`
  ADD PRIMARY KEY (`id`),
  ADD KEY `fee_structures_session_id_index` (`session_id`),
  ADD KEY `fee_structures_class_id_index` (`class_id`);

--
-- Indexes for table `fee_tarrifs`
--
ALTER TABLE `fee_tarrifs`
  ADD PRIMARY KEY (`id`),
  ADD KEY `fee_tarrifs_class_section_session_id_index` (`class_section_session_id`);

--
-- Indexes for table `free_classes`
--
ALTER TABLE `free_classes`
  ADD PRIMARY KEY (`id`);

--
-- Indexes for table `grades`
--
ALTER TABLE `grades`
  ADD PRIMARY KEY (`id`);

--
-- Indexes for table `healths`
--
ALTER TABLE `healths`
  ADD PRIMARY KEY (`id`);

--
-- Indexes for table `levels`
--
ALTER TABLE `levels`
  ADD PRIMARY KEY (`id`);

--
-- Indexes for table `migrations`
--
ALTER TABLE `migrations`
  ADD PRIMARY KEY (`id`);

--
-- Indexes for table `modules`
--
ALTER TABLE `modules`
  ADD PRIMARY KEY (`id`);

--
-- Indexes for table `nas`
--
ALTER TABLE `nas`
  ADD PRIMARY KEY (`id`);

--
-- Indexes for table `nearest_institutions`
--
ALTER TABLE `nearest_institutions`
  ADD PRIMARY KEY (`id`);

--
-- Indexes for table `occupations`
--
ALTER TABLE `occupations`
  ADD PRIMARY KEY (`id`);

--
-- Indexes for table `password_resets`
--
ALTER TABLE `password_resets`
  ADD KEY `password_resets_email_index` (`email`);

--
-- Indexes for table `permissions`
--
ALTER TABLE `permissions`
  ADD PRIMARY KEY (`id`);

--
-- Indexes for table `personal_access_tokens`
--
ALTER TABLE `personal_access_tokens`
  ADD PRIMARY KEY (`id`),
  ADD UNIQUE KEY `personal_access_tokens_token_unique` (`token`),
  ADD KEY `personal_access_tokens_tokenable_type_tokenable_id_index` (`tokenable_type`,`tokenable_id`);

--
-- Indexes for table `pks`
--
ALTER TABLE `pks`
  ADD PRIMARY KEY (`id`);

--
-- Indexes for table `professional_infos`
--
ALTER TABLE `professional_infos`
  ADD PRIMARY KEY (`id`);

--
-- Indexes for table `provinces`
--
ALTER TABLE `provinces`
  ADD PRIMARY KEY (`id`);

--
-- Indexes for table `religions`
--
ALTER TABLE `religions`
  ADD PRIMARY KEY (`id`);

--
-- Indexes for table `roles`
--
ALTER TABLE `roles`
  ADD PRIMARY KEY (`id`);

--
-- Indexes for table `salaries`
--
ALTER TABLE `salaries`
  ADD PRIMARY KEY (`id`),
  ADD KEY `salaries_staff_id_index` (`staff_id`);

--
-- Indexes for table `schools`
--
ALTER TABLE `schools`
  ADD PRIMARY KEY (`id`);

--
-- Indexes for table `sections`
--
ALTER TABLE `sections`
  ADD PRIMARY KEY (`id`);

--
-- Indexes for table `sessions`
--
ALTER TABLE `sessions`
  ADD PRIMARY KEY (`id`);

--
-- Indexes for table `staff`
--
ALTER TABLE `staff`
  ADD PRIMARY KEY (`id`);

--
-- Indexes for table `staff_attendances`
--
ALTER TABLE `staff_attendances`
  ADD PRIMARY KEY (`id`),
  ADD KEY `staff_attendances_staff_id_index` (`staff_id`);

--
-- Indexes for table `staff_details`
--
ALTER TABLE `staff_details`
  ADD PRIMARY KEY (`id`);

--
-- Indexes for table `students`
--
ALTER TABLE `students`
  ADD PRIMARY KEY (`id`);

--
-- Indexes for table `student_attendances`
--
ALTER TABLE `student_attendances`
  ADD PRIMARY KEY (`id`),
  ADD KEY `student_attendances_session_id_index` (`session_id`),
  ADD KEY `student_attendances_class_id_index` (`class_id`),
  ADD KEY `student_attendances_student_id_index` (`student_id`);

--
-- Indexes for table `student_classes`
--
ALTER TABLE `student_classes`
  ADD PRIMARY KEY (`id`);

--
-- Indexes for table `student_details`
--
ALTER TABLE `student_details`
  ADD PRIMARY KEY (`id`),
  ADD KEY `student_details_student_id_foreign` (`student_id`);

--
-- Indexes for table `student_fees`
--
ALTER TABLE `student_fees`
  ADD PRIMARY KEY (`id`),
  ADD KEY `student_fees_session_id_index` (`session_id`),
  ADD KEY `student_fees_class_id_index` (`class_id`);

--
-- Indexes for table `s_levels`
--
ALTER TABLE `s_levels`
  ADD PRIMARY KEY (`id`);

--
-- Indexes for table `tehsils`
--
ALTER TABLE `tehsils`
  ADD PRIMARY KEY (`id`);

--
-- Indexes for table `transports`
--
ALTER TABLE `transports`
  ADD PRIMARY KEY (`id`);

--
-- Indexes for table `ucs`
--
ALTER TABLE `ucs`
  ADD PRIMARY KEY (`id`);

--
-- Indexes for table `users`
--
ALTER TABLE `users`
  ADD PRIMARY KEY (`id`),
  ADD UNIQUE KEY `users_email_unique` (`email`);

--
-- Indexes for table `vcs`
--
ALTER TABLE `vcs`
  ADD PRIMARY KEY (`id`);

--
-- Indexes for table `vec_models`
--
ALTER TABLE `vec_models`
  ADD PRIMARY KEY (`id`);

--
-- Indexes for table `visitors`
--
ALTER TABLE `visitors`
  ADD PRIMARY KEY (`id`);

--
-- AUTO_INCREMENT for dumped tables
--

--
-- AUTO_INCREMENT for table `afghans`
--
ALTER TABLE `afghans`
  MODIFY `id` int(10) UNSIGNED NOT NULL AUTO_INCREMENT, AUTO_INCREMENT=3;

--
-- AUTO_INCREMENT for table `assesments`
--
ALTER TABLE `assesments`
  MODIFY `id` int(10) UNSIGNED NOT NULL AUTO_INCREMENT;

--
-- AUTO_INCREMENT for table `blood_groups`
--
ALTER TABLE `blood_groups`
  MODIFY `id` int(10) UNSIGNED NOT NULL AUTO_INCREMENT, AUTO_INCREMENT=2;

--
-- AUTO_INCREMENT for table `class_subjects`
--
ALTER TABLE `class_subjects`
  MODIFY `id` bigint(20) UNSIGNED NOT NULL AUTO_INCREMENT;

--
-- AUTO_INCREMENT for table `contact_forms`
--
ALTER TABLE `contact_forms`
  MODIFY `id` int(10) UNSIGNED NOT NULL AUTO_INCREMENT, AUTO_INCREMENT=5;

--
-- AUTO_INCREMENT for table `countries`
--
ALTER TABLE `countries`
  MODIFY `id` int(10) UNSIGNED NOT NULL AUTO_INCREMENT, AUTO_INCREMENT=3;

--
-- AUTO_INCREMENT for table `designations`
--
ALTER TABLE `designations`
  MODIFY `id` int(10) UNSIGNED NOT NULL AUTO_INCREMENT;

--
-- AUTO_INCREMENT for table `districts`
--
ALTER TABLE `districts`
  MODIFY `id` int(2) NOT NULL AUTO_INCREMENT, AUTO_INCREMENT=42;

--
-- AUTO_INCREMENT for table `dmo_models`
--
ALTER TABLE `dmo_models`
  MODIFY `id` int(10) UNSIGNED NOT NULL AUTO_INCREMENT;

--
-- AUTO_INCREMENT for table `enrollments`
--
ALTER TABLE `enrollments`
  MODIFY `id` int(10) UNSIGNED NOT NULL AUTO_INCREMENT, AUTO_INCREMENT=5;

--
-- AUTO_INCREMENT for table `enrollment_summary_metas`
--
ALTER TABLE `enrollment_summary_metas`
  MODIFY `id` int(10) UNSIGNED NOT NULL AUTO_INCREMENT, AUTO_INCREMENT=2;

--
-- AUTO_INCREMENT for table `esef_contactus`
--
ALTER TABLE `esef_contactus`
  MODIFY `AutoId` int(11) NOT NULL AUTO_INCREMENT, AUTO_INCREMENT=93;

--
-- AUTO_INCREMENT for table `esef_lookup_school_class`
--
ALTER TABLE `esef_lookup_school_class`
  MODIFY `ClassID` int(11) NOT NULL AUTO_INCREMENT, AUTO_INCREMENT=16;

--
-- AUTO_INCREMENT for table `examinations`
--
ALTER TABLE `examinations`
  MODIFY `id` int(10) UNSIGNED NOT NULL AUTO_INCREMENT;

--
-- AUTO_INCREMENT for table `exam_types`
--
ALTER TABLE `exam_types`
  MODIFY `id` int(10) UNSIGNED NOT NULL AUTO_INCREMENT;

--
-- AUTO_INCREMENT for table `expenses`
--
ALTER TABLE `expenses`
  MODIFY `id` int(10) UNSIGNED NOT NULL AUTO_INCREMENT;

--
-- AUTO_INCREMENT for table `expense_categories`
--
ALTER TABLE `expense_categories`
  MODIFY `id` int(10) UNSIGNED NOT NULL AUTO_INCREMENT;

--
-- AUTO_INCREMENT for table `facilities`
--
ALTER TABLE `facilities`
  MODIFY `id` int(10) UNSIGNED NOT NULL AUTO_INCREMENT, AUTO_INCREMENT=7;

--
-- AUTO_INCREMENT for table `failed_jobs`
--
ALTER TABLE `failed_jobs`
  MODIFY `id` bigint(20) UNSIGNED NOT NULL AUTO_INCREMENT;

--
-- AUTO_INCREMENT for table `fees`
--
ALTER TABLE `fees`
  MODIFY `id` int(10) UNSIGNED NOT NULL AUTO_INCREMENT, AUTO_INCREMENT=2;

--
-- AUTO_INCREMENT for table `fee_categories`
--
ALTER TABLE `fee_categories`
  MODIFY `id` int(10) UNSIGNED NOT NULL AUTO_INCREMENT, AUTO_INCREMENT=2;

--
-- AUTO_INCREMENT for table `fee_collects`
--
ALTER TABLE `fee_collects`
  MODIFY `id` int(10) UNSIGNED NOT NULL AUTO_INCREMENT;

--
-- AUTO_INCREMENT for table `fee_histories`
--
ALTER TABLE `fee_histories`
  MODIFY `id` int(10) UNSIGNED NOT NULL AUTO_INCREMENT;

--
-- AUTO_INCREMENT for table `fee_installments`
--
ALTER TABLE `fee_installments`
  MODIFY `id` int(10) UNSIGNED NOT NULL AUTO_INCREMENT, AUTO_INCREMENT=2;

--
-- AUTO_INCREMENT for table `fee_structures`
--
ALTER TABLE `fee_structures`
  MODIFY `id` int(10) UNSIGNED NOT NULL AUTO_INCREMENT, AUTO_INCREMENT=7;

--
-- AUTO_INCREMENT for table `fee_tarrifs`
--
ALTER TABLE `fee_tarrifs`
  MODIFY `id` int(10) UNSIGNED NOT NULL AUTO_INCREMENT;

--
-- AUTO_INCREMENT for table `free_classes`
--
ALTER TABLE `free_classes`
  MODIFY `id` int(11) NOT NULL AUTO_INCREMENT, AUTO_INCREMENT=16;

--
-- AUTO_INCREMENT for table `grades`
--
ALTER TABLE `grades`
  MODIFY `id` int(10) UNSIGNED NOT NULL AUTO_INCREMENT;

--
-- AUTO_INCREMENT for table `healths`
--
ALTER TABLE `healths`
  MODIFY `id` int(10) UNSIGNED NOT NULL AUTO_INCREMENT, AUTO_INCREMENT=3;

--
-- AUTO_INCREMENT for table `levels`
--
ALTER TABLE `levels`
  MODIFY `id` int(10) UNSIGNED NOT NULL AUTO_INCREMENT;

--
-- AUTO_INCREMENT for table `migrations`
--
ALTER TABLE `migrations`
  MODIFY `id` int(10) UNSIGNED NOT NULL AUTO_INCREMENT, AUTO_INCREMENT=75;

--
-- AUTO_INCREMENT for table `modules`
--
ALTER TABLE `modules`
  MODIFY `id` int(10) UNSIGNED NOT NULL AUTO_INCREMENT;

--
-- AUTO_INCREMENT for table `nas`
--
ALTER TABLE `nas`
  MODIFY `id` int(11) NOT NULL AUTO_INCREMENT, AUTO_INCREMENT=60;

--
-- AUTO_INCREMENT for table `nearest_institutions`
--
ALTER TABLE `nearest_institutions`
  MODIFY `id` int(10) UNSIGNED NOT NULL AUTO_INCREMENT, AUTO_INCREMENT=6;

--
-- AUTO_INCREMENT for table `occupations`
--
ALTER TABLE `occupations`
  MODIFY `id` int(10) UNSIGNED NOT NULL AUTO_INCREMENT, AUTO_INCREMENT=5;

--
-- AUTO_INCREMENT for table `permissions`
--
ALTER TABLE `permissions`
  MODIFY `id` int(10) UNSIGNED NOT NULL AUTO_INCREMENT;

--
-- AUTO_INCREMENT for table `personal_access_tokens`
--
ALTER TABLE `personal_access_tokens`
  MODIFY `id` bigint(20) UNSIGNED NOT NULL AUTO_INCREMENT;

--
-- AUTO_INCREMENT for table `pks`
--
ALTER TABLE `pks`
  MODIFY `id` int(11) NOT NULL AUTO_INCREMENT, AUTO_INCREMENT=122;

--
-- AUTO_INCREMENT for table `professional_infos`
--
ALTER TABLE `professional_infos`
  MODIFY `id` int(10) UNSIGNED NOT NULL AUTO_INCREMENT, AUTO_INCREMENT=6;

--
-- AUTO_INCREMENT for table `provinces`
--
ALTER TABLE `provinces`
  MODIFY `id` int(10) UNSIGNED NOT NULL AUTO_INCREMENT;

--
-- AUTO_INCREMENT for table `religions`
--
ALTER TABLE `religions`
  MODIFY `id` int(10) UNSIGNED NOT NULL AUTO_INCREMENT;

--
-- AUTO_INCREMENT for table `roles`
--
ALTER TABLE `roles`
  MODIFY `id` int(10) UNSIGNED NOT NULL AUTO_INCREMENT;

--
-- AUTO_INCREMENT for table `salaries`
--
ALTER TABLE `salaries`
  MODIFY `id` int(10) UNSIGNED NOT NULL AUTO_INCREMENT;

--
-- AUTO_INCREMENT for table `schools`
--
ALTER TABLE `schools`
  MODIFY `id` int(10) UNSIGNED NOT NULL AUTO_INCREMENT, AUTO_INCREMENT=6;

--
-- AUTO_INCREMENT for table `sections`
--
ALTER TABLE `sections`
  MODIFY `id` int(10) UNSIGNED NOT NULL AUTO_INCREMENT, AUTO_INCREMENT=3;

--
-- AUTO_INCREMENT for table `sessions`
--
ALTER TABLE `sessions`
  MODIFY `id` int(10) UNSIGNED NOT NULL AUTO_INCREMENT, AUTO_INCREMENT=2;

--
-- AUTO_INCREMENT for table `staff`
--
ALTER TABLE `staff`
  MODIFY `id` int(10) UNSIGNED NOT NULL AUTO_INCREMENT, AUTO_INCREMENT=13;

--
-- AUTO_INCREMENT for table `staff_attendances`
--
ALTER TABLE `staff_attendances`
  MODIFY `id` int(10) UNSIGNED NOT NULL AUTO_INCREMENT, AUTO_INCREMENT=14;

--
-- AUTO_INCREMENT for table `staff_details`
--
ALTER TABLE `staff_details`
  MODIFY `id` int(10) UNSIGNED NOT NULL AUTO_INCREMENT, AUTO_INCREMENT=6;

--
-- AUTO_INCREMENT for table `students`
--
ALTER TABLE `students`
  MODIFY `id` int(10) UNSIGNED NOT NULL AUTO_INCREMENT, AUTO_INCREMENT=20;

--
-- AUTO_INCREMENT for table `student_attendances`
--
ALTER TABLE `student_attendances`
  MODIFY `id` int(10) UNSIGNED NOT NULL AUTO_INCREMENT, AUTO_INCREMENT=37;

--
-- AUTO_INCREMENT for table `student_classes`
--
ALTER TABLE `student_classes`
  MODIFY `id` int(10) UNSIGNED NOT NULL AUTO_INCREMENT, AUTO_INCREMENT=10;

--
-- AUTO_INCREMENT for table `student_details`
--
ALTER TABLE `student_details`
  MODIFY `id` int(10) UNSIGNED NOT NULL AUTO_INCREMENT, AUTO_INCREMENT=20;

--
-- AUTO_INCREMENT for table `student_fees`
--
ALTER TABLE `student_fees`
  MODIFY `id` int(10) UNSIGNED NOT NULL AUTO_INCREMENT, AUTO_INCREMENT=49;

--
-- AUTO_INCREMENT for table `s_levels`
--
ALTER TABLE `s_levels`
  MODIFY `id` int(10) UNSIGNED NOT NULL AUTO_INCREMENT, AUTO_INCREMENT=3;

--
-- AUTO_INCREMENT for table `tehsils`
--
ALTER TABLE `tehsils`
  MODIFY `id` int(11) NOT NULL AUTO_INCREMENT, AUTO_INCREMENT=149;

--
-- AUTO_INCREMENT for table `transports`
--
ALTER TABLE `transports`
  MODIFY `id` int(10) UNSIGNED NOT NULL AUTO_INCREMENT, AUTO_INCREMENT=5;

--
-- AUTO_INCREMENT for table `ucs`
--
ALTER TABLE `ucs`
  MODIFY `id` int(11) NOT NULL AUTO_INCREMENT, AUTO_INCREMENT=1092;

--
-- AUTO_INCREMENT for table `users`
--
ALTER TABLE `users`
  MODIFY `id` int(10) UNSIGNED NOT NULL AUTO_INCREMENT, AUTO_INCREMENT=46;

--
-- AUTO_INCREMENT for table `vcs`
--
ALTER TABLE `vcs`
  MODIFY `id` int(11) NOT NULL AUTO_INCREMENT, AUTO_INCREMENT=7552;

--
-- AUTO_INCREMENT for table `vec_models`
--
ALTER TABLE `vec_models`
  MODIFY `id` int(10) UNSIGNED NOT NULL AUTO_INCREMENT;

--
-- AUTO_INCREMENT for table `visitors`
--
ALTER TABLE `visitors`
  MODIFY `id` int(10) UNSIGNED NOT NULL AUTO_INCREMENT;

--
-- Constraints for dumped tables
--

--
-- Constraints for table `student_attendances`
--
ALTER TABLE `student_attendances`
  ADD CONSTRAINT `student_attendances_student_id_foreign` FOREIGN KEY (`student_id`) REFERENCES `students` (`id`) ON DELETE CASCADE ON UPDATE CASCADE;

--
-- Constraints for table `student_details`
--
ALTER TABLE `student_details`
  ADD CONSTRAINT `student_details_student_id_foreign` FOREIGN KEY (`student_id`) REFERENCES `students` (`id`) ON DELETE CASCADE ON UPDATE CASCADE;
COMMIT;

/*!40101 SET CHARACTER_SET_CLIENT=@OLD_CHARACTER_SET_CLIENT */;
/*!40101 SET CHARACTER_SET_RESULTS=@OLD_CHARACTER_SET_RESULTS */;
/*!40101 SET COLLATION_CONNECTION=@OLD_COLLATION_CONNECTION */;
